TickCount,AgentID,Layer,AgentType,X,Y,Alive,Age,Stage,Energy,Gravid,EggCount,LarvaCount,waterVolume,Resting,RestingDuration,TimeWithoutRest,Elevation,Buildings,Population,t2m,tp,Day
300,077f937e-4008-44ba-b20a-c4fc611e60a8,Mosquitoes,LivingAgent,41.803754,9.631942,1,280,LARVA,0.818,0,0,0,0.0,0,0,50,1125.0,2.0,21.08,32.08,0.0,3.125
300,0e298202-78ee-4f35-8f14-0bb20f15979f,Mosquitoes,LivingAgent,41.870445,9.637943,1,718,PUPA,0.6,0,0,0,0.0,0,0,74,1157.0,1.0,41.34,35.09,0.0,3.125
200,20927617-9cea-4329-b11b-f914ba451670,Mosquitoes,LivingAgent,41.851239,9.651586,0,665,ADULT,0.528,0,0,0,0.0,0,0,97,1174.0,3.0,68.78,36.21,0.0,2.0833333333333335
100,53d92fdd-7547-47e6-ae3d-4f99f902da2f,Mosquitoes,LivingAgent,41.867418,9.675939,1,186,PUPA,0.686,0,0,0,0.0,0,0,0,1258.0,1.0,82.44,35.53,0.0,1.0416666666666667
100,917ed953-e0c6-41f6-a4bb-523601c9af82,Mosquitoes,LivingAgent,41.866447,9.661771,1,755,ADULT,0.757,0,0,0,0.0,1,0,0,1207.0,1.0,66.6,35.53,0.0,1.0416666666666667
100,513ac760-32b5-4002-a0e9-2378c3b3b7e5,Mosquitoes,LivingAgent,41.842567,9.640826,1,300,ADULT,0.485,0,0,0,0.0,1,3,0,1153.0,4.0,53.34,36.29,0.0,1.0416666666666667
100,68081d6f-1e5b-468b-b70d-b5a161d799a8,Mosquitoes,LivingAgent,41.852141,9.656095,1,1013,ADULT,0.762,0,0,0,0.0,1,0,0,1193.0,0.0,68.74,27.71,0.0,1.0416666666666667
200,e7c9ff98-f997-4163-8348-294253f02578,Mosquitoes,LivingAgent,41.874345,9.641511,1,1379,ADULT,0.317,0,0,0,0.0,1,2,0,1167.0,2.0,68.15,35.83,0.0,2.0833333333333335
100,43ebbd94-e688-47f2-8865-eb27f3191daa,Mosquitoes,LivingAgent,41.844404,9.640636,1,1598,ADULT,0.71,1,0,0,0.0,1,1,0,1152.0,3.0,51.68,36.29,0.0,1.0416666666666667
200,e6bf6954-788b-4b00-b852-d0d2e274ab03,Mosquitoes,LivingAgent,41.875264,9.64784,1,529,LARVA,0.722,0,0,0,0.0,0,0,0,1172.0,2.0,69.12,35.69,4.7151,2.0833333333333335
100,b5ca28ef-d892-4ad5-b1a4-d0c5c075e8aa,Mosquitoes,LivingAgent,41.869908,9.639996,1,134,PUPA,0.516,0,0,0,0.0,0,0,0,1155.0,0.0,35.68,30.87,0.0,1.0416666666666667
500,01a67ee3-d8de-44be-8f33-6a37859e9734,Mosquitoes,LivingAgent,41.850884,9.631202,1,407,LARVA,0.848,0,0,0,0.0,0,0,55,1134.0,0.0,27.08,35.93,0.0,5.208333333333333
100,1e19a2b5-dc4a-459c-a5ab-1cf3ad5323e8,Mosquitoes,LivingAgent,41.788521,9.640463,1,60,LARVA,0.671,0,0,0,0.0,0,0,0,1136.0,1.0,33.8,30.18,0.0,1.0416666666666667
300,0813bb6a-1f08-4b1e-9bd7-837a6dadbfa7,Mosquitoes,LivingAgent,41.870848,9.674419,1,656,ADULT,0.558,0,0,0,0.0,0,0,37,1266.0,1.0,78.52,34.75,0.0,3.125
300,f0cb59f0-510b-42a4-8d2d-71bcd9bb0dd9,Mosquitoes,LivingAgent,41.858423,9.657308,1,840,ADULT,0.637,0,0,0,0.0,1,3,0,1197.0,1.0,49.68,36.14,0.0,3.125
400,b8c1572e-58a5-4765-b902-47d367f28b87,Mosquitoes,LivingAgent,41.862708,9.643084,1,470,LARVA,0.793,0,0,0,0.0,0,0,0,1168.0,0.0,65.91,36.58,2.811,4.166666666666667
100,b3782bf4-7710-4cdc-bf90-b4af841e9aad,Mosquitoes,LivingAgent,41.876406,9.662017,1,1688,ADULT,0.314,0,0,0,0.0,0,0,0,1215.0,3.0,72.9,33.18,0.0,1.0416666666666667
100,dddf4a6d-e925-4d0f-aa6b-435238fd8bed,Mosquitoes,LivingAgent,42.029221,9.668862,1,1013,ADULT,0.637,0,0,0,0.0,0,0,67,1546.0,0.0,1.19,33.39,0.0,1.0416666666666667
200,42991bb0-d6a2-452e-a053-e4768bfebf67,Mosquitoes,LivingAgent,41.877073,9.594734,1,962,ADULT,0.333,0,0,0,0.0,1,0,0,1118.0,0.0,1.54,36.56,0.0,2.0833333333333335
100,bcc814c9-f368-4cce-9ef9-252057225441,Mosquitoes,LivingAgent,41.936113,9.777143,1,1222,ADULT,0.741,0,0,0,0.0,0,0,0,1958.0,0.0,2.26,36.66,0.0,1.0416666666666667
300,fb24d924-2302-46be-b156-b75c9326096b,Mosquitoes,LivingAgent,41.865156,9.660533,1,332,LARVA,0.683,0,0,0,0.0,0,0,0,1208.0,1.0,66.49,36.29,0.0,3.125
200,5585033f-077b-4223-9130-f367e535c8ec,Mosquitoes,LivingAgent,41.847379,9.655927,1,166,PUPA,0.761,0,0,0,0.0,0,0,0,1181.0,1.0,75.06,36.08,0.0,2.0833333333333335
100,8b62ab2d-bf59-4b9b-a9cd-0c50d0a07a87,Mosquitoes,LivingAgent,41.821796,9.644951,1,1869,ADULT,0.343,0,0,0,0.0,0,0,0,1168.0,0.0,59.11,31.18,0.0,1.0416666666666667
100,d1e3d866-acb0-45ae-92e0-f40c7ffbdcff,Mosquitoes,LivingAgent,41.747741,9.761419,1,1719,ADULT,0.488,0,0,0,0.0,0,0,0,1648.0,1.0,3.08,34.86,0.0,1.0416666666666667
300,ad3724b1-5dbd-49bc-aea4-008429c65ec9,Mosquitoes,LivingAgent,41.881149,9.651223,1,791,LARVA,0.797,0,0,0,0.0,0,0,0,1196.0,0.0,48.93,34.75,0.0,3.125
400,104cd832-b14d-4cc6-b999-feaad836bdee,Mosquitoes,LivingAgent,41.8483,9.658902,1,367,LARVA,0.632,0,0,0,0.0,0,0,12,1185.0,0.0,73.21,36.25,0.0,4.166666666666667
400,f1d13a3d-70e3-4c95-92ad-615e52ce5f32,Mosquitoes,LivingAgent,41.825901,9.650774,1,403,LARVA,0.672,0,0,0,0.0,0,0,0,1182.0,0.0,46.08,36.25,0.0,4.166666666666667
300,208e1b0d-dacf-4e00-8e6d-c4d0cf078ec4,Mosquitoes,LivingAgent,41.869276,9.673683,1,876,LARVA,0.879,0,0,0,0.0,0,0,67,1242.0,1.0,69.52,34.75,0.0,3.125
300,6599e6d3-2ea0-4922-8854-1844ae6af97a,Mosquitoes,LivingAgent,41.840933,9.64442,1,669,ADULT,0.695,0,0,0,0.0,0,0,8,1160.0,0.0,76.29,35.98,0.0,3.125
300,d01ac428-2d05-477d-8c46-eb05b1f0ab13,Mosquitoes,LivingAgent,41.877852,9.664757,1,221,ADULT,0.64,0,0,0,0.0,1,0,0,1222.0,1.0,66.08,33.62,0.0,3.125
300,e06db939-81d7-414a-83de-ae49fb9a1e73,Mosquitoes,LivingAgent,41.827573,9.659966,1,193,LARVA,0.871,0,0,0,0.0,0,0,0,1200.0,0.0,34.54,34.35,0.0,3.125
500,0dce2cc9-4b8b-4e4e-9e83-858e9dd0b707,Mosquitoes,LivingAgent,41.82739,9.642782,1,62,LARVA,0.638,0,0,0,0.0,0,0,46,1164.0,0.0,34.9,35.93,0.0,5.208333333333333
100,6ad4f7d4-1386-473f-b5db-91577afec5d0,Mosquitoes,LivingAgent,41.887104,9.664532,1,345,ADULT,0.464,0,0,0,0.0,0,0,0,1389.0,0.0,26.84,36.65,0.0,1.0416666666666667
100,2bb63f48-e659-4200-8cad-859b0d06a2a3,Mosquitoes,LivingAgent,41.839479,9.660909,1,1771,ADULT,0.724,0,0,0,0.0,1,1,0,1197.0,1.0,74.3,30.73,0.0,1.0416666666666667
400,999beda3-4438-420c-b20a-18ee6587235d,Mosquitoes,LivingAgent,41.863322,9.655383,1,1303,ADULT,0.766,0,0,0,0.0,0,0,82,1200.0,0.0,76.76,35.94,0.0,4.166666666666667
100,659b604a-05ba-47ca-85b3-ff0a0538d3fe,Mosquitoes,LivingAgent,41.86692,9.638606,1,269,ADULT,0.698,0,0,0,0.0,0,0,0,1153.0,0.0,35.08,34.85,5.8044,1.0416666666666667
400,3a71559c-9834-4dd6-beda-13be9a53a93a,Mosquitoes,LivingAgent,41.782249,9.63982,1,272,LARVA,0.854,0,0,0,0.0,0,0,0,1140.0,0.0,39.52,36.59,0.0,4.166666666666667
300,c5ff5628-6336-48d2-be69-ce567095ff78,Mosquitoes,LivingAgent,41.863813,9.634104,1,338,LARVA,0.702,0,0,0,0.0,0,0,11,1143.0,1.0,42.4,35.09,0.0,3.125
400,1ebb8544-edcc-4849-8f9e-82881939b3eb,Mosquitoes,LivingAgent,41.851504,9.653584,1,188,ADULT,0.511,0,0,0,0.0,0,0,0,1184.0,1.0,61.39,34.95,0.0,4.166666666666667
200,bf8efc9f-7f2b-4e8c-9126-bdd4620078ad,Mosquitoes,LivingAgent,41.750655,9.760621,1,184,PUPA,0.77,0,0,0,0.0,0,0,0,1620.0,0.0,2.46,35.46,3.6007,2.0833333333333335
500,b47fae59-d456-4f24-a192-43b3f9b8a48d,Mosquitoes,LivingAgent,41.872098,9.676975,1,426,LARVA,0.702,0,0,0,0.0,0,0,48,1272.0,1.0,71.5,36.6,0.0,5.208333333333333
100,b9229363-a742-4a55-935e-33931d5f5b21,Mosquitoes,LivingAgent,41.834917,9.645808,1,409,ADULT,0.39,0,0,0,0.0,0,0,0,1163.0,5.0,83.76,30.73,0.0,1.0416666666666667
300,989a8817-ac99-4036-85b0-4717255cbf7c,Mosquitoes,LivingAgent,41.84404,9.640737,1,161,PUPA,0.722,0,0,0,0.0,0,0,0,1155.0,1.0,52.43,36.65,0.0,3.125
300,2ccafc25-f10a-4488-9b93-70c06323b542,Mosquitoes,LivingAgent,41.856867,9.646061,1,351,LARVA,0.817,0,0,0,0.0,0,0,0,1169.0,0.0,59.16,32.34,0.0,3.125
200,79f7288e-4db5-4bcf-a511-dfde9b1e07ae,Mosquitoes,LivingAgent,41.847959,9.646578,1,620,LARVA,0.759,0,0,0,0.0,0,0,0,1178.0,2.0,76.71,35.1,0.0,2.0833333333333335
400,1443ea04-d2b5-4f80-8b4c-951fbb364339,Mosquitoes,LivingAgent,41.809784,9.650854,1,76,PUPA,0.57,0,0,0,0.0,0,0,5,1208.0,0.0,7.73,34.95,0.0,4.166666666666667
100,118634ac-8cb3-4f35-a7c6-421718b702ed,Mosquitoes,LivingAgent,41.814418,9.65032,1,795,ADULT,0.565,1,0,0,0.0,0,0,0,1184.0,2.0,25.18,33.65,0.0,1.0416666666666667
100,a6e870bd-cde8-4241-8c4f-2e1652685cb9,Mosquitoes,LivingAgent,41.877092,9.693041,1,1824,ADULT,0.502,0,0,0,0.0,1,3,0,1311.0,0.0,6.41,35.01,0.0,1.0416666666666667
100,e9dfdf47-cbfd-4d11-8598-483160c7ec3c,Mosquitoes,LivingAgent,41.870062,9.685445,1,456,ADULT,0.737,1,0,0,0.0,0,0,7,1336.0,0.0,13.94,35.01,0.0,1.0416666666666667
400,c8255f22-37f2-4b54-ab6d-c7c303c10e68,Mosquitoes,LivingAgent,41.861995,9.667854,1,774,LARVA,0.705,0,0,0,0.0,0,0,0,1223.0,0.0,78.12,35.94,0.0,4.166666666666667
200,b3b62144-217f-4f48-8acc-a631c38883eb,Mosquitoes,LivingAgent,41.867085,9.660281,1,423,ADULT,0.703,0,0,0,0.0,0,0,0,1198.0,4.0,70.79,35.18,0.0,2.0833333333333335
200,c574d67c-2d47-4d1e-b051-4c4646bfe784,Mosquitoes,LivingAgent,41.995592,9.65844,1,418,LARVA,0.891,0,0,0,0.0,0,0,0,1585.0,0.0,1.11,35.8,2.6307,2.0833333333333335
100,7b3f8295-a8c1-4172-98ab-4101b8aec50b,Mosquitoes,LivingAgent,41.832953,9.65581,1,321,LARVA,0.855,0,0,0,0.0,0,0,0,1194.0,2.0,67.26,36.13,0.0,1.0416666666666667
400,37854065-b813-4faf-9a67-d6bdccdb70d0,Mosquitoes,LivingAgent,41.861871,9.70378,1,856,LARVA,0.62,0,0,0,0.0,0,0,25,1342.0,0.0,4.58,35.96,0.0,4.166666666666667
200,be5a8e7a-f0f1-4fef-88fa-08216b76e79f,Mosquitoes,LivingAgent,41.864777,9.642215,1,1571,ADULT,0.326,0,0,0,0.0,0,0,0,1161.0,1.0,58.62,32.56,0.0,2.0833333333333335
200,184db937-c6e4-42ce-aefe-df5218ba2fb2,Mosquitoes,LivingAgent,41.788452,9.644527,1,1188,ADULT,0.721,1,0,0,0.0,1,0,0,1143.0,0.0,24.7,34.99,0.0,2.0833333333333335
100,7f368182-b5af-470f-b907-14df527256d6,Mosquitoes,LivingAgent,41.763195,9.636585,1,638,ADULT,0.606,0,0,0,0.0,0,0,13,1129.0,0.0,4.38,33.03,0.0,1.0416666666666667
300,280e3ecc-e995-4965-82d7-9bbc6acbb42b,Mosquitoes,LivingAgent,41.751115,9.763498,1,255,LARVA,0.62,0,0,0,0.0,0,0,0,1642.0,0.0,2.33,34.32,0.0,3.125
200,4164680f-927b-4c9b-ba63-549afac2e14c,Mosquitoes,LivingAgent,41.858283,9.649577,1,480,LARVA,0.814,0,0,0,0.0,0,0,12,1178.0,1.0,73.11,32.84,0.0,2.0833333333333335
100,5b074a99-fa91-49e5-a8f8-89d6f918bd32,Mosquitoes,LivingAgent,41.871245,9.612038,1,1536,ADULT,0.549,0,0,0,0.0,0,0,25,1100.0,0.0,3.73,32.44,0.0,1.0416666666666667
300,bff1dd23-511c-4476-a6fc-3564eea8eced,Mosquitoes,LivingAgent,41.866936,9.623834,1,197,PUPA,0.537,0,0,0,0.0,0,0,0,1133.0,0.0,11.95,33.95,0.0,3.125
300,46024ebe-02c5-4d96-a093-9a3eabc9b593,Mosquitoes,LivingAgent,41.863865,9.653742,1,595,ADULT,0.4,0,0,0,0.0,0,0,32,1192.0,0.0,77.88,34.75,0.0,3.125
300,7d2c81d5-63ec-4954-a6e3-ae82b63ad878,Mosquitoes,LivingAgent,41.87212,9.644917,1,224,LARVA,0.863,0,0,0,0.0,0,0,0,1163.0,0.0,73.42,35.81,0.0,3.125
100,613603e1-6ed9-4a67-9b7d-7f9809d78296,Mosquitoes,LivingAgent,41.861833,9.658681,1,112,PUPA,0.752,0,0,0,0.0,0,0,0,1204.0,1.0,72.27,33.65,0.0,1.0416666666666667
300,363f1de6-d123-49e9-a902-e87280469ad3,Mosquitoes,LivingAgent,41.874588,9.676662,1,89,ADULT,0.582,1,0,0,0.0,0,5,22,1296.0,0.0,48.31,33.62,0.0,3.125
300,41b28fd6-5313-4923-8cc4-b74fcb888e89,Mosquitoes,LivingAgent,41.854427,9.669727,1,492,LARVA,0.642,0,0,0,0.0,0,0,0,1221.0,2.0,82.12,32.34,0.0,3.125
100,0540ebe4-eb98-45b8-b3d9-a1f5c8e0da9a,Mosquitoes,LivingAgent,41.844194,9.643257,1,611,LARVA,0.701,0,0,0,0.0,0,0,0,1157.0,0.0,60.52,31.18,0.0,1.0416666666666667
100,e9cadf64-5df6-4176-b7f4-07fa02c6421a,Mosquitoes,LivingAgent,41.849366,9.668038,1,1714,ADULT,0.452,0,0,0,0.0,0,0,0,1212.0,3.0,51.48,35.41,0.0,1.0416666666666667
500,007f884f-7509-4195-86b3-abadeb30ee16,Mosquitoes,LivingAgent,41.872632,9.634511,1,909,ADULT,0.475,0,0,0,0.0,0,5,41,1148.0,0.0,33.47,36.05,2.5723,5.208333333333333
400,93fd52e6-f386-44b4-85e3-edc6417b9308,Mosquitoes,LivingAgent,41.849674,9.655661,1,1900,ADULT,0.378,0,0,0,0.0,0,0,55,1184.0,3.0,67.44,34.95,0.0,4.166666666666667
100,dff8b00b-9af7-4367-befa-27f315a88bdb,Mosquitoes,LivingAgent,41.866118,9.673137,1,104,LARVA,0.797,0,0,0,0.0,0,0,0,1235.0,3.0,62.6,35.53,0.0,1.0416666666666667
100,1225b39e-b5b1-499d-8006-ee8c69d178b6,Mosquitoes,LivingAgent,41.898215,9.713287,1,114,LARVA,0.888,0,0,0,0.0,0,0,0,1389.0,0.0,4.09,33.35,0.0,1.0416666666666667
200,789f9ffb-90e8-41c0-a771-1b39fb9de470,Mosquitoes,LivingAgent,41.840354,9.637855,1,1257,ADULT,0.672,0,0,0,0.0,0,0,0,1149.0,0.0,50.45,32.35,0.0,2.0833333333333335
300,8ad1c84b-7256-4b78-aa18-2c6cc570effb,Mosquitoes,LivingAgent,41.860581,9.675779,1,117,LARVA,0.632,0,0,0,0.0,0,0,65,1274.0,0.0,74.43,36.11,0.0,3.125
200,c4b6c86b-dd23-4202-80df-1d4f1bb02972,Mosquitoes,LivingAgent,41.846136,9.645044,1,1911,ADULT,0.473,0,0,0,0.0,0,0,0,1168.0,3.0,73.66,35.45,0.0,2.0833333333333335
100,712ff73a-5ff0-4892-add9-847a0c0b6268,Mosquitoes,LivingAgent,41.868926,9.662566,1,780,ADULT,0.485,0,0,0,0.0,0,0,87,1205.0,0.0,65.07,36.65,0.0,1.0416666666666667
200,6cecf8fe-94ec-4733-9f1f-a059d84b0fd4,Mosquitoes,LivingAgent,41.866632,9.652492,1,187,ADULT,0.532,0,0,0,0.0,0,0,0,1185.0,3.0,66.21,35.18,0.0,2.0833333333333335
100,adbbc76b-35d0-4429-927f-b124f1ad18b0,Mosquitoes,LivingAgent,41.884593,9.66014,1,183,ADULT,0.795,0,0,0,0.0,0,0,49,1225.0,0.0,48.17,34.23,0.0,1.0416666666666667
200,d99e75ad-9c6b-49c3-88e6-b3a8ca90f7b6,Mosquitoes,LivingAgent,41.824115,9.649671,1,110,PUPA,0.751,0,0,0,0.0,0,0,0,1183.0,1.0,45.96,34.65,0.0,2.0833333333333335
300,3a27a050-05ef-4ffe-b6cd-f1fa597af2e9,Mosquitoes,LivingAgent,41.784998,9.644966,1,220,PUPA,0.7,0,0,0,0.0,0,0,0,1146.0,0.0,23.38,34.11,0.0,3.125
100,d0f0f529-fd1b-4eb7-8ba5-34f157bec62c,Mosquitoes,LivingAgent,41.866495,9.686691,1,318,ADULT,0.528,0,0,0,0.0,0,0,0,1306.0,1.0,27.75,36.47,0.0,1.0416666666666667
100,f1d1538d-efdb-4271-8582-364378361edb,Mosquitoes,LivingAgent,41.860054,9.618608,1,442,ADULT,0.4,0,0,0,0.0,0,0,82,1113.0,0.0,14.64,31.18,0.0,1.0416666666666667
300,859e9af7-287b-4131-a9d7-3f43a558bad1,Mosquitoes,LivingAgent,41.848159,9.639829,1,1217,ADULT,0.383,1,0,0,0.0,0,0,0,1151.0,3.0,41.64,36.65,0.0,3.125
200,d2870175-93ff-4336-a189-17aadd15f6c1,Mosquitoes,LivingAgent,41.824001,9.659732,1,273,PUPA,0.793,0,0,0,0.0,0,0,0,1204.0,2.0,24.18,36.21,0.0,2.0833333333333335
100,dcc7cfa7-7511-4440-82b2-de1d4b3a2061,Mosquitoes,LivingAgent,41.842481,9.615837,1,399,LARVA,0.791,0,0,0,0.0,0,0,0,1104.0,0.0,5.28,36.29,0.0,1.0416666666666667
400,18eec826-a181-4023-8760-87b30585d675,Mosquitoes,LivingAgent,41.867663,9.665887,1,535,ADULT,0.52,1,0,0,0.0,0,0,0,1219.0,3.0,72.07,36.74,5.5531,4.166666666666667
300,02c5a599-b781-4100-9f3b-edb120398d45,Mosquitoes,LivingAgent,41.867359,9.647762,1,1328,ADULT,0.507,0,0,0,0.0,0,0,5,1173.0,1.0,73.32,33.62,0.0,3.125
500,c994813a-02ac-4fce-a45a-dd8a85608635,Mosquitoes,LivingAgent,41.855799,9.674614,1,335,PUPA,0.753,0,0,0,0.0,0,0,59,1230.0,1.0,68.26,35.47,0.0,5.208333333333333
100,dbc75bc6-3b2a-47ac-8113-fd6fbc154d23,Mosquitoes,LivingAgent,41.847159,9.650572,1,1688,ADULT,0.506,1,0,0,0.0,0,0,0,1185.0,0.0,83.5,35.41,0.0,1.0416666666666667
100,c4c2f5e3-770c-4ef1-ae28-acb91ef7ccc1,Mosquitoes,LivingAgent,41.87713,9.667993,1,788,ADULT,0.519,0,0,0,0.0,0,0,13,1293.0,0.0,43.97,33.18,0.0,1.0416666666666667
100,e55c9d86-3ff5-4260-b1ab-9ef25bde6489,Mosquitoes,LivingAgent,41.818586,9.649183,1,25,LARVA,0.628,0,0,0,0.0,0,0,0,1178.0,1.0,51.89,35.46,0.0,1.0416666666666667
300,6b3fd357-fd8c-4f99-b5b4-f5b7138d0932,Mosquitoes,LivingAgent,41.851289,9.666971,1,1092,ADULT,0.704,0,0,0,0.0,0,0,17,1205.0,1.0,70.09,36.14,0.0,3.125
200,f9cba269-600e-460d-878b-a8b95d80a072,Mosquitoes,LivingAgent,41.852638,9.66601,1,384,LARVA,0.606,0,0,0,0.0,0,0,0,1208.0,5.0,88.73,34.77,0.0,2.0833333333333335
200,39cc40c0-ae4b-4ed0-9f71-7e10927a45a6,Mosquitoes,LivingAgent,41.831589,9.655065,1,1711,ADULT,0.741,0,0,0,0.0,0,0,72,1187.0,1.0,61.16,34.77,0.0,2.0833333333333335
500,aa06d34c-f338-4174-8405-fa6759603a39,Mosquitoes,LivingAgent,41.834056,9.630345,1,1120,ADULT,0.622,1,0,0,0.0,0,0,79,1139.0,0.0,27.61,36.77,5.6994,5.208333333333333
100,d7a86930-0671-4b3e-ba41-2481c7660024,Mosquitoes,LivingAgent,41.849718,9.667612,1,566,LARVA,0.621,0,0,0,0.0,0,0,0,1209.0,2.0,57.05,35.46,0.0,1.0416666666666667
200,d915a30d-bf27-4a89-9548-e67e8d7262a0,Mosquitoes,LivingAgent,41.848648,9.6517,1,608,LARVA,0.763,0,0,0,0.0,0,0,0,1185.0,3.0,72.6,32.84,0.0,2.0833333333333335
500,eb21ef21-1f76-46e5-a412-44b54dc5b1e4,Mosquitoes,LivingAgent,41.875175,9.652656,1,1173,ADULT,0.538,0,0,0,0.0,0,5,95,1176.0,2.0,66.81,36.6,0.0,5.208333333333333
300,7334f280-7df1-49f1-9bdc-eafebe3d0083,Mosquitoes,LivingAgent,41.829473,9.656404,1,105,PUPA,0.569,0,0,0,0.0,0,0,0,1190.0,0.0,39.65,36.14,0.0,3.125
200,d55c5e58-2405-490b-a170-35eac6e191a5,Mosquitoes,LivingAgent,41.846616,9.651836,1,586,LARVA,0.608,0,0,0,0.0,0,0,0,1186.0,3.0,80.1,35.1,0.0,2.0833333333333335
200,defa61ce-d9e9-4f88-a3fb-0730f2cf0ba3,Mosquitoes,LivingAgent,41.824342,9.643485,1,175,PUPA,0.63,0,0,0,0.0,0,0,0,1166.0,0.0,40.59,35.82,0.0,2.0833333333333335
500,0cc819f9-a3e5-45ec-836c-dd2c6653b7eb,Mosquitoes,LivingAgent,41.893158,9.703555,1,201,LARVA,0.884,0,0,0,0.0,0,0,71,1423.0,0.0,4.73,35.51,0.0,5.208333333333333
100,a78302c7-d700-4a76-b0d0-e72f77e0ab0e,Mosquitoes,LivingAgent,41.798042,9.629135,1,662,LARVA,0.716,0,0,0,0.0,0,0,0,1116.0,0.0,21.54,35.65,3.029,1.0416666666666667
400,9e58cfe4-7c79-4523-bfa2-6df5d6dc648a,Mosquitoes,LivingAgent,41.86185,9.677233,1,540,LARVA,0.889,0,0,0,0.0,0,0,0,1291.0,0.0,76.51,34.95,0.0,4.166666666666667
200,83846c4e-7a5a-408c-9068-386dd4a63fd1,Mosquitoes,LivingAgent,41.870178,9.672394,1,875,LARVA,0.746,0,0,0,0.0,0,0,0,1244.0,0.0,53.69,31.09,0.0,2.0833333333333335
300,11047bdc-577d-4085-af50-7736fa521ead,Mosquitoes,LivingAgent,41.850995,9.65279,1,1370,ADULT,0.414,0,0,0,0.0,0,0,0,1175.0,1.0,61.0,36.11,0.0,3.125
100,3e9f2848-664f-4db7-b2e9-f5f69a8a4127,Mosquitoes,LivingAgent,41.904819,9.767811,1,860,ADULT,0.403,0,0,0,0.0,0,0,0,1681.0,0.0,4.51,36.53,0.0,1.0416666666666667
200,9c80cb51-a5ad-45d9-aafc-6cac22f943ba,Mosquitoes,LivingAgent,41.871461,9.689729,1,641,ADULT,0.349,0,0,0,0.0,0,0,77,1335.0,0.0,10.04,35.88,0.0,2.0833333333333335
300,15468a9d-e1e1-41c4-9c3d-933da1d5e655,Mosquitoes,LivingAgent,41.862971,9.67224,1,0,PUPA,0.561,0,0,0,0.0,0,0,0,1233.0,3.0,85.04,36.14,0.0,3.125
100,b797e9da-bb5f-46de-945d-42f72a8cfc7a,Mosquitoes,LivingAgent,41.817772,9.648785,0,613,LARVA,0.867,0,0,0,0.0,0,0,97,1178.0,4.0,44.62,36.55,0.0,1.0416666666666667
200,9a0ee6f3-76d7-49b0-9ddf-975362379caa,Mosquitoes,LivingAgent,41.824453,9.641419,1,1523,ADULT,0.672,1,0,0,0.0,0,0,0,1160.0,0.0,29.51,31.21,0.0,2.0833333333333335
400,76271e52-a54b-4be1-8dca-a3c7554676e5,Mosquitoes,LivingAgent,41.816982,9.648947,1,709,ADULT,0.706,1,0,0,0.0,0,0,52,1175.0,2.0,40.25,36.25,0.0,4.166666666666667
300,453d71d5-d267-4a2d-8326-d9f0675acb35,Mosquitoes,LivingAgent,41.847157,9.651176,1,532,LARVA,0.818,0,0,0,0.0,0,0,0,1185.0,1.0,82.12,32.34,0.0,3.125
200,9b650c17-e64d-4041-9df5-bab3c51b06ac,Mosquitoes,LivingAgent,41.852826,9.666528,1,147,PUPA,0.706,0,0,0,0.0,0,0,0,1209.0,2.0,87.18,36.08,0.0,2.0833333333333335
400,81179a23-4700-4d48-83b0-b0b91559f38c,Mosquitoes,LivingAgent,41.850847,9.649808,1,144,LARVA,0.882,0,0,0,0.0,0,0,0,1180.0,0.0,71.93,34.95,0.0,4.166666666666667
100,506bbcad-2762-451d-b152-448387ba5f29,Mosquitoes,LivingAgent,41.866378,9.750498,1,793,ADULT,0.694,0,0,0,0.0,0,0,0,1533.0,0.0,2.92,33.82,0.0,1.0416666666666667
200,453b2dca-1d4f-4dd9-b970-e66461336713,Mosquitoes,LivingAgent,41.824163,9.66138,1,250,PUPA,0.646,0,0,0,0.0,0,0,0,1206.0,0.0,21.55,36.21,0.0,2.0833333333333335
100,407f682d-ce48-404e-b06a-8993315b614e,Mosquitoes,LivingAgent,41.852694,9.651584,1,439,ADULT,0.357,0,0,0,0.0,0,0,0,1171.0,0.0,77.27,36.13,0.0,1.0416666666666667
300,8c3584e6-86b1-4d82-94a9-33e072da1c88,Mosquitoes,LivingAgent,41.845588,9.651414,1,1286,ADULT,0.684,0,0,0,0.0,0,0,0,1188.0,0.0,80.29,36.14,0.0,3.125
100,1930db04-04dd-42ce-a18d-af12d9918740,Mosquitoes,LivingAgent,41.850794,9.666755,1,790,ADULT,0.776,0,0,0,0.0,1,2,0,1202.0,1.0,68.48,30.73,0.0,1.0416666666666667
400,990879cc-0a77-425b-a843-0bc2378befd0,Mosquitoes,LivingAgent,41.871468,9.648564,1,1906,ADULT,0.57,1,0,0,0.0,0,0,76,1179.0,4.0,76.97,35.29,0.0,4.166666666666667
100,836e1ee5-916b-4500-8ef9-96446b53a1ec,Mosquitoes,LivingAgent,41.868927,9.666288,1,160,PUPA,0.735,0,0,0,0.0,0,0,46,1222.0,4.0,64.8,31.31,0.0,1.0416666666666667
100,6db394b7-631a-45bd-8238-477fc9f852eb,Mosquitoes,LivingAgent,41.876722,9.651278,1,440,LARVA,0.815,0,0,0,0.0,0,0,0,1186.0,2.0,63.36,33.18,0.0,1.0416666666666667
100,7fc13bd1-d402-460c-b76c-5d54e1e1e37d,Mosquitoes,LivingAgent,42.019734,9.71084,1,772,ADULT,0.686,0,0,0,0.0,0,0,0,1626.0,0.0,1.14,33.75,0.0,1.0416666666666667
400,fc6bd8ad-3117-47b8-a89b-33c5600223a6,Mosquitoes,LivingAgent,41.797941,9.628482,1,1782,ADULT,0.684,0,0,0,0.0,0,0,0,1111.0,0.0,20.98,35.03,0.0,4.166666666666667
200,bcd29ff5-0943-41c6-81f7-41b9feab964e,Mosquitoes,LivingAgent,41.887522,9.660191,1,224,PUPA,0.78,0,0,0,0.0,0,0,42,1229.0,3.0,37.93,35.69,4.7151,2.0833333333333335
400,ecb4a40b-0a00-4b9b-bd6e-a461ace1f934,Mosquitoes,LivingAgent,41.86383,9.637381,1,385,LARVA,0.842,0,0,0,0.0,0,0,61,1152.0,1.0,50.8,35.53,1.196,4.166666666666667
100,5c0a699f-4992-4934-bc79-5061c354d018,Mosquitoes,LivingAgent,41.853951,9.6578,1,647,ADULT,0.646,0,0,0,0.0,0,0,2,1195.0,3.0,72.11,36.13,0.0,1.0416666666666667
300,deff1c0b-c2bd-444f-8e5d-7345d588d116,Mosquitoes,LivingAgent,41.861798,9.676936,1,626,LARVA,0.759,0,0,0,0.0,0,0,0,1296.0,0.0,75.87,36.11,0.0,3.125
400,75585b57-6e6a-4fdd-b636-e441785a8a22,Mosquitoes,LivingAgent,41.843545,9.633967,1,1634,ADULT,0.581,0,0,0,0.0,0,0,0,1140.0,3.0,39.69,35.27,0.0,4.166666666666667
100,cf1eea17-d746-4c7f-81c1-5836e672fb1a,Mosquitoes,LivingAgent,41.850531,9.634904,1,4,ADULT,0.57,0,0,0,0.0,0,0,0,1145.0,0.0,29.19,34.87,1.2546,1.0416666666666667
100,d85f0edd-ed39-4add-ab85-27e545580626,Mosquitoes,LivingAgent,41.87252,9.634885,1,1188,ADULT,0.56,1,0,0,0.0,1,0,0,1148.0,0.0,33.7,33.91,0.0,1.0416666666666667
200,c12a7f6d-bf89-4364-8375-4114493ba93d,Mosquitoes,LivingAgent,41.838436,9.637573,1,826,LARVA,0.636,0,0,0,0.0,0,0,0,1150.0,0.0,57.14,35.82,0.0,2.0833333333333335
300,73f8a19c-72d9-4f75-92d3-884d7d9bf6d7,Mosquitoes,LivingAgent,41.856452,9.650803,0,960,PUPA,0.6,0,0,0,0.0,0,0,97,1181.0,0.0,76.45,36.11,0.0,3.125
400,88104d17-cd64-4b17-94b2-8e52c8f56f97,Mosquitoes,LivingAgent,41.780121,9.622305,1,104,PUPA,0.679,0,0,0,0.0,0,0,0,1107.0,0.0,6.22,34.87,0.0,4.166666666666667
200,1dfe5e6c-937b-48c4-9585-6bec0724c83f,Mosquitoes,LivingAgent,41.748506,9.75982,1,232,ADULT,0.444,1,0,0,0.0,0,0,0,1660.0,1.0,2.95,34.13,0.0,2.0833333333333335
200,2a73ebbf-fc14-4020-8b4f-451f669fda61,Mosquitoes,LivingAgent,41.873461,9.65007,1,928,ADULT,0.57,1,0,0,0.0,0,0,0,1173.0,2.0,76.09,35.36,4.8128,2.0833333333333335
100,9320606c-f790-4fb4-973d-1221bb045817,Mosquitoes,LivingAgent,41.850429,9.660103,1,299,ADULT,0.432,0,0,0,0.0,0,0,0,1198.0,1.0,78.1,30.73,0.0,1.0416666666666667
200,a3dd0300-0ab4-4658-9861-958153eff22c,Mosquitoes,LivingAgent,41.865627,9.683491,1,276,ADULT,0.552,1,0,0,0.0,0,0,0,1357.0,0.0,30.52,35.11,3.2118,2.0833333333333335
300,147592aa-8bb1-4292-97b9-3307b63c776f,Mosquitoes,LivingAgent,41.94681,9.604591,1,650,ADULT,0.318,0,0,0,0.0,0,5,53,1181.0,0.0,1.32,36.59,0.0,3.125
500,5df07ba0-d370-4c74-afe0-c391a0e1d3db,Mosquitoes,LivingAgent,41.75042,9.76421,1,240,PUPA,0.617,0,0,0,0.0,0,0,59,1670.0,0.0,2.54,36.25,0.0,5.208333333333333
100,fac4b2a9-33dc-42f6-bdf0-d1e174f3e537,Mosquitoes,LivingAgent,41.824066,9.642611,1,1219,ADULT,0.58,0,0,0,0.0,1,1,0,1163.0,2.0,36.66,36.29,0.0,1.0416666666666667
200,1f14f969-278d-47d8-95da-993e388b08f9,Mosquitoes,LivingAgent,41.937458,9.776574,1,366,ADULT,0.707,0,0,0,0.0,0,0,0,2006.0,0.0,2.18,36.52,0.0,2.0833333333333335
100,70d52571-eb6b-418b-9296-e76cae9e2efc,Mosquitoes,LivingAgent,41.819175,9.649363,1,477,ADULT,0.472,1,0,0,0.0,0,0,0,1177.0,0.0,52.36,35.46,0.0,1.0416666666666667
400,27df5bb1-bb51-4ab3-9904-7adde1514c98,Mosquitoes,LivingAgent,41.749564,9.762023,1,503,LARVA,0.614,0,0,0,0.0,0,0,0,1637.0,0.0,2.69,35.92,0.0,4.166666666666667
400,5fce9bac-9908-4439-847e-ebf327934a90,Mosquitoes,LivingAgent,41.870584,9.65144,1,259,ADULT,0.585,0,0,0,0.0,0,0,38,1186.0,2.0,78.12,34.81,0.0,4.166666666666667
100,69600bbd-44f4-4e20-b63b-a8bf87757bcd,Mosquitoes,LivingAgent,41.852664,9.657562,1,1137,ADULT,0.335,1,0,0,0.0,0,0,0,1193.0,0.0,74.9,30.73,0.0,1.0416666666666667
300,820fc252-e085-44b9-a0b5-d9d8ba3edbf2,Mosquitoes,LivingAgent,41.825766,9.641177,1,1611,ADULT,0.392,1,0,0,0.0,0,0,0,1156.0,0.0,27.99,35.98,0.0,3.125
100,3d639eea-df72-470d-bd7d-aa4db8d0f651,Mosquitoes,LivingAgent,41.871531,9.631658,1,1533,ADULT,0.335,0,0,0,0.0,0,0,0,1147.0,1.0,23.94,32.44,0.0,1.0416666666666667
200,6b5b22d6-943d-44cd-90a0-9addd126c3fa,Mosquitoes,LivingAgent,41.871339,9.676949,1,1394,ADULT,0.77,0,0,0,0.0,1,2,0,1268.0,3.0,75.15,35.36,4.8128,2.0833333333333335
400,2aa0f8a2-9627-4458-bd7f-d34ab2bf2cad,Mosquitoes,LivingAgent,41.747702,9.761274,1,323,LARVA,0.849,0,0,0,0.0,0,0,0,1647.0,1.0,3.08,36.11,0.0,4.166666666666667
300,62eeda3b-21fd-4588-94ac-b7348ca87924,Mosquitoes,LivingAgent,41.813859,9.652543,1,897,LARVA,0.606,0,0,0,0.0,0,0,0,1245.0,0.0,17.53,36.14,0.0,3.125
300,ba54712b-7436-4a9c-b266-a426904bfed5,Mosquitoes,LivingAgent,41.845503,9.642105,1,1290,ADULT,0.646,0,0,0,0.0,0,0,0,1151.0,3.0,55.11,36.65,0.0,3.125
200,31bff8e5-c99a-4d4c-8643-79ff3b410373,Mosquitoes,LivingAgent,41.881725,9.640228,1,1205,ADULT,0.665,0,0,0,0.0,0,5,58,1245.0,0.0,18.94,34.94,0.0,2.0833333333333335
200,da742b93-bb16-4220-81c9-dbc81f93298d,Mosquitoes,LivingAgent,41.94656,9.687322,1,786,ADULT,0.548,1,0,0,0.0,0,0,0,1454.0,0.0,1.1,35.47,0.0,2.0833333333333335
100,7ff9288f-6668-41e5-bce1-a77911b6070a,Mosquitoes,LivingAgent,42.013469,9.649437,1,1179,ADULT,0.732,0,0,0,0.0,0,5,83,1652.0,0.0,1.22,33.39,0.0,1.0416666666666667
200,f6ee6619-6e70-4cf6-af96-63ce8bed1ffb,Mosquitoes,LivingAgent,41.843917,9.635124,1,281,PUPA,0.657,0,0,0,0.0,0,0,0,1142.0,1.0,39.94,35.45,0.0,2.0833333333333335
300,df62ba65-c3fa-4556-9874-3fcef4d3f399,Mosquitoes,LivingAgent,41.759613,9.631487,1,1763,ADULT,0.782,0,0,0,0.0,0,0,41,1120.0,0.0,3.18,35.28,0.0,3.125
200,7368935c-94ce-41ef-bcdb-7591f8668b08,Mosquitoes,LivingAgent,41.848591,9.649102,1,106,ADULT,0.347,1,0,0,0.0,1,2,0,1180.0,2.0,82.61,32.84,0.0,2.0833333333333335
100,8cbd76fa-1377-4d7f-b1fb-976eabbd9a97,Mosquitoes,LivingAgent,41.856044,9.657334,1,98,ADULT,0.486,0,0,0,0.0,1,0,0,1194.0,1.0,55.86,33.65,0.0,1.0416666666666667
500,087e7938-b27e-45b3-aea0-24f231f27afa,Mosquitoes,LivingAgent,41.86097,9.685122,1,917,ADULT,0.555,0,0,0,0.0,0,0,62,1304.0,0.0,36.03,35.84,0.0,5.208333333333333
200,d816de61-2bf8-479b-88b3-48e0a82bf888,Mosquitoes,LivingAgent,41.869563,9.675021,1,18,ADULT,0.756,0,0,0,0.0,0,0,0,1251.0,1.0,77.71,33.25,0.0,2.0833333333333335
100,f366aae6-5954-46ff-a175-442beb600714,Mosquitoes,LivingAgent,41.875105,9.69402,1,1387,ADULT,0.685,0,0,0,0.0,0,0,0,1329.0,0.0,6.71,35.01,0.0,1.0416666666666667
200,88bacba7-240f-467b-92ed-906b98880708,Mosquitoes,LivingAgent,41.883816,9.646079,1,747,ADULT,0.781,0,0,0,0.0,0,0,0,1185.0,0.0,21.98,34.56,0.0,2.0833333333333335
100,a2d8c625-04d7-44ce-81ec-700f2b96fbfc,Mosquitoes,LivingAgent,41.85029,9.588532,1,1510,ADULT,0.643,0,0,0,0.0,0,0,36,1059.0,0.0,7.49,35.51,0.0,1.0416666666666667
400,920b81a5-a8d4-49f7-a1ea-4f5e5cd5a170,Mosquitoes,LivingAgent,41.85819,9.657217,1,615,ADULT,0.625,0,0,0,0.0,0,5,10,1196.0,1.0,49.12,34.95,0.0,4.166666666666667
200,8bf03e18-ea61-4401-a423-7e3bea3842d8,Mosquitoes,LivingAgent,41.797445,9.631843,1,29,ADULT,0.71,0,0,0,0.0,0,0,0,1116.0,0.0,24.8,32.35,0.0,2.0833333333333335
200,4e909c11-479b-401e-b978-82e06cd882e0,Mosquitoes,LivingAgent,41.848643,9.671499,1,1340,ADULT,0.353,0,0,0,0.0,0,0,0,1209.0,0.0,34.73,34.77,0.0,2.0833333333333335
300,7b63dbc5-1609-4a84-81a6-3857263b6f5d,Mosquitoes,LivingAgent,41.819356,9.647481,1,1262,ADULT,0.341,1,0,0,0.0,1,1,0,1177.0,0.0,60.02,36.11,0.0,3.125
300,38ed51e4-89ba-41ac-b5b7-b9f5b153783f,Mosquitoes,LivingAgent,41.906324,9.709872,1,109,PUPA,0.58,0,0,0,0.0,0,0,0,1388.0,0.0,4.23,35.35,0.0,3.125
300,075caeb3-9d1d-4dd5-89f9-1a7c2ec06711,Mosquitoes,LivingAgent,41.847222,9.669023,1,468,LARVA,0.604,0,0,0,0.0,0,0,5,1204.0,0.0,31.18,36.14,0.0,3.125
200,1f745228-58ba-4823-bba1-f8a691bd149b,Mosquitoes,LivingAgent,41.869811,9.667316,1,348,ADULT,0.321,0,0,0,0.0,0,0,0,1273.0,2.0,73.02,33.84,0.0,2.0833333333333335
500,d659c499-cb81-45a3-8f89-f1a275bdba49,Mosquitoes,LivingAgent,41.856568,9.660372,1,1340,ADULT,0.549,0,0,0,0.0,0,0,64,1200.0,3.0,69.4,36.29,0.0,5.208333333333333
400,d1fad54d-f376-457b-b2a2-059bf9b58e5b,Mosquitoes,LivingAgent,41.834805,9.644717,1,1493,ADULT,0.711,0,0,0,0.0,0,0,63,1163.0,1.0,78.1,35.27,0.0,4.166666666666667
200,8ebb9ed9-08ba-40f6-8f10-12c9230c9be8,Mosquitoes,LivingAgent,41.799227,9.630817,1,334,PUPA,0.72,0,0,0,0.0,0,0,61,1116.0,1.0,22.17,35.93,0.0,2.0833333333333335
300,dea4796c-581a-431b-be2b-5bc1ca7b4c71,Mosquitoes,LivingAgent,41.864161,9.67695,1,1256,ADULT,0.77,0,0,0,0.0,0,0,31,1311.0,0.0,65.68,34.75,0.0,3.125
400,b4c907df-0136-4f89-9725-7fa5cae90efb,Mosquitoes,LivingAgent,41.879514,9.649028,1,871,LARVA,0.666,0,0,0,0.0,0,0,0,1189.0,1.0,52.24,34.81,0.0,4.166666666666667
100,3bbd81ec-08d8-48c9-8d4c-0e963d2c487b,Mosquitoes,LivingAgent,41.903005,9.713193,1,386,ADULT,0.725,0,0,0,0.0,0,0,0,1402.0,0.0,4.35,33.35,0.0,1.0416666666666667
300,845d16e2-9229-4a69-bae3-26d7386cb3d5,Mosquitoes,LivingAgent,41.902188,9.62634,1,624,LARVA,0.66,0,0,0,0.0,0,0,0,1153.0,0.0,3.58,33.95,0.0,3.125
100,44d59e9f-c8d4-44e6-83eb-18c71f09f7b4,Mosquitoes,LivingAgent,41.835635,9.642191,1,63,PUPA,0.798,0,0,0,0.0,0,0,0,1155.0,2.0,77.12,34.87,1.2546,1.0416666666666667
200,2b6876cb-8275-4af4-ab0d-33d16b94607d,Mosquitoes,LivingAgent,41.798135,9.630322,1,1638,ADULT,0.438,0,0,0,0.0,0,0,72,1116.0,0.0,22.7,32.35,0.0,2.0833333333333335
100,6f41020d-ae62-4a32-8d40-5345bb85da1a,Mosquitoes,LivingAgent,41.87,9.673897,1,493,ADULT,0.471,1,0,0,0.0,0,0,83,1254.0,3.0,74.22,33.18,0.0,1.0416666666666667
100,90ff9ba4-d9c6-4fd2-816a-3b176432c8c4,Mosquitoes,LivingAgent,41.936544,9.704165,1,620,ADULT,0.618,0,0,0,0.0,0,0,0,1485.0,0.0,1.21,35.43,0.0,1.0416666666666667
300,af1d59ff-c654-49bd-b050-fedeb04ea0e9,Mosquitoes,LivingAgent,41.874876,9.64656,1,993,ADULT,0.619,0,0,0,0.0,0,0,44,1173.0,2.0,73.96,34.75,0.0,3.125
100,4aa307eb-77c4-454b-aff6-4ec47e697d6a,Mosquitoes,LivingAgent,41.841036,9.642877,1,1770,ADULT,0.459,1,0,0,0.0,1,1,0,1160.0,0.0,65.98,33.9,0.0,1.0416666666666667
300,4a22e7ea-8bbd-4d8d-9dd4-adafece72f4e,Mosquitoes,LivingAgent,41.826882,9.651352,1,1441,ADULT,0.529,0,0,0,0.0,0,0,0,1189.0,1.0,51.23,36.11,0.0,3.125
100,478f594e-26ab-455e-825b-f89733f7d24c,Mosquitoes,LivingAgent,41.812047,9.651411,1,312,ADULT,0.511,0,0,0,0.0,1,0,0,1239.0,0.0,11.15,35.46,0.0,1.0416666666666667
100,dc43f2cb-254b-484a-a28e-f5736c3a4b51,Mosquitoes,LivingAgent,41.871092,9.650086,1,609,LARVA,0.675,0,0,0,0.0,0,0,0,1184.0,0.0,77.64,31.31,0.0,1.0416666666666667
100,af610453-0cbc-44de-8fd0-8332a2e1cfb9,Mosquitoes,LivingAgent,41.868107,9.650239,1,992,ADULT,0.437,0,0,0,0.0,0,0,0,1181.0,2.0,74.29,36.65,0.0,1.0416666666666667
200,1ec7e81f-14ac-4ac1-b125-b57af46b28b9,Mosquitoes,LivingAgent,41.846333,9.64583,0,1619,ADULT,0.784,0,0,0,0.0,0,0,97,1173.0,2.0,75.25,34.65,0.0,2.0833333333333335
400,4c5343df-2350-474e-b2fe-9f51e29cbf40,Mosquitoes,LivingAgent,41.84797,9.665071,1,566,ADULT,0.331,0,0,0,0.0,0,0,34,1198.0,0.0,53.18,34.95,0.0,4.166666666666667
200,69cd098f-1b20-4734-ba87-1c28a84d5575,Mosquitoes,LivingAgent,41.875763,9.643612,1,1735,ADULT,0.765,1,0,0,0.0,0,0,0,1173.0,2.0,72.07,34.94,0.0,2.0833333333333335
100,46b36976-66a3-4fd9-9e14-0b56a5ac27f0,Mosquitoes,LivingAgent,41.849027,9.665348,1,42,PUPA,0.591,0,0,0,0.0,0,0,0,1202.0,2.0,61.22,36.55,0.0,1.0416666666666667
400,bf1ff2b5-5243-4974-9324-72f7043139ef,Mosquitoes,LivingAgent,41.85907,9.636435,1,786,ADULT,0.728,1,0,0,0.0,0,0,0,1147.0,0.0,38.92,35.03,0.0,4.166666666666667
300,29e93ba4-bf43-4d80-9176-38279f973a5a,Mosquitoes,LivingAgent,41.854848,9.657252,1,764,ADULT,0.364,0,0,0,0.0,1,2,0,1189.0,0.0,64.93,36.11,0.0,3.125
200,ff98379d-d781-43a8-ac9d-259271dab28a,Mosquitoes,LivingAgent,41.880339,9.643021,1,85,ADULT,0.794,0,0,0,0.0,0,0,84,1189.0,0.0,29.88,35.13,0.0,2.0833333333333335
100,ec38639c-4563-42de-8a27-dc37b066094a,Mosquitoes,LivingAgent,41.843881,9.638648,1,1619,ADULT,0.463,0,0,0,0.0,0,0,8,1150.0,1.0,44.57,35.65,3.029,1.0416666666666667
200,09d5f19f-9d8d-444b-9f3c-366e24e9cabc,Mosquitoes,LivingAgent,41.842354,9.634662,1,771,ADULT,0.527,0,0,0,0.0,0,5,27,1142.0,1.0,47.02,32.35,0.0,2.0833333333333335
100,b394a1a7-dff1-40de-80ea-e836ea76e702,Mosquitoes,LivingAgent,41.861867,9.674526,1,1845,ADULT,0.661,0,0,0,0.0,1,1,0,1247.0,2.0,84.27,36.55,0.0,1.0416666666666667
300,e03a6d75-6cfc-4c96-a5d9-33cea9c19bd7,Mosquitoes,LivingAgent,41.843065,9.661133,1,769,ADULT,0.693,0,0,0,0.0,0,0,63,1202.0,4.0,67.83,36.14,0.0,3.125
200,503142a9-385c-4175-8a32-018e47cbf082,Mosquitoes,LivingAgent,41.883329,9.755204,1,1900,ADULT,0.787,0,0,0,0.0,0,5,13,1529.0,0.0,4.5,34.1,0.0,2.0833333333333335
500,fb92f3ea-3543-4e64-a7f5-9681951cb422,Mosquitoes,LivingAgent,42.029325,9.66655,1,291,ADULT,0.697,0,0,0,0.0,0,5,79,1540.0,0.0,1.23,35.24,4.7676,5.208333333333333
100,b88520b9-28a3-4bbf-becc-c992f0f93c0c,Mosquitoes,LivingAgent,41.816505,9.648181,1,191,PUPA,0.714,0,0,0,0.0,0,0,0,1173.0,1.0,40.15,35.46,0.0,1.0416666666666667
200,287fe849-1b18-472b-920f-b098f08bd070,Mosquitoes,LivingAgent,41.876639,9.650081,1,61,PUPA,0.681,0,0,0,0.0,0,0,0,1186.0,0.0,63.17,35.69,4.7151,2.0833333333333335
100,d6f18345-a7e0-4ef6-a472-311328849baf,Mosquitoes,LivingAgent,41.84838,9.652433,1,171,PUPA,0.792,0,0,0,0.0,0,0,0,1182.0,1.0,70.0,30.73,0.0,1.0416666666666667
100,f244b503-37ac-4b0b-9351-9e9395bd5876,Mosquitoes,LivingAgent,41.860357,9.636037,0,599,LARVA,0.743,0,0,0,0.0,0,0,97,1147.0,0.0,41.36,34.96,0.0,1.0416666666666667
300,e6cf1589-abe2-4933-a3c7-c50fbc8ef2b3,Mosquitoes,LivingAgent,41.871601,9.645044,1,105,PUPA,0.717,0,0,0,0.0,0,0,71,1163.0,0.0,71.09,33.95,0.0,3.125
200,47999979-f5c9-4687-b681-65e9ea3af897,Mosquitoes,LivingAgent,41.847815,9.667435,1,185,ADULT,0.498,0,0,0,0.0,0,0,23,1211.0,1.0,42.39,36.08,0.0,2.0833333333333335
100,ce14dc25-db5c-47dc-abc1-502dbe777f4d,Mosquitoes,LivingAgent,41.845536,9.644906,1,22,PUPA,0.72,0,0,0,0.0,0,0,0,1165.0,4.0,70.89,34.96,0.0,1.0416666666666667
100,2232a546-4c89-4f11-aefc-914a9a6b18b4,Mosquitoes,LivingAgent,41.823369,9.642064,1,68,ADULT,0.496,0,0,0,0.0,0,0,2,1160.0,1.0,35.15,36.29,0.0,1.0416666666666667
200,90b02cd6-cd72-4bda-8bd4-1a01f5f2373e,Mosquitoes,LivingAgent,41.876672,9.660847,1,391,ADULT,0.4,0,0,0,0.0,0,0,56,1212.0,1.0,63.42,35.18,0.0,2.0833333333333335
300,6248e9de-5a54-42cb-b105-d4bea243949b,Mosquitoes,LivingAgent,41.74796,9.760706,1,1454,ADULT,0.725,0,0,0,0.0,1,3,0,1651.0,0.0,3.01,34.32,0.0,3.125
100,23682411-d6ea-4708-a27a-dc291c08d349,Mosquitoes,LivingAgent,41.823256,9.644285,1,75,LARVA,0.659,0,0,0,0.0,0,0,0,1168.0,3.0,49.9,31.18,0.0,1.0416666666666667
200,d1dc904f-a9ba-4254-9247-526003891ae0,Mosquitoes,LivingAgent,41.841936,9.644831,1,1000,ADULT,0.78,0,0,0,0.0,0,0,28,1163.0,1.0,77.77,35.82,0.0,2.0833333333333335
400,aa4e0fb0-4572-4d84-bfc4-25328541f07f,Mosquitoes,LivingAgent,41.817349,9.647737,1,1327,ADULT,0.395,1,0,0,0.0,0,0,0,1173.0,1.0,48.64,34.95,0.0,4.166666666666667
300,feaeaa54-f1a3-4ade-8ed8-45be516d5326,Mosquitoes,LivingAgent,41.882038,9.754177,1,210,PUPA,0.708,0,0,0,0.0,0,0,14,1523.0,0.0,4.24,36.07,0.0,3.125
300,19b913e9-bc19-4e1c-8867-f9697599cb09,Mosquitoes,LivingAgent,41.80415,9.773478,1,465,ADULT,0.634,0,0,0,0.0,1,1,0,1951.0,0.0,2.75,35.02,0.0,3.125
100,7d88b9fd-d425-44ed-b433-97077522e7ed,Mosquitoes,LivingAgent,41.854941,9.670719,1,1002,ADULT,0.475,0,0,0,0.0,0,5,44,1228.0,0.0,83.41,35.41,0.0,1.0416666666666667
100,1d3eda0e-0ae8-476c-9d8b-aa82eda5b2f9,Mosquitoes,LivingAgent,41.778845,9.635781,1,956,ADULT,0.575,1,0,0,0.0,0,0,0,1134.0,3.0,42.7,36.33,0.0,1.0416666666666667
200,24da2f47-968a-4701-852a-bb1526fb24eb,Mosquitoes,LivingAgent,41.82683,9.647968,1,807,ADULT,0.582,1,0,0,0.0,1,2,0,1175.0,0.0,53.97,30.59,0.0,2.0833333333333335
300,b17683ed-ac2d-40fa-9e1c-50218d37c897,Mosquitoes,LivingAgent,41.8324,9.654678,1,33,PUPA,0.655,0,0,0,0.0,0,0,11,1188.0,1.0,62.14,36.14,0.0,3.125
200,de35778f-b0a5-4040-a207-ebf6c12f541a,Mosquitoes,LivingAgent,41.872416,9.651874,1,257,ADULT,0.555,0,0,0,0.0,0,0,0,1187.0,7.0,79.93,35.18,0.0,2.0833333333333335
200,aab25280-a7fc-4de5-9ae0-2b3afb9f0d04,Mosquitoes,LivingAgent,41.782611,9.638658,1,753,LARVA,0.822,0,0,0,0.0,0,0,0,1139.0,0.0,43.39,34.99,0.0,2.0833333333333335
200,2790b426-ed4f-41c5-972a-e65a28c2d937,Mosquitoes,LivingAgent,41.882361,9.753655,1,1369,ADULT,0.563,0,0,0,0.0,0,0,0,1520.0,0.0,4.27,36.0,0.0,2.0833333333333335
100,41d3616e-f9ec-47cb-b712-2963c99334cd,Mosquitoes,LivingAgent,41.865615,9.677065,1,283,ADULT,0.732,0,0,0,0.0,1,1,0,1295.0,0.0,65.54,36.65,0.0,1.0416666666666667
100,63aec835-a805-4a13-b34d-b4dd10337718,Mosquitoes,LivingAgent,41.75038,9.760802,1,476,LARVA,0.675,0,0,0,0.0,0,0,0,1623.0,0.0,2.48,34.86,0.0,1.0416666666666667
400,c19c9420-9dfe-4a6e-ab31-c77dd245ac47,Mosquitoes,LivingAgent,41.815428,9.646677,1,119,ADULT,0.71,0,0,0,0.0,0,5,25,1169.0,1.0,42.17,35.94,0.0,4.166666666666667
100,45f9f705-a8d2-4521-af32-518da7f18019,Mosquitoes,LivingAgent,41.876094,9.664278,1,19,LARVA,0.761,0,0,0,0.0,0,0,0,1220.0,6.0,75.48,36.65,0.0,1.0416666666666667
200,8404e73d-3fe0-433f-98ee-8bac79203a96,Mosquitoes,LivingAgent,41.847471,9.652733,1,980,ADULT,0.796,0,0,0,0.0,0,0,0,1184.0,0.0,74.0,34.65,0.0,2.0833333333333335
200,a6b552ae-0939-448a-a540-f619bb64fe12,Mosquitoes,LivingAgent,41.865827,9.64755,1,981,LARVA,0.873,0,0,0,0.0,0,0,76,1173.0,0.0,75.68,35.18,0.0,2.0833333333333335
200,501f87a7-7354-489f-bada-452c629423f2,Mosquitoes,LivingAgent,41.863977,9.653206,1,644,LARVA,0.867,0,0,0,0.0,0,0,65,1192.0,0.0,76.29,33.25,0.0,2.0833333333333335
200,21b2e864-5045-44b0-9029-1a6df789a616,Mosquitoes,LivingAgent,41.851,9.667699,1,1478,ADULT,0.524,0,0,0,0.0,1,0,0,1206.0,1.0,66.55,36.21,0.0,2.0833333333333335
200,e862299d-04eb-49c9-a66f-28dc5bb3dc79,Mosquitoes,LivingAgent,41.873667,9.692259,1,218,PUPA,0.647,0,0,0,0.0,0,0,0,1322.0,0.0,7.02,35.11,3.2118,2.0833333333333335
200,4c3dbcbd-d1fc-4826-a5b5-f6052ad30202,Mosquitoes,LivingAgent,41.840637,9.637993,1,1612,ADULT,0.508,1,0,0,0.0,0,0,82,1148.0,0.0,48.96,35.45,0.0,2.0833333333333335
200,dcd2b7bc-6947-44c6-bddf-89b3d0e61f21,Mosquitoes,LivingAgent,41.832919,9.659421,1,1044,ADULT,0.314,0,0,0,0.0,0,0,0,1202.0,1.0,49.93,32.84,0.0,2.0833333333333335
300,c495443e-e9b4-4812-8dca-bcc7e22ab204,Mosquitoes,LivingAgent,41.866142,9.650535,1,192,PUPA,0.611,0,0,0,0.0,0,0,0,1181.0,0.0,60.15,34.75,0.0,3.125
100,36685474-6c77-4120-ae65-b7b159658cf9,Mosquitoes,LivingAgent,41.836607,9.635423,1,49,PUPA,0.545,0,0,0,0.0,0,0,0,1146.0,0.0,49.08,36.29,0.0,1.0416666666666667
500,0263eb42-8648-4fb0-b056-701b5faa09ea,Mosquitoes,LivingAgent,41.873256,9.637603,1,537,ADULT,0.585,0,0,0,0.0,0,0,94,1151.0,0.0,47.14,34.78,0.0,5.208333333333333
200,6d59e5bd-6f32-43c9-8840-b046fb3dc8bd,Mosquitoes,LivingAgent,41.840998,9.638084,1,861,ADULT,0.439,0,0,0,0.0,0,0,0,1148.0,0.0,46.95,35.82,0.0,2.0833333333333335
500,94448293-1259-4d2c-b184-bd4b07bb841e,Mosquitoes,LivingAgent,41.821433,9.659364,1,862,ADULT,0.686,0,0,0,0.0,0,5,65,1205.0,1.0,18.34,35.47,0.0,5.208333333333333
400,e963b25d-3903-44cc-9af0-f13656bf2fb4,Mosquitoes,LivingAgent,41.86028,9.642602,1,101,PUPA,0.705,0,0,0,0.0,0,0,64,1157.0,0.0,50.55,36.58,2.811,4.166666666666667
100,e5a9b561-c6d4-4026-b06e-7c5107464c8b,Mosquitoes,LivingAgent,41.85058,9.670038,1,1563,ADULT,0.767,0,0,0,0.0,0,5,84,1214.0,1.0,49.69,35.46,0.0,1.0416666666666667
200,3e7012e5-31bf-453b-85a8-926eb0505a7b,Mosquitoes,LivingAgent,41.847559,9.667774,1,539,LARVA,0.695,0,0,0,0.0,0,0,0,1207.0,0.0,38.94,30.59,0.0,2.0833333333333335
400,728ac601-855b-4681-8bd1-235da2ecf169,Mosquitoes,LivingAgent,41.809457,9.649302,1,403,LARVA,0.86,0,0,0,0.0,0,0,0,1210.0,0.0,9.42,34.95,0.0,4.166666666666667
100,f4ec060f-6983-4ab9-ab1b-1447d7c480ce,Mosquitoes,LivingAgent,41.87349,9.646209,1,452,ADULT,0.309,0,0,0,0.0,1,2,0,1163.0,2.0,73.94,35.53,0.0,1.0416666666666667
400,1dc1a02f-9437-4c06-8b96-016a7589cfe9,Mosquitoes,LivingAgent,41.872403,9.641095,1,4,LARVA,0.825,0,0,0,0.0,0,0,0,1165.0,2.0,69.99,35.29,0.0,4.166666666666667
300,56f4b821-9f19-4480-9990-5b70b29892c4,Mosquitoes,LivingAgent,41.876836,9.644424,1,1366,ADULT,0.52,0,0,0,0.0,0,0,0,1174.0,0.0,57.31,33.95,0.0,3.125
400,84d66d86-12f9-4cb2-aa71-973e96a93770,Mosquitoes,LivingAgent,41.852856,9.676523,1,595,ADULT,0.559,0,0,0,0.0,0,5,34,1231.0,1.0,52.05,36.25,0.0,4.166666666666667
500,aa622ee1-cd05-45e3-957f-d41057f97748,Mosquitoes,LivingAgent,41.790545,9.634569,1,1438,ADULT,0.468,1,0,0,0.0,0,0,91,1118.0,0.0,20.96,36.67,0.0,5.208333333333333
400,a6ee722b-d107-44aa-92bb-c33d4fdabf4f,Mosquitoes,LivingAgent,41.90163,9.713948,1,88,PUPA,0.75,0,0,0,0.0,0,0,0,1421.0,0.0,4.06,36.17,0.0,4.166666666666667
100,4b566cae-7153-4889-b8c9-bdbad0e31116,Mosquitoes,LivingAgent,41.850472,9.66715,1,493,ADULT,0.374,0,0,0,0.0,0,0,0,1205.0,2.0,65.99,36.55,0.0,1.0416666666666667
100,fe5b2c7f-7341-4082-a825-d1364e485b7e,Mosquitoes,LivingAgent,41.868243,9.650749,1,1538,ADULT,0.768,0,0,0,0.0,1,3,0,1181.0,0.0,71.8,36.65,0.0,1.0416666666666667
400,4c21b0bb-5c34-4276-a953-7cf4214d8a66,Mosquitoes,LivingAgent,41.864722,9.656707,1,1244,ADULT,0.627,0,0,0,0.0,0,5,86,1200.0,2.0,76.38,35.29,0.0,4.166666666666667
100,da62c301-146b-41bc-8956-60728ff17c8a,Mosquitoes,LivingAgent,41.869202,9.686731,1,274,ADULT,0.737,0,0,0,0.0,1,2,0,1320.0,0.0,13.86,33.35,0.0,1.0416666666666667
200,29824567-97fa-4e02-abeb-82f579b5ee2b,Mosquitoes,LivingAgent,41.870533,9.634865,1,153,LARVA,0.806,0,0,0,0.0,0,0,60,1145.0,1.0,28.35,32.56,0.0,2.0833333333333335
300,3374b945-d4a5-47f9-a38d-913ae283ab93,Mosquitoes,LivingAgent,41.872561,9.637274,1,161,LARVA,0.801,0,0,0,0.0,0,0,0,1150.0,0.0,42.02,35.81,0.0,3.125
200,da5d6e08-1a45-4a94-ab9a-88ffcb4d7463,Mosquitoes,LivingAgent,41.850315,9.671398,1,198,LARVA,0.898,0,0,0,0.0,0,0,0,1218.0,1.0,45.88,30.59,0.0,2.0833333333333335
300,de6f3e40-f69a-480a-95e4-04d6ab599095,Mosquitoes,LivingAgent,41.859934,9.665252,1,1113,ADULT,0.504,0,0,0,0.0,0,0,0,1220.0,0.0,83.22,36.11,0.0,3.125
100,087b5ef5-a3d1-4414-9c20-05edaae35d6a,Mosquitoes,LivingAgent,41.846416,9.63885,1,216,PUPA,0.761,0,0,0,0.0,0,0,0,1151.0,3.0,46.03,34.87,1.2546,1.0416666666666667
400,eb5c443b-df48-4cd7-b7cc-e7e632b4e1bd,Mosquitoes,LivingAgent,41.847132,9.660975,1,1704,ADULT,0.481,0,0,0,0.0,0,0,8,1196.0,3.0,58.6,35.94,0.0,4.166666666666667
200,8e7022a3-c668-4286-abab-6e4bc65b64b5,Mosquitoes,LivingAgent,41.862027,9.657908,1,850,ADULT,0.752,0,0,0,0.0,0,0,0,1204.0,0.0,69.67,34.65,0.0,2.0833333333333335
300,e321afc5-1f00-4e5f-9a2e-0e55825e09b1,Mosquitoes,LivingAgent,41.748134,9.765793,1,966,ADULT,0.756,0,0,0,0.0,0,0,0,1743.0,0.0,3.14,34.32,0.0,3.125
200,12fe830f-51e4-4eab-90c3-bbab6e9c83b3,Mosquitoes,LivingAgent,41.868428,9.650267,1,406,ADULT,0.674,0,0,0,0.0,0,0,63,1180.0,2.0,75.19,33.25,0.0,2.0833333333333335
200,9cda1b9e-381a-43a9-96be-f90f1fc51897,Mosquitoes,LivingAgent,41.864391,9.662784,1,1063,ADULT,0.469,0,0,0,0.0,0,0,0,1208.0,3.0,69.32,35.36,4.8128,2.0833333333333335
300,8b3bca49-f359-45e8-8e81-675c91e2ea67,Mosquitoes,LivingAgent,41.859828,9.662302,1,153,LARVA,0.867,0,0,0,0.0,0,0,0,1212.0,1.0,82.25,36.14,0.0,3.125
100,24d52ee8-730e-44a7-8264-25e9bd3013d9,Mosquitoes,LivingAgent,41.858722,9.652118,1,618,LARVA,0.841,0,0,0,0.0,0,0,0,1182.0,0.0,76.73,36.13,0.0,1.0416666666666667
300,4173007b-c1ba-4f26-b3ea-88b926600203,Mosquitoes,LivingAgent,41.940522,9.774823,1,1667,ADULT,0.56,1,0,0,0.0,0,0,0,2110.0,0.0,2.34,34.81,0.0,3.125
400,3671eccd-affc-470d-aa1a-57c13ac21f55,Mosquitoes,LivingAgent,41.839289,9.636285,1,201,PUPA,0.798,0,0,0,0.0,0,0,0,1147.0,0.0,53.4,35.27,0.0,4.166666666666667
200,4edf6459-583e-4555-83c9-7b652fc7ed56,Mosquitoes,LivingAgent,41.870418,9.690315,1,1576,ADULT,0.375,1,0,0,0.0,1,3,0,1344.0,0.0,13.16,35.88,0.0,2.0833333333333335
300,b94dddb7-fb54-4492-b5e5-9d187fd9741e,Mosquitoes,LivingAgent,41.874082,9.649389,1,171,PUPA,0.738,0,0,0,0.0,0,0,0,1170.0,0.0,75.17,36.29,0.0,3.125
200,956f3730-db00-4db9-9f47-9cb55de3a6f7,Mosquitoes,LivingAgent,41.901667,9.658875,1,419,LARVA,0.604,0,0,0,0.0,0,0,0,1456.0,0.0,4.53,35.69,4.7151,2.0833333333333335
100,b13d50fe-df27-4d07-9eb1-7d05fe27b61b,Mosquitoes,LivingAgent,41.836764,9.606483,1,939,ADULT,0.677,1,0,0,0.0,0,0,0,1086.0,0.0,4.28,33.52,0.0,1.0416666666666667
500,29742583-7bd5-4ec4-b10a-b3dcedb84053,Mosquitoes,LivingAgent,41.862783,9.661731,1,1685,ADULT,0.771,0,0,0,0.0,0,0,89,1213.0,0.0,73.62,35.47,0.0,5.208333333333333
500,07879923-f4db-4472-b41f-bbc4f68099de,Mosquitoes,LivingAgent,41.827717,9.673182,1,1752,ADULT,0.36,0,0,0,0.0,0,0,95,1273.0,0.0,4.14,35.47,0.0,5.208333333333333
100,a58f9da1-f375-48d0-972b-4d59d27ad051,Mosquitoes,LivingAgent,42.033541,9.668397,0,100,LARVA,0.786,0,0,0,0.0,0,0,97,1590.0,0.0,1.08,35.14,0.0,1.0416666666666667
400,f3e48c4e-b830-47a7-be5a-85a25417660a,Mosquitoes,LivingAgent,41.860074,9.632341,1,215,PUPA,0.662,0,0,0,0.0,0,0,26,1133.0,0.0,36.65,35.03,0.0,4.166666666666667
300,cd709305-b14d-41a0-9cfc-2c362abb4b85,Mosquitoes,LivingAgent,41.877378,9.645925,1,405,LARVA,0.857,0,0,0,0.0,0,0,0,1179.0,1.0,59.54,35.28,0.0,3.125
100,85324f77-d349-48fd-ae14-a7380d1e273a,Mosquitoes,LivingAgent,41.784556,9.645072,1,1497,ADULT,0.506,0,0,0,0.0,0,0,0,1145.0,0.0,23.66,34.44,0.0,1.0416666666666667
100,8d78dcd4-d23a-4c9a-98cd-c0d49a08a78e,Mosquitoes,LivingAgent,41.830048,9.663232,1,1010,ADULT,0.471,0,0,0,0.0,0,0,0,1236.0,1.0,19.72,35.46,0.0,1.0416666666666667
300,9ea6b602-ade9-4f90-9751-9fe04769201d,Mosquitoes,LivingAgent,41.84206,9.638845,1,1654,ADULT,0.794,0,0,0,0.0,0,0,30,1148.0,3.0,49.45,35.98,0.0,3.125
100,3789f3cd-dad0-4e3e-a9c4-1772819f71da,Mosquitoes,LivingAgent,41.749438,9.761549,1,1708,ADULT,0.674,0,0,0,0.0,0,0,0,1631.0,0.0,2.77,34.86,0.0,1.0416666666666667
300,133b1d25-ff83-4092-9e46-0679f017a415,Mosquitoes,LivingAgent,41.778973,9.626169,1,262,PUPA,0.58,0,0,0,0.0,0,0,13,1115.0,0.0,14.95,36.29,0.0,3.125
100,05e3d42f-1278-4831-96cd-d91b7472d4a8,Mosquitoes,LivingAgent,41.778262,9.635861,1,230,ADULT,0.773,1,0,0,0.0,0,0,0,1134.0,1.0,42.7,36.4,0.0,1.0416666666666667
200,45961b65-14e9-490d-8f87-8d0afef6109b,Mosquitoes,LivingAgent,41.82994,9.658689,1,768,ADULT,0.393,0,0,0,0.0,1,2,0,1193.0,2.0,43.65,34.65,0.0,2.0833333333333335
200,b05c48fb-2ce4-41ff-b780-f3186ca8536c,Mosquitoes,LivingAgent,41.829589,9.639198,1,56,PUPA,0.73,0,0,0,0.0,0,0,4,1153.0,0.0,23.81,35.45,0.0,2.0833333333333335
200,a07bc74f-7062-4c38-b2f3-f03a17d4edfb,Mosquitoes,LivingAgent,41.882172,9.644335,1,1319,ADULT,0.378,1,0,0,0.0,0,5,50,1182.0,0.0,24.76,34.94,0.0,2.0833333333333335
100,2e93df9e-6e3b-4fa5-92a8-6a426cac38fc,Mosquitoes,LivingAgent,41.821382,9.641972,1,537,ADULT,0.447,0,0,0,0.0,0,0,0,1159.0,0.0,39.11,33.9,0.0,1.0416666666666667
500,afa5171e-c189-4ecc-9b7c-bf94b5b5e53e,Mosquitoes,LivingAgent,41.844925,9.619657,1,872,ADULT,0.462,0,0,0,0.0,0,0,38,1106.0,0.0,9.4,36.77,5.6994,5.208333333333333
300,db5ca0b5-e3ca-4358-870d-27e3e60f6b39,Mosquitoes,LivingAgent,41.881001,9.650601,1,463,LARVA,0.782,0,0,0,0.0,0,0,0,1189.0,0.0,48.01,35.28,0.0,3.125
200,580e5f6d-859c-422b-83c2-ceab4ee23253,Mosquitoes,LivingAgent,41.860928,9.674312,1,290,LARVA,0.658,0,0,0,0.0,0,0,0,1235.0,4.0,82.83,35.1,0.0,2.0833333333333335
400,05123069-f62a-4e62-93fc-cfc0cd2559d1,Mosquitoes,LivingAgent,41.887055,9.713653,1,564,ADULT,0.662,0,0,0,0.0,0,0,88,1384.0,0.0,4.21,36.78,0.0,4.166666666666667
300,4bfc397f-22c8-4842-be6d-d46029609b25,Mosquitoes,LivingAgent,41.867614,9.684326,1,505,ADULT,0.415,0,0,0,0.0,0,0,0,1338.0,0.0,22.6,34.01,0.0,3.125
100,90f9f558-86bd-4019-803a-97c3420b31cd,Mosquitoes,LivingAgent,41.844424,9.645255,1,111,LARVA,0.828,0,0,0,0.0,0,0,0,1169.0,1.0,72.39,35.46,0.0,1.0416666666666667
200,d3f45e1b-0679-4608-99c5-61e23e3b8883,Mosquitoes,LivingAgent,41.747177,9.760624,1,918,LARVA,0.67,0,0,0,0.0,0,0,0,1656.0,1.0,3.14,35.23,2.6371,2.0833333333333335
100,82463210-3262-4af4-9d78-9ec83d135248,Mosquitoes,LivingAgent,41.825681,9.651928,1,920,ADULT,0.324,0,0,0,0.0,0,0,0,1186.0,4.0,47.29,35.41,0.0,1.0416666666666667
300,dda195bb-f732-4615-a747-e14ac352adc7,Mosquitoes,LivingAgent,41.844568,9.636684,1,1640,ADULT,0.498,0,0,0,0.0,0,0,13,1144.0,0.0,41.68,36.65,0.0,3.125
100,77f0bd84-08c9-4e1e-b44d-4bcca11ca276,Mosquitoes,LivingAgent,41.87088,9.688551,1,816,ADULT,0.783,0,0,0,0.0,0,0,0,1347.0,1.0,10.56,33.35,0.0,1.0416666666666667
300,164a7812-e353-4b32-a3e9-49584b7aeb2c,Mosquitoes,LivingAgent,41.746625,9.763542,1,802,LARVA,0.623,0,0,0,0.0,0,0,0,1684.0,2.0,3.16,33.65,0.0,3.125
200,a218086b-9b33-4810-85f6-723338f08be9,Mosquitoes,LivingAgent,41.86629,9.674229,1,1355,ADULT,0.475,0,0,0,0.0,1,0,0,1243.0,2.0,73.14,35.69,4.7151,2.0833333333333335
200,9959bcf0-70d0-4b9b-9eb2-d7398d9a0b38,Mosquitoes,LivingAgent,41.880286,9.75569,1,8,LARVA,0.819,0,0,0,0.0,0,0,0,1532.0,0.0,3.92,33.98,0.0,2.0833333333333335
100,b7a22091-2b22-4899-9018-179ad6e9d68b,Mosquitoes,LivingAgent,41.80443,9.634368,1,1127,ADULT,0.63,0,0,0,0.0,0,0,0,1131.0,1.0,23.02,33.9,0.0,1.0416666666666667
100,b19b559c-f3e3-4b11-a77e-187a73023cf9,Mosquitoes,LivingAgent,41.867341,9.663824,1,1524,ADULT,0.764,0,0,0,0.0,0,0,0,1210.0,5.0,71.92,36.65,0.0,1.0416666666666667
300,a57bcee9-5e0d-4a1f-be60-97795effdc7c,Mosquitoes,LivingAgent,41.845297,9.641888,1,579,ADULT,0.313,0,0,0,0.0,1,1,0,1157.0,1.0,54.31,34.67,0.0,3.125
200,a6ee722b-d107-44aa-92bb-c33d4fdabf4f,Mosquitoes,LivingAgent,41.90163,9.713948,1,88,PUPA,0.75,0,0,0,0.0,0,0,0,1421.0,0.0,4.06,35.71,0.0,2.0833333333333335
500,6e3cb534-66d1-4f89-866b-9c3f6d3afa06,Mosquitoes,LivingAgent,41.874936,9.646105,1,1846,ADULT,0.607,1,0,0,0.0,0,0,68,1174.0,3.0,74.55,36.6,0.0,5.208333333333333
300,3d68fdd4-0db8-466e-98c1-8a3fb7f6fae0,Mosquitoes,LivingAgent,41.845254,9.654177,1,827,LARVA,0.856,0,0,0,0.0,0,0,24,1191.0,1.0,78.74,34.35,0.0,3.125
200,7e24f0cc-1606-4466-b64f-43fe48c6221d,Mosquitoes,LivingAgent,41.853493,9.653041,1,8,ADULT,0.773,1,0,0,0.0,1,1,0,1178.0,0.0,67.46,32.84,0.0,2.0833333333333335
300,c387264b-f7ed-4832-b7c7-c7689620747e,Mosquitoes,LivingAgent,41.880338,9.646112,1,1166,ADULT,0.303,0,0,0,0.0,1,0,0,1181.0,4.0,40.22,33.62,0.0,3.125
100,12911f13-7bcd-4158-b475-793d21ce45ae,Mosquitoes,LivingAgent,41.750906,9.765111,1,137,PUPA,0.529,0,0,0,0.0,0,0,0,1681.0,0.0,2.46,35.64,0.0,1.0416666666666667
400,c1b01693-4e91-4ad4-880d-ebb46dd31e06,Mosquitoes,LivingAgent,41.866811,9.649586,1,824,ADULT,0.326,0,0,0,0.0,0,0,27,1178.0,2.0,66.96,36.74,5.5531,4.166666666666667
200,63dc1028-eea0-4d41-ba40-761cdcda34c6,Mosquitoes,LivingAgent,41.872435,9.679146,1,489,ADULT,0.336,0,0,0,0.0,1,3,0,1357.0,0.0,42.76,35.69,4.7151,2.0833333333333335
100,74bccc54-e810-4462-a4ef-7a90a55fc204,Mosquitoes,LivingAgent,41.838165,9.607285,1,1647,ADULT,0.517,0,0,0,0.0,0,0,87,1088.0,0.0,4.24,33.52,0.0,1.0416666666666667
100,de26e7a9-3ab4-497e-9e2a-41f1f10666f1,Mosquitoes,LivingAgent,41.842454,9.662484,1,590,LARVA,0.752,0,0,0,0.0,0,0,0,1201.0,3.0,62.49,36.55,0.0,1.0416666666666667
100,282f8749-a5e0-4f24-8884-9ec11fa9524c,Mosquitoes,LivingAgent,41.870481,9.673746,1,1089,ADULT,0.677,0,0,0,0.0,0,0,0,1260.0,2.0,73.35,34.23,0.0,1.0416666666666667
100,d10fe1ba-16b2-4841-bf2f-ca55b703e218,Mosquitoes,LivingAgent,41.812514,9.648342,1,1107,ADULT,0.432,1,0,0,0.0,0,0,19,1173.0,0.0,22.62,35.41,0.0,1.0416666666666667
400,77f82f50-ad7d-4d9c-a80a-04e14f8ce9ab,Mosquitoes,LivingAgent,41.877902,9.650777,1,1735,ADULT,0.743,0,0,0,0.0,1,3,0,1190.0,1.0,57.0,34.81,0.0,4.166666666666667
200,ac1c475a-0506-4a2e-9952-f3f737b8aa5a,Mosquitoes,LivingAgent,41.741173,9.728539,1,98,LARVA,0.648,0,0,0,0.0,0,0,0,1376.0,0.0,1.12,35.64,0.0,2.0833333333333335
200,dfdae40e-d3cc-41d8-ba76-4832e78affe6,Mosquitoes,LivingAgent,41.777374,9.635602,1,647,ADULT,0.662,0,0,0,0.0,0,0,0,1134.0,1.0,40.57,34.99,0.0,2.0833333333333335
100,5fc73c1a-0d08-46da-971a-6fa856c89315,Mosquitoes,LivingAgent,41.854644,9.654263,1,1355,ADULT,0.309,1,0,0,0.0,0,0,0,1183.0,0.0,60.79,35.46,0.0,1.0416666666666667
200,7ac95e14-61ca-4f15-817e-aa5c1fca744d,Mosquitoes,LivingAgent,41.809645,9.75365,1,728,ADULT,0.512,0,0,0,0.0,0,0,0,1493.0,1.0,1.72,34.7,0.0,2.0833333333333335
100,c9a96cc8-b675-47f0-8b65-95a7305810f7,Mosquitoes,LivingAgent,41.862301,9.652783,1,1379,ADULT,0.302,0,0,0,0.0,0,0,29,1190.0,2.0,72.93,33.65,0.0,1.0416666666666667
500,944b4556-98db-46ed-b993-2fecd33e7f94,Mosquitoes,LivingAgent,41.850375,9.648529,1,826,LARVA,0.608,0,0,0,0.0,0,0,47,1179.0,4.0,77.55,36.29,0.0,5.208333333333333
300,22b728b0-ea3b-42b9-b588-ab912ade838e,Mosquitoes,LivingAgent,41.782546,9.635535,1,1820,ADULT,0.457,0,0,0,0.0,0,0,0,1130.0,2.0,43.39,36.29,0.0,3.125
500,7f361557-e747-4ba2-9138-623348c462ad,Mosquitoes,LivingAgent,41.846461,9.6569,1,162,LARVA,0.85,0,0,0,0.0,0,0,37,1184.0,3.0,72.87,36.29,0.0,5.208333333333333
100,8f5998ed-5db8-413d-bdf3-18f2c1905e62,Mosquitoes,LivingAgent,41.84141,9.636325,1,428,ADULT,0.345,0,0,0,0.0,0,0,0,1144.0,1.0,49.48,34.87,1.2546,1.0416666666666667
400,8e8bfadf-95a7-42b6-8b02-386cdcc3720c,Mosquitoes,LivingAgent,41.868398,9.63564,1,896,ADULT,0.619,0,0,0,0.0,0,0,37,1150.0,0.0,29.28,35.29,0.0,4.166666666666667
300,8b2b3d3e-3a07-4c9a-a0a6-d62b360e1354,Mosquitoes,LivingAgent,41.744162,9.763157,1,12,PUPA,0.718,0,0,0,0.0,0,0,0,1685.0,0.0,3.35,36.63,0.0,3.125
300,b9e339dc-5430-4665-b06c-a703a650efae,Mosquitoes,LivingAgent,41.849211,9.668834,1,670,ADULT,0.493,0,0,0,0.0,0,0,0,1215.0,4.0,49.15,34.35,0.0,3.125
200,d82235a3-e91f-468c-ac74-2f7898ba853d,Mosquitoes,LivingAgent,41.839911,9.607987,1,644,ADULT,0.575,0,0,0,0.0,0,0,0,1090.0,0.0,4.2,36.04,0.0,2.0833333333333335
300,334ae269-5239-4cfa-8bdf-f2049832b559,Mosquitoes,LivingAgent,41.853165,9.658765,1,434,ADULT,0.5,0,0,0,0.0,0,0,90,1199.0,0.0,75.86,36.11,0.0,3.125
200,1c8605e0-2b6e-4171-a794-ed7fd9c60b47,Mosquitoes,LivingAgent,41.87321,9.644478,1,15,PUPA,0.683,0,0,0,0.0,0,0,0,1166.0,2.0,73.58,34.94,0.0,2.0833333333333335
100,600a0a27-522a-4a32-a0ef-add595e6992d,Mosquitoes,LivingAgent,41.75302,9.731759,1,450,ADULT,0.727,0,0,0,0.0,0,5,86,1519.0,0.0,1.06,30.59,0.0,1.0416666666666667
200,89afdcfd-9051-42a9-9adb-f0146377f3e3,Mosquitoes,LivingAgent,41.83906,9.632432,1,1634,ADULT,0.313,0,0,0,0.0,0,0,0,1141.0,0.0,38.72,35.93,0.0,2.0833333333333335
100,fed02fd1-2a88-441e-8184-97d247df2452,Mosquitoes,LivingAgent,41.994541,9.678834,1,662,LARVA,0.683,0,0,0,0.0,0,0,67,1506.0,0.0,3.63,36.05,4.1759,1.0416666666666667
100,acc39680-33d6-4558-86cf-ef40a0bbbad3,Mosquitoes,LivingAgent,41.864447,9.645248,1,208,PUPA,0.509,0,0,0,0.0,0,0,0,1174.0,1.0,73.52,34.23,0.0,1.0416666666666667
100,f9d9f9cd-f6c9-4b4d-beb6-674631abab89,Mosquitoes,LivingAgent,41.866268,9.684407,1,1653,ADULT,0.687,0,0,0,0.0,0,0,0,1334.0,0.0,28.63,29.57,0.0,1.0416666666666667
300,731b4802-225e-4227-b371-005881007f15,Mosquitoes,LivingAgent,41.842879,9.643002,1,1142,ADULT,0.571,0,0,0,0.0,0,0,44,1157.0,2.0,71.09,36.65,0.0,3.125
300,3777e180-b6c4-4af0-b480-e9c192b7ae82,Mosquitoes,LivingAgent,41.778764,9.639434,1,124,ADULT,0.48,0,0,0,0.0,0,0,0,1139.0,2.0,43.21,35.28,0.0,3.125
200,d682cb82-a6c3-4444-a62f-f1fc9117888a,Mosquitoes,LivingAgent,41.859426,9.665237,1,721,ADULT,0.471,0,0,0,0.0,0,0,0,1218.0,3.0,84.63,34.65,0.0,2.0833333333333335
300,d43635a0-f15c-4706-af7f-d76927c5049f,Mosquitoes,LivingAgent,41.850955,9.649256,1,1203,ADULT,0.314,0,0,0,0.0,0,0,0,1180.0,3.0,71.23,34.35,0.0,3.125
200,1cfafea5-84b0-42b4-91d4-e6d8a41b6e62,Mosquitoes,LivingAgent,41.850216,9.670186,1,626,ADULT,0.605,0,0,0,0.0,0,0,0,1215.0,2.0,47.75,36.21,0.0,2.0833333333333335
300,8dc27553-5e78-46d9-ab4b-25dd778a1dca,Mosquitoes,LivingAgent,41.852298,9.658432,1,1918,ADULT,0.383,0,0,0,0.0,1,0,0,1196.0,0.0,76.76,36.14,0.0,3.125
100,d9febc52-e631-4980-89f5-bbd5cd42eef3,Mosquitoes,LivingAgent,41.867418,9.664505,1,30,ADULT,0.788,1,0,0,0.0,0,0,0,1213.0,2.0,71.98,31.31,0.0,1.0416666666666667
200,6d0d2399-0ad9-4b8f-8c57-30e39c5f906b,Mosquitoes,LivingAgent,41.866006,9.67737,1,109,ADULT,0.315,0,0,0,0.0,1,1,0,1297.0,0.0,65.65,35.36,4.8128,2.0833333333333335
300,160a908c-4335-42c2-b683-4376f2bff27f,Mosquitoes,LivingAgent,41.87032,9.649443,1,101,PUPA,0.562,0,0,0,0.0,0,0,0,1178.0,2.0,77.93,36.29,0.0,3.125
100,fd06328b-42e0-4fa7-ba82-88f14e7c48dd,Mosquitoes,LivingAgent,41.778047,9.634313,1,267,PUPA,0.521,0,0,0,0.0,0,0,0,1131.0,1.0,40.26,36.4,0.0,1.0416666666666667
100,90078f3b-9934-4993-8044-546b9127785b,Mosquitoes,LivingAgent,41.750861,9.760716,1,0,PUPA,0.704,0,0,0,0.0,0,0,0,1618.0,0.0,2.41,31.16,0.0,1.0416666666666667
100,df5ad5ca-7872-459a-bc97-ff4e2727e075,Mosquitoes,LivingAgent,41.841139,9.634273,1,1125,ADULT,0.559,0,0,0,0.0,1,1,0,1144.0,1.0,47.52,35.65,3.029,1.0416666666666667
100,40536930-bc84-447a-87f9-2ee43ac71540,Mosquitoes,LivingAgent,41.90123,9.711994,1,208,PUPA,0.65,0,0,0,0.0,0,0,0,1391.0,0.0,4.44,36.17,0.0,1.0416666666666667
400,934bae09-9a6c-4eaf-b210-cbc2c954fb0a,Mosquitoes,LivingAgent,41.86889,9.67469,1,547,ADULT,0.372,0,0,0,0.0,0,0,0,1246.0,3.0,73.48,35.29,0.0,4.166666666666667
500,99bbfb87-cff1-46d8-9129-e841dc4a0573,Mosquitoes,LivingAgent,41.750311,9.761017,1,416,ADULT,0.607,1,0,0,0.0,0,5,19,1624.0,0.0,2.49,35.25,0.0,5.208333333333333
100,be052b5d-3239-4ddf-aa00-af08087b1652,Mosquitoes,LivingAgent,42.032805,9.666163,1,1346,ADULT,0.666,0,0,0,0.0,1,0,0,1544.0,0.0,1.11,28.96,0.0,1.0416666666666667
200,4401204c-c3d5-4016-8857-b9f311aeb576,Mosquitoes,LivingAgent,41.813381,9.652486,1,153,PUPA,0.672,0,0,0,0.0,0,0,0,1259.0,0.0,14.78,30.59,0.0,2.0833333333333335
200,a6681028-8403-4763-ba6c-64c97c03bbfa,Mosquitoes,LivingAgent,41.859907,9.672532,1,1332,ADULT,0.324,0,0,0,0.0,0,0,0,1233.0,3.0,89.98,36.08,0.0,2.0833333333333335
500,2a3b9ef7-32c9-4dba-b758-510d28dacbd0,Mosquitoes,LivingAgent,41.824693,9.648862,1,659,ADULT,0.388,0,0,0,0.0,0,0,65,1184.0,1.0,47.81,36.29,0.0,5.208333333333333
200,f5790d77-5198-40ab-ab2c-9693542aa85e,Mosquitoes,LivingAgent,41.78956,9.64211,1,903,ADULT,0.368,0,0,0,0.0,1,2,0,1142.0,1.0,29.72,36.41,0.0,2.0833333333333335
400,e6bf7efc-d1ce-4339-a2f4-ea1c0d6b7a25,Mosquitoes,LivingAgent,41.822665,9.641853,1,142,PUPA,0.791,0,0,0,0.0,0,0,50,1160.0,2.0,40.16,35.27,0.0,4.166666666666667
100,e0490ba7-510b-46fe-be7d-5b9c5efd0ce5,Mosquitoes,LivingAgent,41.841191,9.651999,1,133,PUPA,0.632,0,0,0,0.0,0,0,0,1188.0,5.0,76.57,30.73,0.0,1.0416666666666667
500,5c6bb6be-5c89-443d-9db6-3f1707a3ed44,Mosquitoes,LivingAgent,41.87666,9.659708,1,262,ADULT,0.547,1,0,0,0.0,0,0,54,1209.0,2.0,60.55,36.23,0.0,5.208333333333333
200,f9cf8a51-6e78-4346-8b86-296220bab408,Mosquitoes,LivingAgent,41.748876,9.760998,1,1310,ADULT,0.486,0,0,0,0.0,0,0,0,1638.0,0.0,2.94,31.5,0.0,2.0833333333333335
400,b99ab375-d62b-4f9e-b2eb-7f97f9643560,Mosquitoes,LivingAgent,41.748643,9.765432,1,1560,ADULT,0.323,0,0,0,0.0,0,0,0,1727.0,0.0,3.09,36.11,0.0,4.166666666666667
300,226bb061-d3a8-4b8b-a8ae-1a2756680307,Mosquitoes,LivingAgent,41.848807,9.656793,1,1367,ADULT,0.633,1,0,0,0.0,0,0,28,1185.0,0.0,69.65,32.34,0.0,3.125
300,cd25ba41-6be4-4c6b-820e-6bb1ce246dba,Mosquitoes,LivingAgent,41.865429,9.750305,1,1835,ADULT,0.349,1,0,0,0.0,0,0,0,1542.0,1.0,2.78,33.69,0.0,3.125
200,ff4c3869-823c-4ba0-af75-475af6c68ce2,Mosquitoes,LivingAgent,41.877632,9.696423,1,1257,ADULT,0.499,0,0,0,0.0,0,0,0,1376.0,0.0,6.33,35.71,0.0,2.0833333333333335
300,27f7f8e2-0be9-4753-81e6-0816aaa70b03,Mosquitoes,LivingAgent,41.85018,9.666259,1,244,LARVA,0.622,0,0,0,0.0,0,0,10,1203.0,0.0,70.31,32.34,0.0,3.125
400,5d7e4fc6-d108-4c5f-ba2b-675c863018bd,Mosquitoes,LivingAgent,41.744181,9.765751,1,1486,ADULT,0.372,0,0,0,0.0,0,5,14,1753.0,0.0,3.32,35.92,0.0,4.166666666666667
200,cbcd7502-d661-4f09-9ae3-15b35f66e152,Mosquitoes,LivingAgent,41.873308,9.647872,1,1138,ADULT,0.438,1,0,0,0.0,0,0,0,1168.0,0.0,74.55,33.25,0.0,2.0833333333333335
300,471de2dc-edf6-43f5-8c7e-0390fa5c7c75,Mosquitoes,LivingAgent,41.842473,9.64632,1,1513,ADULT,0.469,0,0,0,0.0,0,0,0,1166.0,1.0,78.19,34.35,0.0,3.125
300,6f0999ed-acd4-4259-8924-1aedb2e5b0a5,Mosquitoes,LivingAgent,41.862049,9.641361,1,21,PUPA,0.524,0,0,0,0.0,0,0,18,1163.0,0.0,62.21,35.98,0.0,3.125
200,449e1408-9082-44ae-8f3e-c08f0127c9c5,Mosquitoes,LivingAgent,41.867458,9.639012,1,172,PUPA,0.641,0,0,0,0.0,0,0,0,1154.0,0.0,34.34,34.79,0.0,2.0833333333333335
200,fde76a04-b4e7-488d-8df5-545e6301c4ba,Mosquitoes,LivingAgent,41.836436,9.634493,1,1563,ADULT,0.453,1,0,0,0.0,0,5,66,1145.0,0.0,45.98,35.45,0.0,2.0833333333333335
300,087812e5-f2db-4eef-b8fa-ee0ae75f1a26,Mosquitoes,LivingAgent,41.826239,9.645145,1,413,ADULT,0.703,0,0,0,0.0,0,0,0,1171.0,1.0,44.5,34.35,0.0,3.125
400,6d81e1c6-bfeb-4530-b6e1-3db9eeb2181d,Mosquitoes,LivingAgent,41.855688,9.65892,1,418,LARVA,0.895,0,0,0,0.0,0,0,9,1195.0,1.0,67.27,34.95,0.0,4.166666666666667
400,e2f54887-574a-4bec-b4e9-3d144c8fb2d8,Mosquitoes,LivingAgent,41.85573,9.653081,1,277,PUPA,0.567,0,0,0,0.0,0,0,0,1181.0,1.0,74.92,35.94,0.0,4.166666666666667
200,76baefee-aeb6-494d-9963-4abc10d514ec,Mosquitoes,LivingAgent,41.841243,9.64515,1,859,LARVA,0.765,0,0,0,0.0,0,0,0,1161.0,0.0,78.2,35.1,0.0,2.0833333333333335
100,b2faf1ee-713b-4985-90d7-06691c096506,Mosquitoes,LivingAgent,41.832394,9.655152,1,566,LARVA,0.799,0,0,0,0.0,0,0,0,1190.0,1.0,62.54,36.13,0.0,1.0416666666666667
300,f207206b-e799-4225-8cac-f7ff6e608bc2,Mosquitoes,LivingAgent,41.871444,9.67157,1,530,LARVA,0.76,0,0,0,0.0,0,0,14,1253.0,0.0,42.88,34.75,0.0,3.125
100,af3392bb-9c29-435d-960b-1911c80b2db0,Mosquitoes,LivingAgent,41.858089,9.675627,1,99,ADULT,0.534,0,0,0,0.0,0,0,0,1241.0,1.0,70.22,35.41,0.0,1.0416666666666667
200,d2ac825c-8e8a-4e19-9e74-5c028d05d8f9,Mosquitoes,LivingAgent,41.8665,9.673694,1,124,PUPA,0.734,0,0,0,0.0,0,0,0,1241.0,4.0,69.89,35.36,4.8128,2.0833333333333335
300,e533d45b-e2d8-4e2c-b87b-525af4d044fd,Mosquitoes,LivingAgent,41.868793,9.750873,1,862,LARVA,0.642,0,0,0,0.0,0,0,27,1515.0,0.0,3.2,36.53,0.0,3.125
100,9b286371-2086-48d4-ba2e-4ebe2e90d096,Mosquitoes,LivingAgent,41.832185,9.656298,1,1137,ADULT,0.326,0,0,0,0.0,0,0,0,1188.0,6.0,61.57,36.13,0.0,1.0416666666666667
200,a9bcb292-0318-4aaa-8e6e-c6e43533dcef,Mosquitoes,LivingAgent,41.863562,9.661859,1,343,PUPA,0.693,0,0,0,0.0,0,0,58,1213.0,3.0,68.54,35.18,0.0,2.0833333333333335
400,432e8d33-527f-46d7-beaf-7ed75c3a48fa,Mosquitoes,LivingAgent,41.809838,9.648044,1,897,ADULT,0.451,0,0,0,0.0,0,5,16,1173.0,2.0,13.55,35.94,0.0,4.166666666666667
200,baa8d2d7-c7d6-498a-9ed4-9636b3d44474,Mosquitoes,LivingAgent,41.846722,9.669101,1,131,PUPA,0.717,0,0,0,0.0,0,0,0,1201.0,0.0,28.3,34.65,0.0,2.0833333333333335
100,4ba1dd5e-e34a-43cc-a7e0-feefe5ef6a84,Mosquitoes,LivingAgent,41.876311,9.660918,1,1210,ADULT,0.349,0,0,0,0.0,1,2,0,1213.0,2.0,67.43,34.23,0.0,1.0416666666666667
300,cb346fe5-f846-456f-8d18-93c782d6d474,Mosquitoes,LivingAgent,41.782511,9.635499,1,293,ADULT,0.453,0,0,0,0.0,0,0,0,1130.0,0.0,43.41,35.28,0.0,3.125
100,2d3295e0-47e3-44b0-ba79-16eba34c8026,Mosquitoes,LivingAgent,41.749316,9.759969,1,1087,ADULT,0.59,0,0,0,0.0,0,0,0,1649.0,0.0,2.82,36.45,0.0,1.0416666666666667
200,f34527e2-47ca-4193-a840-d5e7fa1e21a8,Mosquitoes,LivingAgent,41.80229,9.628126,1,274,PUPA,0.614,0,0,0,0.0,0,0,35,1116.0,2.0,19.2,33.83,0.0,2.0833333333333335
100,035d8f46-c914-4e84-82b9-f6d13b69d942,Mosquitoes,LivingAgent,41.839388,9.644277,1,349,LARVA,0.705,0,0,0,0.0,0,0,0,1160.0,0.0,74.51,35.65,3.029,1.0416666666666667
100,5f7a9507-a6c8-4480-be52-901639fec68b,Mosquitoes,LivingAgent,41.873527,9.6401,1,1589,ADULT,0.688,0,0,0,0.0,1,0,0,1160.0,0.0,55.56,33.91,0.0,1.0416666666666667
100,16e25f4d-09aa-4b3a-9c4c-82713d2d750e,Mosquitoes,LivingAgent,41.82656,9.647392,1,550,ADULT,0.353,0,0,0,0.0,1,1,0,1176.0,0.0,52.93,35.41,0.0,1.0416666666666667
200,f890c538-9a94-4439-a6dc-6c55f5426cc4,Mosquitoes,LivingAgent,41.848675,9.657819,1,120,PUPA,0.52,0,0,0,0.0,0,0,0,1188.0,1.0,72.5,36.08,0.0,2.0833333333333335
100,b925d7de-bfa4-48b9-aebf-dbe23a630e84,Mosquitoes,LivingAgent,41.842684,9.643817,1,268,PUPA,0.607,0,0,0,0.0,0,0,0,1158.0,1.0,73.94,31.18,0.0,1.0416666666666667
300,fe27a655-50aa-4948-89f9-a9ddf13cb643,Mosquitoes,LivingAgent,41.873676,9.647901,1,459,ADULT,0.707,0,0,0,0.0,1,0,0,1169.0,2.0,75.36,35.28,0.0,3.125
100,ddacd134-31e3-438d-9535-5ccfba8f70cb,Mosquitoes,LivingAgent,41.747197,9.76216,1,619,LARVA,0.681,0,0,0,0.0,0,0,0,1662.0,2.0,3.16,35.48,0.0,1.0416666666666667
300,4adcc825-2ad0-4175-9cdc-945cc30d3dc0,Mosquitoes,LivingAgent,41.80019,9.630491,1,464,ADULT,0.659,0,0,0,0.0,0,0,0,1120.0,0.0,20.66,35.98,0.0,3.125
200,eec1e41f-da20-4a05-add5-2394fbff8d33,Mosquitoes,LivingAgent,41.855644,9.670425,1,115,LARVA,0.644,0,0,0,0.0,0,0,20,1225.0,5.0,90.02,36.08,0.0,2.0833333333333335
100,d849407f-46d5-4fde-bede-7abf4db9203f,Mosquitoes,LivingAgent,41.882745,9.647521,1,240,LARVA,0.658,0,0,0,0.0,0,0,0,1179.0,0.0,32.82,35.78,0.0,1.0416666666666667
200,e082f3a5-f1ad-4a0e-8e34-2cb227af5edd,Mosquitoes,LivingAgent,41.848457,9.664452,1,1446,ADULT,0.357,0,0,0,0.0,0,0,70,1202.0,0.0,58.23,34.65,0.0,2.0833333333333335
200,ba7b4a92-eb9a-4ceb-8f24-6aea357d959a,Mosquitoes,LivingAgent,41.869582,9.676962,1,627,LARVA,0.848,0,0,0,0.0,0,0,0,1258.0,4.0,80.94,35.18,0.0,2.0833333333333335
300,be51c8fa-0636-46b2-9921-7f8f8ad96294,Mosquitoes,LivingAgent,41.752045,9.759998,1,490,LARVA,0.608,0,0,0,0.0,0,0,0,1612.0,0.0,2.09,36.63,0.0,3.125
200,c46c09dd-0f30-4093-896c-8ec91f5c65ac,Mosquitoes,LivingAgent,41.881262,9.645056,1,1702,ADULT,0.442,0,0,0,0.0,0,0,11,1175.0,0.0,30.86,34.79,0.0,2.0833333333333335
200,94cd082f-3979-4050-ba01-ea16b3bef4c6,Mosquitoes,LivingAgent,41.843342,9.654178,1,915,ADULT,0.767,0,0,0,0.0,0,0,0,1194.0,0.0,79.51,35.1,0.0,2.0833333333333335
100,3ffc3bde-39cd-4e79-bcc4-05683650a831,Mosquitoes,LivingAgent,41.873821,9.697819,1,1050,ADULT,0.721,0,0,0,0.0,0,0,26,1376.0,0.0,7.95,36.17,0.0,1.0416666666666667
200,df072e97-c833-4e3c-8c41-699103b704ce,Mosquitoes,LivingAgent,41.823048,9.640607,1,736,ADULT,0.64,0,0,0,0.0,0,0,0,1157.0,3.0,29.26,35.45,0.0,2.0833333333333335
100,9e04cfd3-4e44-499a-9842-196dcf5ce5d4,Mosquitoes,LivingAgent,41.748042,9.764416,1,42,ADULT,0.329,0,0,0,0.0,0,0,12,1709.0,0.0,3.17,35.48,0.0,1.0416666666666667
100,fbba4a4c-c194-41b1-a5cc-eca9bb111805,Mosquitoes,LivingAgent,41.863564,9.649315,1,521,ADULT,0.481,0,0,0,0.0,0,0,94,1184.0,0.0,74.63,35.78,0.0,1.0416666666666667
200,c37fcc49-aa4f-44f8-b4e9-5d6d4c22b5a8,Mosquitoes,LivingAgent,41.782645,9.639771,0,147,ADULT,0.495,0,0,0,0.0,0,5,97,1141.0,0.0,37.02,33.2,0.0,2.0833333333333335
200,2142d3a0-fae1-4d97-8941-d5034c533eff,Mosquitoes,LivingAgent,41.847465,9.625312,1,464,ADULT,0.751,0,0,0,0.0,0,0,42,1117.0,0.0,16.9,31.21,0.0,2.0833333333333335
300,82e07692-1e3d-485e-9cee-d58bf8771f10,Mosquitoes,LivingAgent,41.882064,9.75916,0,1426,ADULT,0.6,0,0,0,0.0,0,5,97,1557.0,0.0,4.77,36.07,0.0,3.125
100,a6fdae08-c81c-4dc9-81be-aff43ad1982f,Mosquitoes,LivingAgent,41.850018,9.650463,1,504,ADULT,0.702,0,0,0,0.0,0,0,0,1182.0,1.0,75.7,30.73,0.0,1.0416666666666667
300,a77862ef-566d-4234-b765-3ba3ce134a00,Mosquitoes,LivingAgent,41.823699,9.643465,1,1126,ADULT,0.641,0,0,0,0.0,1,1,0,1165.0,1.0,46.28,34.67,0.0,3.125
300,59439066-c0d6-49ec-a086-65fa2fa62ab5,Mosquitoes,LivingAgent,41.844132,9.639756,1,1671,ADULT,0.611,0,0,0,0.0,0,0,44,1150.0,2.0,48.34,35.98,0.0,3.125
200,3da3c235-8529-4f15-9e79-40cfca3bfd7b,Mosquitoes,LivingAgent,41.838157,9.642561,1,998,ADULT,0.348,0,0,0,0.0,0,5,5,1155.0,1.0,71.4,35.45,0.0,2.0833333333333335
100,8d2ffb5f-4f19-4d5f-ade3-e58b72d47c1c,Mosquitoes,LivingAgent,41.844912,9.64171,1,725,LARVA,0.789,0,0,0,0.0,0,0,0,1160.0,1.0,54.0,28.98,0.0,1.0416666666666667
300,67504018-61d8-4be3-99bb-ea97e19c892b,Mosquitoes,LivingAgent,41.840871,9.616199,0,858,ADULT,0.792,0,0,0,0.0,0,0,97,1105.0,0.0,4.97,36.65,0.0,3.125
100,1bd2ad32-0bef-4627-b734-3b6d2378fe4c,Mosquitoes,LivingAgent,41.883885,9.661378,1,530,LARVA,0.738,0,0,0,0.0,0,0,19,1231.0,2.0,49.32,33.18,0.0,1.0416666666666667
400,7427cfb0-79af-4259-85fe-64c3f7f0b002,Mosquitoes,LivingAgent,41.86461,9.655956,1,508,LARVA,0.772,0,0,0,0.0,0,0,22,1198.0,1.0,77.33,34.81,0.0,4.166666666666667
300,ab5b0f66-3b3e-4ea9-97de-7172a0d7c389,Mosquitoes,LivingAgent,41.860751,9.660465,1,57,PUPA,0.579,0,0,0,0.0,0,0,0,1206.0,1.0,70.0,32.34,0.0,3.125
100,1587f209-ea04-444b-bb1a-e9bb3b5e721d,Mosquitoes,LivingAgent,41.806481,9.629741,1,1041,ADULT,0.607,0,0,0,0.0,0,0,0,1122.0,0.0,14.12,34.96,0.0,1.0416666666666667
500,a4d500ef-1db5-458d-bbcc-bf393102ec85,Mosquitoes,LivingAgent,41.854201,9.677878,1,286,ADULT,0.592,1,0,0,0.0,0,5,36,1274.0,3.0,50.96,36.29,0.0,5.208333333333333
400,333d0d17-2623-4fc1-892e-04b6dea1ab23,Mosquitoes,LivingAgent,41.81021,9.650166,1,37,LARVA,0.625,0,0,0,0.0,0,0,0,1192.0,1.0,8.69,35.94,0.0,4.166666666666667
100,14cfc5b1-b052-4b29-92f9-12575743e67a,Mosquitoes,LivingAgent,41.835151,9.64612,1,1375,ADULT,0.694,0,0,0,0.0,0,0,52,1165.0,1.0,86.85,33.65,0.0,1.0416666666666667
100,959b7f01-64a9-437c-8b27-467b871a122f,Mosquitoes,LivingAgent,41.845217,9.650388,1,412,ADULT,0.777,0,0,0,0.0,0,5,44,1186.0,2.0,78.57,33.65,0.0,1.0416666666666667
100,374cfeaa-b1ed-460d-848c-92a93d9e88ad,Mosquitoes,LivingAgent,41.85064,9.667544,1,893,ADULT,0.631,0,0,0,0.0,0,0,78,1204.0,2.0,65.75,27.71,0.0,1.0416666666666667
400,dbef3531-2e76-4d02-b90d-b80d83bc947e,Mosquitoes,LivingAgent,41.843098,9.660997,1,152,LARVA,0.704,0,0,0,0.0,0,0,0,1201.0,3.0,67.65,35.94,0.0,4.166666666666667
400,e76aab8c-a952-4cd4-994d-de55d7c2c028,Mosquitoes,LivingAgent,41.873071,9.651365,1,433,ADULT,0.433,0,0,0,0.0,0,0,0,1182.0,0.0,79.61,36.74,5.5531,4.166666666666667
200,84ddefb2-15eb-4274-bf40-56d9884dc72c,Mosquitoes,LivingAgent,41.842635,9.633568,1,54,LARVA,0.899,0,0,0,0.0,0,0,0,1139.0,2.0,41.98,35.82,0.0,2.0833333333333335
400,5f666493-c17e-4711-a2bf-15a30768a105,Mosquitoes,LivingAgent,41.894398,9.656955,1,263,PUPA,0.518,0,0,0,0.0,0,0,0,1242.0,0.0,10.26,35.29,0.0,4.166666666666667
300,1a37cb94-f83e-4fcd-b71f-5f5eec2f5387,Mosquitoes,LivingAgent,41.853162,9.654204,1,1145,ADULT,0.353,1,0,0,0.0,0,0,0,1181.0,5.0,59.43,36.11,0.0,3.125
400,a8502cb9-9a41-48af-9af1-8c123433ab24,Mosquitoes,LivingAgent,41.848792,9.65565,1,136,PUPA,0.773,0,0,0,0.0,0,0,26,1181.0,2.0,70.15,34.95,0.0,4.166666666666667
500,60871405-57c4-48c4-b70c-6fd4bbaf4629,Mosquitoes,LivingAgent,41.889289,9.662537,1,1166,ADULT,0.512,0,0,0,0.0,0,0,31,1341.0,0.0,23.7,36.23,0.0,5.208333333333333
200,13a1886a-6fc1-4f70-9c9e-ba976b08ee4e,Mosquitoes,LivingAgent,41.868414,9.67771,1,1340,ADULT,0.454,1,0,0,0.0,0,0,0,1271.0,1.0,78.38,35.36,4.8128,2.0833333333333335
300,59734ba3-4fdd-4676-ab3f-e90214eb0739,Mosquitoes,LivingAgent,41.810601,9.646172,1,457,LARVA,0.726,0,0,0,0.0,0,0,0,1165.0,1.0,23.67,36.11,0.0,3.125
100,4a188d84-58cd-45c7-b054-8acaf8125bf8,Mosquitoes,LivingAgent,42.030911,9.666462,1,238,ADULT,0.5,0,0,0,0.0,0,0,0,1542.0,0.0,1.14,36.35,0.0,1.0416666666666667
200,cfe94a30-6fd7-4b9f-a29b-c987cd969141,Mosquitoes,LivingAgent,41.751509,9.761882,1,660,ADULT,0.78,0,0,0,0.0,1,1,0,1620.0,0.0,2.15,31.5,0.0,2.0833333333333335
100,87ce1761-3699-440c-a3ae-2ce004308765,Mosquitoes,LivingAgent,41.876761,9.694887,1,1338,ADULT,0.558,1,0,0,0.0,0,0,0,1330.0,0.0,6.66,29.57,0.0,1.0416666666666667
300,3158cd17-561b-4c35-9c01-b58410379aee,Mosquitoes,LivingAgent,41.823996,9.641859,1,25,ADULT,0.686,1,0,0,0.0,0,0,1,1161.0,2.0,32.98,34.67,0.0,3.125
300,2ff345b4-301f-4729-8e6d-29c380a03ed0,Mosquitoes,LivingAgent,41.844639,9.647157,1,688,ADULT,0.416,0,0,0,0.0,0,0,0,1180.0,0.0,79.02,34.35,0.0,3.125
300,ffcb2098-2ed7-4b98-a86d-02cb51ab9ce1,Mosquitoes,LivingAgent,41.822339,9.664634,1,121,PUPA,0.529,0,0,0,0.0,0,0,0,1215.0,0.0,9.58,36.14,0.0,3.125
100,bf12ad89-c8e7-4fe5-aedf-dc2c1e943634,Mosquitoes,LivingAgent,41.870063,9.65222,1,332,LARVA,0.889,0,0,0,0.0,0,0,0,1185.0,2.0,78.33,35.53,0.0,1.0416666666666667
400,f2bd4d7c-11bf-4515-bbba-4fafa2a19a75,Mosquitoes,LivingAgent,41.873011,9.644897,1,354,LARVA,0.631,0,0,0,0.0,0,0,67,1164.0,2.0,73.83,36.36,0.0,4.166666666666667
200,cd687626-075e-4d79-ada3-e39782aa79b0,Mosquitoes,LivingAgent,41.856247,9.666973,1,71,PUPA,0.779,0,0,0,0.0,0,0,0,1218.0,1.0,89.48,36.21,0.0,2.0833333333333335
200,eeef0da1-0c0f-417a-838a-5babaad7610b,Mosquitoes,LivingAgent,41.852024,9.657581,1,818,LARVA,0.626,0,0,0,0.0,0,0,30,1194.0,2.0,75.38,36.21,0.0,2.0833333333333335
100,e5deeb8f-cb68-4127-b27f-fbf08482aa29,Mosquitoes,LivingAgent,41.877475,9.64158,1,1918,ADULT,0.323,0,0,0,0.0,1,1,0,1166.0,2.0,42.69,32.44,0.0,1.0416666666666667
200,ac0df5ea-3d64-42f2-84f3-aa7e78407297,Mosquitoes,LivingAgent,41.869977,9.662217,1,405,ADULT,0.589,0,0,0,0.0,0,0,0,1205.0,5.0,63.79,34.56,0.0,2.0833333333333335
200,53e539b1-6616-4223-88b1-e1197732badf,Mosquitoes,LivingAgent,41.830497,9.658059,1,793,ADULT,0.37,0,0,0,0.0,1,0,0,1195.0,2.0,49.5,35.1,0.0,2.0833333333333335
400,d084a419-c58a-4161-a241-840a9f9d53d2,Mosquitoes,LivingAgent,41.864102,9.672562,1,194,LARVA,0.67,0,0,0,0.0,0,0,0,1232.0,0.0,76.01,36.74,5.5531,4.166666666666667
300,ba7b382f-81b0-49e9-b57f-b964a943ca3e,Mosquitoes,LivingAgent,41.937634,9.772795,1,651,LARVA,0.807,0,0,0,0.0,0,0,0,1970.0,0.0,2.39,35.19,0.0,3.125
200,6c450922-e9c9-4e87-8df4-8f6feebee457,Mosquitoes,LivingAgent,41.797063,9.631667,1,534,LARVA,0.801,0,0,0,0.0,0,0,0,1116.0,0.0,22.4,34.09,4.6437,2.0833333333333335
300,5a9fb8d9-0996-4d1d-b71e-eff7aee7bfa3,Mosquitoes,LivingAgent,41.750939,9.761496,1,269,LARVA,0.735,0,0,0,0.0,0,0,0,1621.0,0.0,2.37,33.65,0.0,3.125
300,414b7ddf-0e1c-45fb-890c-feadbcf16a59,Mosquitoes,LivingAgent,41.874899,9.660229,1,832,LARVA,0.823,0,0,0,0.0,0,0,63,1212.0,2.0,71.78,35.28,0.0,3.125
300,22bc3c66-9213-428d-ae4a-7c8c9ea30645,Mosquitoes,LivingAgent,41.747587,9.764549,1,608,ADULT,0.577,0,0,0,0.0,0,0,0,1715.0,0.0,3.25,33.65,0.0,3.125
100,11ad7e7d-7f04-4912-b8e5-0510fc9a6749,Mosquitoes,LivingAgent,41.850089,9.65304,1,908,ADULT,0.721,0,0,0,0.0,1,3,0,1181.0,2.0,63.58,33.65,0.0,1.0416666666666667
200,f964bf01-ec72-4aec-bbf5-f3c1256f3978,Mosquitoes,LivingAgent,41.750567,9.760013,1,259,PUPA,0.632,0,0,0,0.0,0,0,0,1624.0,0.0,2.48,35.46,3.6007,2.0833333333333335
200,921d768f-3183-46da-a321-701ea58301fd,Mosquitoes,LivingAgent,41.817067,9.650047,1,784,LARVA,0.796,0,0,0,0.0,0,0,3,1181.0,1.0,39.67,34.65,0.0,2.0833333333333335
200,50e07937-4aad-4066-84d1-9f001f7889ae,Mosquitoes,LivingAgent,41.846506,9.665914,1,345,LARVA,0.65,0,0,0,0.0,0,0,0,1206.0,0.0,42.66,32.84,0.0,2.0833333333333335
400,3b02dbd6-8daf-4d6f-81a0-a8751477f620,Mosquitoes,LivingAgent,41.992415,9.711981,1,754,ADULT,0.422,0,0,0,0.0,0,5,63,1664.0,0.0,1.16,36.13,0.0,4.166666666666667
300,bc7e3b33-86f2-4af2-b393-70742584238c,Mosquitoes,LivingAgent,41.855087,9.666751,1,1020,ADULT,0.735,1,0,0,0.0,0,0,0,1214.0,1.0,92.08,36.11,0.0,3.125
200,ee781459-f43d-4059-a99e-9d885f452621,Mosquitoes,LivingAgent,41.804355,9.631207,1,448,LARVA,0.82,0,0,0,0.0,0,0,0,1124.0,0.0,19.08,31.21,0.0,2.0833333333333335
200,ae2c066b-664e-4b81-8e7a-ede70d1243a4,Mosquitoes,LivingAgent,41.877355,9.638366,1,629,ADULT,0.502,0,0,0,0.0,1,3,0,1175.0,0.0,37.32,32.56,0.0,2.0833333333333335
200,cf9decd1-2bd0-4c20-ade6-cbad161231ab,Mosquitoes,LivingAgent,41.841238,9.659712,1,130,LARVA,0.753,0,0,0,0.0,0,0,0,1198.0,0.0,83.24,36.08,0.0,2.0833333333333335
400,78f96db1-9d17-45d3-bbdf-7c14d3fd9974,Mosquitoes,LivingAgent,41.881407,9.640386,1,127,PUPA,0.589,0,0,0,0.0,0,0,0,1237.0,0.0,19.9,36.36,0.0,4.166666666666667
100,79a7a5a8-448e-4c31-8d95-80b0a1ce2d0c,Mosquitoes,LivingAgent,41.887449,9.657773,1,182,LARVA,0.651,0,0,0,0.0,0,0,18,1214.0,0.0,38.2,35.78,0.0,1.0416666666666667
500,5859bc29-ffe8-42ad-a5be-b15b7a5bbd8f,Mosquitoes,LivingAgent,41.783858,9.63662,1,1149,ADULT,0.514,0,0,0,0.0,0,5,25,1134.0,1.0,42.02,35.49,0.0,5.208333333333333
200,62e41648-b4b3-4d30-8c85-9c1da32b1369,Mosquitoes,LivingAgent,41.877385,9.66382,1,467,LARVA,0.608,0,0,0,0.0,0,0,0,1219.0,2.0,71.25,33.84,0.0,2.0833333333333335
500,46c606e8-78c5-4006-bcf4-28e3ba9f9299,Mosquitoes,LivingAgent,41.869351,9.650962,1,1430,ADULT,0.38,0,0,0,0.0,0,5,31,1180.0,1.0,76.88,36.6,0.0,5.208333333333333
100,67224673-1b9c-46b3-9def-acf1920c8dfe,Mosquitoes,LivingAgent,41.846144,9.645758,1,689,ADULT,0.401,0,0,0,0.0,1,3,0,1173.0,1.0,74.76,35.46,0.0,1.0416666666666667
100,fcbf74db-c456-4a41-bb60-abf722779410,Mosquitoes,LivingAgent,41.862928,9.687909,1,1596,ADULT,0.752,1,0,0,0.0,0,0,0,1296.0,0.0,41.85,36.85,0.0,1.0416666666666667
100,eff386cb-9bd4-46f5-9eb7-23bd9f512036,Mosquitoes,LivingAgent,41.875879,9.6748,1,1352,ADULT,0.675,0,0,0,0.0,0,0,0,1260.0,0.0,44.24,36.65,0.0,1.0416666666666667
400,6cd10bfc-6a98-4024-9a18-85dc420eef1a,Mosquitoes,LivingAgent,41.835392,9.634529,1,743,ADULT,0.356,0,0,0,0.0,0,0,68,1148.0,2.0,45.42,36.58,2.811,4.166666666666667
200,0423f030-5fde-45e6-8fa6-340312c841f3,Mosquitoes,LivingAgent,41.866137,9.647027,1,238,LARVA,0.717,0,0,0,0.0,0,0,69,1170.0,0.0,75.7,35.36,4.8128,2.0833333333333335
400,557d2d67-ac98-4494-a5e9-5686fb8b06bc,Mosquitoes,LivingAgent,41.825393,9.643382,1,1729,ADULT,0.737,0,0,0,0.0,0,0,66,1165.0,2.0,36.43,35.27,0.0,4.166666666666667
300,572b3813-251f-4ec0-a7fc-54e2042781d7,Mosquitoes,LivingAgent,41.865516,9.674005,1,974,ADULT,0.532,0,0,0,0.0,0,0,0,1240.0,2.0,72.29,33.62,0.0,3.125
100,84dd0c13-72f1-4037-979c-29f6ab13cd74,Mosquitoes,LivingAgent,41.840806,9.642976,1,877,LARVA,0.674,0,0,0,0.0,0,0,0,1161.0,0.0,66.16,35.65,3.029,1.0416666666666667
200,6fe38787-1a68-4e2d-8f41-b6eabc6fe616,Mosquitoes,LivingAgent,41.826606,9.640511,1,699,ADULT,0.565,1,0,0,0.0,1,3,0,1155.0,0.0,23.98,33.83,0.0,2.0833333333333335
100,8bfab237-20a0-4b12-8875-2e3df24fd643,Mosquitoes,LivingAgent,41.862142,9.675673,1,497,LARVA,0.686,0,0,0,0.0,0,0,70,1316.0,0.0,75.53,36.55,0.0,1.0416666666666667
300,7aed05c0-a1cd-4e82-9749-8ecbd4312aad,Mosquitoes,LivingAgent,41.781815,9.635607,1,53,LARVA,0.893,0,0,0,0.0,0,0,45,1132.0,1.0,43.92,35.28,0.0,3.125
200,ae45dea4-3d89-42d0-8cab-c7aafd26f9df,Mosquitoes,LivingAgent,41.907704,9.623962,1,107,PUPA,0.766,0,0,0,0.0,0,0,89,1151.0,0.0,4.03,35.57,0.0,2.0833333333333335
200,9c5577cd-332a-45ed-916d-4b0fdeef996e,Mosquitoes,LivingAgent,41.861731,9.654209,1,71,PUPA,0.773,0,0,0,0.0,0,0,0,1194.0,2.0,74.69,30.59,0.0,2.0833333333333335
100,b1dc65c6-2be5-4477-a302-5f3fd2d98212,Mosquitoes,LivingAgent,41.787989,9.643199,1,686,LARVA,0.713,0,0,0,0.0,0,0,0,1139.0,0.0,28.4,33.03,0.0,1.0416666666666667
200,c0c54859-e969-4493-8179-d3bbfa3a99a5,Mosquitoes,LivingAgent,41.851616,9.669208,1,294,LARVA,0.859,0,0,0,0.0,0,0,75,1208.0,6.0,69.15,36.21,0.0,2.0833333333333335
100,1a66a732-a6c2-483d-a0e4-2c92695f22c5,Mosquitoes,LivingAgent,41.854182,9.674016,1,512,ADULT,0.438,0,0,0,0.0,0,5,88,1222.0,1.0,59.93,36.55,0.0,1.0416666666666667
200,f81249ec-a751-4340-81c0-875323e6294f,Mosquitoes,LivingAgent,41.856434,9.669617,1,18,PUPA,0.605,0,0,0,0.0,0,0,0,1223.0,1.0,89.85,30.59,0.0,2.0833333333333335
200,f563c463-9823-40b3-b493-c98493c72cec,Mosquitoes,LivingAgent,41.869296,9.675258,1,553,LARVA,0.815,0,0,0,0.0,0,0,0,1250.0,3.0,78.65,35.18,0.0,2.0833333333333335
300,bbd14f18-a7ef-4daa-8495-b043edb18f21,Mosquitoes,LivingAgent,42.031804,9.667818,1,939,ADULT,0.469,1,0,0,0.0,1,0,0,1550.0,0.0,1.19,35.28,0.0,3.125
400,9c3e15a7-7277-4de0-9b2b-b8b9ee7a0119,Mosquitoes,LivingAgent,41.871429,9.673123,1,1051,ADULT,0.771,0,0,0,0.0,0,0,0,1247.0,3.0,60.56,35.29,0.0,4.166666666666667
100,342e2d65-c71b-4f45-9fa8-ac4c8e31d19d,Mosquitoes,LivingAgent,41.869796,9.675441,1,19,PUPA,0.734,0,0,0,0.0,0,0,0,1257.0,2.0,83.55,33.18,0.0,1.0416666666666667
400,159a2bde-8d7d-487e-9384-542284214edc,Mosquitoes,LivingAgent,41.852483,9.657079,1,266,LARVA,0.881,0,0,0,0.0,0,0,73,1194.0,0.0,73.18,35.94,0.0,4.166666666666667
100,9e89d4a7-3c03-4d5c-a6ca-c20d06c29af8,Mosquitoes,LivingAgent,41.877837,9.695609,1,99,LARVA,0.9,0,0,0,0.0,0,0,0,1344.0,0.0,6.44,36.47,0.0,1.0416666666666667
300,7b58122a-f45a-44c2-9619-be0b98455a64,Mosquitoes,LivingAgent,41.857416,9.642982,1,463,ADULT,0.341,0,0,0,0.0,0,0,93,1163.0,0.0,55.15,36.65,0.0,3.125
300,eaebb0f0-00c9-4153-a48f-c680dc56ad84,Mosquitoes,LivingAgent,41.854486,9.654196,1,54,PUPA,0.589,0,0,0,0.0,0,0,0,1182.0,2.0,60.64,36.14,0.0,3.125
100,5e1abc3e-8fe4-44bc-ad7f-3e8088781395,Mosquitoes,LivingAgent,41.86748,9.648621,1,173,PUPA,0.603,0,0,0,0.0,0,0,0,1176.0,1.0,75.74,33.18,0.0,1.0416666666666667
200,b97b3d04-70ca-4d4d-8938-0daad72357c8,Mosquitoes,LivingAgent,41.850375,9.670142,1,717,LARVA,0.617,0,0,0,0.0,0,0,0,1215.0,1.0,48.53,30.59,0.0,2.0833333333333335
200,eaf57222-f983-44f2-83fb-cde4f63069ce,Mosquitoes,LivingAgent,41.839254,9.608268,1,1705,ADULT,0.569,0,0,0,0.0,0,5,22,1090.0,0.0,4.16,30.5,0.0,2.0833333333333335
500,974e0a40-170f-404a-b361-ee6c16190b0b,Mosquitoes,LivingAgent,41.842206,9.641801,1,74,ADULT,0.459,0,0,0,0.0,0,0,26,1159.0,0.0,55.61,35.93,0.0,5.208333333333333
100,fdaa21b3-1e42-4a3c-94e2-1539e3725ca0,Mosquitoes,LivingAgent,41.869589,9.651502,1,283,ADULT,0.434,1,0,0,0.0,0,0,0,1181.0,0.0,76.6,34.23,0.0,1.0416666666666667
500,0c3ebe4f-b30d-4586-b3cb-05c981c0fb13,Mosquitoes,LivingAgent,41.828912,9.653724,1,607,ADULT,0.723,0,0,0,0.0,0,5,55,1183.0,0.0,46.3,36.29,0.0,5.208333333333333
300,dbf4e406-48c9-480b-8306-1f8d89fdbc6c,Mosquitoes,LivingAgent,41.879372,9.647097,1,959,ADULT,0.474,0,0,0,0.0,0,5,10,1184.0,2.0,54.78,33.62,0.0,3.125
200,80b8fd42-ede0-434e-af57-2a3dd5462dd2,Mosquitoes,LivingAgent,41.972771,9.739915,0,106,PUPA,0.698,0,0,0,0.0,0,0,97,1709.0,0.0,1.35,33.61,0.0,2.0833333333333335
100,ba9a3893-1ad7-4fce-ad90-39ec759d6cbf,Mosquitoes,LivingAgent,41.826514,9.642501,1,1220,ADULT,0.797,0,0,0,0.0,1,1,0,1162.0,1.0,34.74,34.87,1.2546,1.0416666666666667
100,15123593-a504-444c-affd-401e7f1d332e,Mosquitoes,LivingAgent,41.850281,9.666057,1,111,ADULT,0.488,0,0,0,0.0,0,0,0,1202.0,3.0,72.15,35.41,0.0,1.0416666666666667
100,f0c8b741-b0d0-4002-ac2c-98a5d215a766,Mosquitoes,LivingAgent,41.750022,9.76014,1,1682,ADULT,0.414,0,0,0,0.0,0,0,0,1631.0,2.0,2.53,35.64,0.0,1.0416666666666667
400,e45c8167-0cf8-4a7b-b0fc-0558c02fe9e6,Mosquitoes,LivingAgent,41.865432,9.662838,1,235,LARVA,0.837,0,0,0,0.0,0,0,41,1211.0,0.0,68.65,34.81,0.0,4.166666666666667
200,3ee19d78-571e-45f9-a187-db82c3c624aa,Mosquitoes,LivingAgent,41.88874,9.661834,1,153,ADULT,0.494,1,0,0,0.0,0,0,0,1285.0,0.0,28.75,35.36,4.8128,2.0833333333333335
200,def5ab15-9c77-44a9-af64-1e97864003ff,Mosquitoes,LivingAgent,41.844886,9.659756,1,339,LARVA,0.824,0,0,0,0.0,0,0,0,1193.0,1.0,56.62,36.21,0.0,2.0833333333333335
300,8f856a9b-c105-4a2f-bc81-8bd998bbc8b6,Mosquitoes,LivingAgent,41.817682,9.646471,1,1912,ADULT,0.761,1,0,0,0.0,1,4,0,1175.0,0.0,48.54,32.34,0.0,3.125
100,d79fcd09-b018-47ec-8c13-80c3e80cc323,Mosquitoes,LivingAgent,42.008771,9.6878,0,1921,ADULT,0.46,1,0,0,0.0,0,5,19,1541.0,0.0,3.35,35.83,0.0,1.0416666666666667
100,8866ebe0-3a12-450f-9a60-7d734a9ba5cc,Mosquitoes,LivingAgent,41.926482,9.774743,1,461,ADULT,0.315,0,0,0,0.0,1,2,0,1779.0,0.0,3.48,31.82,5.6555,1.0416666666666667
300,0d5ff29b-4126-4901-9ee6-ec7c548cba80,Mosquitoes,LivingAgent,41.842321,9.645853,1,644,ADULT,0.599,0,0,0,0.0,1,2,0,1166.0,2.0,77.41,36.14,0.0,3.125
300,c07125fb-3057-4d40-b89c-937d6fee4345,Mosquitoes,LivingAgent,41.766992,9.629009,1,234,ADULT,0.758,1,0,0,0.0,0,0,17,1121.0,2.0,6.62,34.11,0.0,3.125
200,62bb48f3-62f1-41df-b666-89a4feaec379,Mosquitoes,LivingAgent,41.875862,9.661676,1,618,ADULT,0.549,0,0,0,0.0,0,0,0,1216.0,1.0,73.14,34.56,0.0,2.0833333333333335
100,db41d874-9cb0-441b-97a5-308000b72124,Mosquitoes,LivingAgent,41.86795,9.677718,1,1319,ADULT,0.412,1,0,0,0.0,1,3,0,1276.0,2.0,79.17,34.23,0.0,1.0416666666666667
300,223069ed-2aa3-4e58-9b1c-37462951d252,Mosquitoes,LivingAgent,41.782064,9.639467,1,167,PUPA,0.728,0,0,0,0.0,0,0,0,1140.0,0.0,41.37,33.7,0.0,3.125
100,ccf8f68b-add2-48f3-b450-dc58be1cebdd,Mosquitoes,LivingAgent,41.873475,9.643526,1,53,PUPA,0.58,0,0,0,0.0,0,0,0,1169.0,2.0,74.02,32.44,0.0,1.0416666666666667
100,1f5ac6b0-8a7a-4b27-91c2-328c8edf75cc,Mosquitoes,LivingAgent,41.864068,9.675959,1,429,LARVA,0.851,0,0,0,0.0,0,0,0,1289.0,0.0,67.2,31.31,0.0,1.0416666666666667
200,1a2155b3-ff71-41e0-b1a3-312416b3e1aa,Mosquitoes,LivingAgent,41.902717,9.654477,1,868,LARVA,0.763,0,0,0,0.0,0,0,0,1441.0,0.0,3.7,35.36,4.8128,2.0833333333333335
100,3db6586d-4b64-44df-b450-243ea338c522,Mosquitoes,LivingAgent,41.826626,9.646823,1,1519,ADULT,0.579,1,0,0,0.0,0,0,54,1174.0,3.0,52.61,33.65,0.0,1.0416666666666667
400,30e3aeaf-48bf-440e-8405-e63943b70d2b,Mosquitoes,LivingAgent,41.873419,9.661065,1,74,PUPA,0.791,0,0,0,0.0,0,0,0,1212.0,0.0,67.63,34.81,0.0,4.166666666666667
400,b39731b9-9d02-48d2-822b-cb124b5c2f26,Mosquitoes,LivingAgent,41.863636,9.651226,1,1249,ADULT,0.773,0,0,0,0.0,1,2,0,1186.0,0.0,75.06,34.81,0.0,4.166666666666667
400,7d405841-9d6d-40d5-98bc-87211115db66,Mosquitoes,LivingAgent,41.865864,9.704318,1,1692,ADULT,0.58,1,0,0,0.0,0,0,18,1340.0,0.0,6.2,36.17,0.0,4.166666666666667
200,6160730b-ae44-4acd-a430-c9f8a986de3d,Mosquitoes,LivingAgent,41.778303,9.63484,1,1055,ADULT,0.387,0,0,0,0.0,0,5,8,1132.0,2.0,41.43,33.2,0.0,2.0833333333333335
300,601c067f-dc84-46d7-b757-ef223af53613,Mosquitoes,LivingAgent,41.857233,9.658246,1,783,LARVA,0.774,0,0,0,0.0,0,0,0,1192.0,0.0,52.71,32.34,0.0,3.125
100,cdec41a2-8e2c-4d73-905a-07d4475ab84b,Mosquitoes,LivingAgent,41.797569,9.630282,1,421,ADULT,0.481,0,0,0,0.0,0,0,0,1116.0,0.0,23.15,28.98,0.0,1.0416666666666667
200,10e465d7-6f41-475a-9a98-3905b7033c2f,Mosquitoes,LivingAgent,41.877635,9.695116,1,487,ADULT,0.514,0,0,0,0.0,1,1,0,1332.0,0.0,6.47,35.11,3.2118,2.0833333333333335
400,39bff3ba-4fb3-4368-b2a0-002ae09f92d0,Mosquitoes,LivingAgent,41.846623,9.666499,1,191,PUPA,0.69,0,0,0,0.0,0,0,13,1204.0,1.0,36.87,35.94,0.0,4.166666666666667
300,a542d6d4-409e-492e-ac5d-eac00fc91bcd,Mosquitoes,LivingAgent,41.866926,9.662713,1,1668,ADULT,0.751,0,0,0,0.0,0,5,50,1207.0,5.0,70.87,36.29,0.0,3.125
200,e0a0c604-c718-45b6-9c29-ff037a4be17c,Mosquitoes,LivingAgent,41.865189,9.601788,1,1517,ADULT,0.765,0,0,0,0.0,1,3,0,1088.0,0.0,3.15,34.86,0.0,2.0833333333333335
100,ec45d349-5d81-43e1-bc53-f8a8b262c66a,Mosquitoes,LivingAgent,41.868718,9.661995,1,1660,ADULT,0.414,0,0,0,0.0,1,2,0,1206.0,4.0,66.21,34.23,0.0,1.0416666666666667
200,0d5ce107-4719-469a-a1fd-65b42a97488a,Mosquitoes,LivingAgent,41.869227,9.675284,1,650,ADULT,0.333,0,0,0,0.0,0,0,62,1249.0,1.0,79.4,33.25,0.0,2.0833333333333335
200,3c0b5c95-9ef3-43e2-8875-b3a2cef8b987,Mosquitoes,LivingAgent,41.849745,9.65611,1,1414,ADULT,0.787,0,0,0,0.0,1,2,0,1183.0,2.0,71.79,30.59,0.0,2.0833333333333335
300,6fa43742-d0b1-45c9-a5e8-fa985d095ef0,Mosquitoes,LivingAgent,41.786831,9.643758,1,1456,ADULT,0.632,1,0,0,0.0,0,0,0,1143.0,0.0,26.21,35.28,0.0,3.125
100,3ceb2e60-ac66-4e25-ae5d-2cd28ee497c5,Mosquitoes,LivingAgent,41.867975,9.665253,1,698,LARVA,0.777,0,0,0,0.0,0,0,4,1217.0,2.0,72.81,35.53,0.0,1.0416666666666667
100,c6f0728a-23b2-45c0-96c5-6f69a588b830,Mosquitoes,LivingAgent,41.869974,9.652205,1,1876,ADULT,0.617,0,0,0,0.0,0,0,0,1184.0,4.0,78.04,35.78,0.0,1.0416666666666667
300,8c175496-bb48-488d-8422-d014fd91a3f9,Mosquitoes,LivingAgent,41.86374,9.635461,1,294,LARVA,0.758,0,0,0,0.0,0,0,0,1144.0,0.0,44.26,35.62,0.0,3.125
400,a0902e95-798c-4c7d-b1bc-c933863c87e7,Mosquitoes,LivingAgent,41.857573,9.629142,1,65,ADULT,0.615,0,0,0,0.0,0,0,0,1137.0,0.0,31.56,36.58,2.811,4.166666666666667
100,c84bd997-1e84-4653-9fbc-9d36c49706e4,Mosquitoes,LivingAgent,41.872335,9.64805,1,75,PUPA,0.61,0,0,0,0.0,0,0,0,1171.0,4.0,74.32,34.23,0.0,1.0416666666666667
400,39c2d13a-46e3-4546-a39e-bf54ba99f0b6,Mosquitoes,LivingAgent,41.751222,9.76294,1,61,PUPA,0.616,0,0,0,0.0,0,0,0,1633.0,0.0,2.26,36.11,0.0,4.166666666666667
500,f1fb803b-c5c6-468f-aa64-55f28b0d5a17,Mosquitoes,LivingAgent,41.82681,9.644816,1,119,PUPA,0.612,0,0,0,0.0,0,0,94,1166.0,0.0,43.15,36.77,5.6994,5.208333333333333
200,c2840cb7-98ac-4c80-a613-f0f8bdd45b8b,Mosquitoes,LivingAgent,41.867849,9.689987,1,1167,ADULT,0.683,0,0,0,0.0,0,0,8,1367.0,0.0,21.99,31.09,0.0,2.0833333333333335
400,8ae388a5-fb59-44ff-8dbd-c8cd4b65933c,Mosquitoes,LivingAgent,41.782299,9.756367,1,1433,ADULT,0.568,0,0,0,0.0,0,0,60,1635.0,0.0,1.9,33.73,0.0,4.166666666666667
200,d95d8e34-bbfc-46e7-a964-1d01d270c965,Mosquitoes,LivingAgent,41.746251,9.764936,1,1724,ADULT,0.606,0,0,0,0.0,0,0,56,1729.0,0.0,3.33,36.24,0.0,2.0833333333333335
100,93b3558f-4533-4404-92ed-c57c4b7a4bae,Mosquitoes,LivingAgent,41.912129,9.638016,1,465,ADULT,0.525,0,0,0,0.0,0,0,51,1214.0,0.0,1.5,35.09,0.0,1.0416666666666667
300,7104fd52-3993-40d0-b86e-fa67b2e3a3cb,Mosquitoes,LivingAgent,41.864672,9.664189,1,501,LARVA,0.685,0,0,0,0.0,0,0,0,1216.0,3.0,69.41,34.75,0.0,3.125
100,7a887aba-80d7-4604-b84f-5c33e14c9235,Mosquitoes,LivingAgent,41.870822,9.74719,1,1209,ADULT,0.783,0,0,0,0.0,0,0,0,1549.0,0.0,3.36,34.06,0.0,1.0416666666666667
100,6fdca630-1ec5-4e04-bb5a-ead2583ae643,Mosquitoes,LivingAgent,41.849596,9.658712,1,1683,ADULT,0.303,0,0,0,0.0,0,0,0,1193.0,4.0,75.44,30.73,0.0,1.0416666666666667
200,2b9a5f05-dce1-4077-9ee8-87ce8ac80a74,Mosquitoes,LivingAgent,41.84458,9.639298,1,1776,ADULT,0.393,0,0,0,0.0,0,0,14,1149.0,0.0,46.28,32.35,0.0,2.0833333333333335
300,28f896e0-32f6-4af8-b6ee-e46447553deb,Mosquitoes,LivingAgent,41.830625,9.653178,1,201,PUPA,0.754,0,0,0,0.0,0,0,45,1182.0,0.0,54.62,32.34,0.0,3.125
100,b6b3a3da-e90e-4c9a-a0b7-b0f09df1bd2a,Mosquitoes,LivingAgent,41.863404,9.674244,1,585,LARVA,0.683,0,0,0,0.0,0,0,0,1239.0,3.0,80.4,35.41,0.0,1.0416666666666667
500,ca1390fe-ab56-42ff-b27b-a6b6fbe1b01f,Mosquitoes,LivingAgent,41.869841,9.660228,1,1482,ADULT,0.561,0,0,0,0.0,0,0,36,1202.0,1.0,73.56,36.6,0.0,5.208333333333333
500,e135a9b4-ce6e-4afc-85b5-3c513e375b18,Mosquitoes,LivingAgent,41.853575,9.653705,1,1628,ADULT,0.794,0,0,0,0.0,0,0,82,1179.0,2.0,62.72,35.47,0.0,5.208333333333333
100,05e2cfc0-acdd-4975-bf15-893bf64f8349,Mosquitoes,LivingAgent,42.013806,9.705783,1,1582,ADULT,0.487,1,0,0,0.0,1,0,0,1612.0,0.0,1.23,30.03,0.0,1.0416666666666667
300,5d2b7846-8d00-4d83-9a65-9dd196ff7e35,Mosquitoes,LivingAgent,41.875333,9.651721,1,461,ADULT,0.385,0,0,0,0.0,0,5,90,1178.0,4.0,68.65,34.75,0.0,3.125
200,f5852a66-020b-4b61-979d-c28ed5fd8aaa,Mosquitoes,LivingAgent,41.813237,9.646319,1,477,ADULT,0.659,0,0,0,0.0,0,0,0,1167.0,0.0,33.24,34.65,0.0,2.0833333333333335
300,c16b139c-664e-43c1-9b61-a1bbdda4c9dd,Mosquitoes,LivingAgent,41.743732,9.762692,1,529,ADULT,0.367,0,0,0,0.0,0,5,57,1679.0,0.0,3.24,34.32,0.0,3.125
100,849f797b-b3ac-4948-a64e-b1e90213c3df,Mosquitoes,LivingAgent,42.032113,9.666573,1,737,ADULT,0.474,0,0,0,0.0,0,0,0,1540.0,0.0,1.17,34.83,0.0,1.0416666666666667
100,3d14f2b1-0366-480c-bf67-6f66518e86f9,Mosquitoes,LivingAgent,41.873412,9.644953,0,168,PUPA,0.702,0,0,0,0.0,0,0,97,1166.0,1.0,74.02,32.44,0.0,1.0416666666666667
500,58d6ecf3-722b-44e3-9bb1-ce2a2cad7eab,Mosquitoes,LivingAgent,41.870425,9.651295,1,72,ADULT,0.709,0,0,0,0.0,0,0,68,1185.0,3.0,77.8,36.6,0.0,5.208333333333333
300,5da363c2-a0ae-4c6e-b0c3-0aab14ecce7e,Mosquitoes,LivingAgent,41.87543,9.659086,1,903,ADULT,0.591,0,0,0,0.0,1,1,0,1207.0,1.0,67.95,35.28,0.0,3.125
400,05b656ef-4137-4558-8345-0bdfd12599cd,Mosquitoes,LivingAgent,41.856925,9.654046,1,819,LARVA,0.792,0,0,0,0.0,0,0,41,1190.0,1.0,68.87,36.25,0.0,4.166666666666667
200,7849a3c9-ba9a-4074-a023-9c7250924f25,Mosquitoes,LivingAgent,41.868643,9.661319,1,1099,ADULT,0.753,0,0,0,0.0,0,0,0,1203.0,4.0,67.24,35.69,4.7151,2.0833333333333335
200,7aed8d4d-86dd-4675-b4ba-e66ee9f673a2,Mosquitoes,LivingAgent,41.836252,9.644905,1,128,PUPA,0.778,0,0,0,0.0,0,0,0,1163.0,1.0,82.62,35.82,0.0,2.0833333333333335
200,347ea78b-44ac-473c-8a65-2217d27f8bdd,Mosquitoes,LivingAgent,41.847231,9.670572,1,314,LARVA,0.652,0,0,0,0.0,0,0,51,1205.0,0.0,29.95,36.08,0.0,2.0833333333333335
400,84b79299-e3ba-4c8d-ac6a-c6a51b4ab603,Mosquitoes,LivingAgent,41.826073,9.645845,1,103,PUPA,0.553,0,0,0,0.0,0,0,0,1173.0,3.0,45.53,36.25,0.0,4.166666666666667
200,a2a6848f-aea6-4732-9bb9-4863f2d31c06,Mosquitoes,LivingAgent,41.827495,9.664416,1,803,ADULT,0.422,0,0,0,0.0,0,0,0,1280.0,0.0,16.93,36.08,0.0,2.0833333333333335
100,eea7c842-90ea-4f13-99e4-17dc350953b4,Mosquitoes,LivingAgent,41.829036,9.661564,1,292,ADULT,0.629,0,0,0,0.0,0,0,0,1209.0,3.0,31.3,35.41,0.0,1.0416666666666667
300,25cd8d01-a5b5-4848-bb2d-0b24750b60fe,Mosquitoes,LivingAgent,41.927368,9.714487,1,509,LARVA,0.708,0,0,0,0.0,0,0,0,1500.0,0.0,2.82,34.01,0.0,3.125
200,cd4c8231-24c2-4a2f-9e4f-6a50f679b5b8,Mosquitoes,LivingAgent,41.838898,9.641917,1,740,ADULT,0.759,0,0,0,0.0,0,0,0,1154.0,0.0,67.32,31.21,0.0,2.0833333333333335
100,7839a1ed-e118-4d4d-a835-eb4645803a93,Mosquitoes,LivingAgent,41.862486,9.675451,1,224,PUPA,0.599,0,0,0,0.0,0,0,0,1309.0,0.0,72.9,36.55,0.0,1.0416666666666667
200,b510df8d-512e-40cb-9f49-2c6c189a756c,Mosquitoes,LivingAgent,41.87409,9.691151,1,1115,ADULT,0.42,0,0,0,0.0,0,0,0,1324.0,0.0,7.5,35.88,0.0,2.0833333333333335
200,a55b0c2d-bc8f-425b-b32f-59fd63eb6f97,Mosquitoes,LivingAgent,41.842908,9.701108,1,173,PUPA,0.646,0,0,0,0.0,0,0,67,1349.0,0.0,2.78,34.87,0.0,2.0833333333333335
100,d0573476-4141-416f-b19e-b19762935de3,Mosquitoes,LivingAgent,41.928151,9.66868,1,435,ADULT,0.306,1,0,0,0.0,0,0,0,1433.0,0.0,1.35,27.67,0.0,1.0416666666666667
100,872c2888-8a0a-4828-8fd8-8b880ac740e2,Mosquitoes,LivingAgent,41.84606,9.642734,1,1750,ADULT,0.321,1,0,0,0.0,0,0,34,1160.0,1.0,62.04,34.87,1.2546,1.0416666666666667
200,bcde6f74-44ca-4762-946c-46691897a016,Mosquitoes,LivingAgent,41.871003,9.675776,1,441,ADULT,0.754,0,0,0,0.0,0,0,0,1261.0,1.0,85.07,35.36,4.8128,2.0833333333333335
200,ff3cb947-4f4d-48c2-a6aa-6604a7da9a1d,Mosquitoes,LivingAgent,41.856639,9.655913,1,1706,ADULT,0.437,0,0,0,0.0,0,5,90,1190.0,0.0,58.54,34.65,0.0,2.0833333333333335
100,f112b649-a966-4a3d-81b8-4bc5d529c93a,Mosquitoes,LivingAgent,41.828515,9.664614,1,277,ADULT,0.757,1,0,0,0.0,0,0,39,1243.0,0.0,16.75,35.41,0.0,1.0416666666666667
300,45f1a507-33c7-4efb-b7fe-13dad8afb03d,Mosquitoes,LivingAgent,41.96367,9.625292,1,910,LARVA,0.751,0,0,0,0.0,0,0,0,1401.0,0.0,1.13,34.34,0.0,3.125
100,2c7c8124-cca4-4a2e-9c5a-b2a19b68ab08,Mosquitoes,LivingAgent,41.834883,9.635701,1,161,PUPA,0.563,0,0,0,0.0,0,0,0,1149.0,2.0,46.09,35.65,3.029,1.0416666666666667
500,ec4ae999-6a91-498b-a9a9-bc9b578b907f,Mosquitoes,LivingAgent,41.900915,9.676591,1,263,ADULT,0.649,0,0,0,0.0,0,0,90,1387.0,0.0,3.25,36.23,0.0,5.208333333333333
400,010bc2c2-cd19-475b-8ba5-d89a10d37985,Mosquitoes,LivingAgent,41.853784,9.674826,1,19,PUPA,0.73,0,0,0,0.0,0,0,0,1217.0,2.0,54.72,34.95,0.0,4.166666666666667
300,e735b982-dfac-4c81-b54e-253ffd182e00,Mosquitoes,LivingAgent,41.867421,9.650284,1,438,LARVA,0.608,0,0,0,0.0,0,0,0,1181.0,1.0,70.61,35.28,0.0,3.125
200,a54ea4b8-ca7d-46ea-bfe8-6e900cbdf549,Mosquitoes,LivingAgent,41.745291,9.76572,1,154,PUPA,0.745,0,0,0,0.0,0,0,16,1753.0,0.0,3.31,35.23,2.6371,2.0833333333333335
400,34e78ee0-c8b0-4821-8bd2-df53619f1b54,Mosquitoes,LivingAgent,41.833576,9.664302,1,67,LARVA,0.692,0,0,0,0.0,0,0,15,1315.0,0.0,26.77,35.94,0.0,4.166666666666667
100,7259db0e-2c31-42a1-8c56-66c9d11ceb05,Mosquitoes,LivingAgent,41.85676,9.674727,1,462,PUPA,0.6,0,0,0,0.0,0,0,95,1238.0,1.0,70.02,33.65,0.0,1.0416666666666667
400,5c9c545b-1dc9-4664-b545-becdc14dd5a6,Mosquitoes,LivingAgent,41.867402,9.634261,1,30,PUPA,0.72,0,0,0,0.0,0,0,8,1146.0,0.0,28.07,35.29,0.0,4.166666666666667
300,9cb85230-bff3-48c0-9cf9-b1348de619bb,Mosquitoes,LivingAgent,41.839982,9.725485,1,1330,ADULT,0.456,0,0,0,0.0,0,0,0,1465.0,0.0,1.73,33.63,0.0,3.125
100,274d2925-2efb-40ed-a4e6-8ac8a3d03f11,Mosquitoes,LivingAgent,41.860937,9.672617,1,66,ADULT,0.701,0,0,0,0.0,0,0,0,1230.0,2.0,88.1,30.73,0.0,1.0416666666666667
400,d9639111-b4d1-4111-896c-d4ea155e9f6b,Mosquitoes,LivingAgent,41.85232,9.657745,1,202,PUPA,0.645,0,0,0,0.0,0,0,37,1193.0,0.0,75.75,34.95,0.0,4.166666666666667
200,b4fbfd6b-28ef-41d1-936f-4bd6d68ad36b,Mosquitoes,LivingAgent,41.832247,9.652988,1,349,ADULT,0.701,1,0,0,0.0,0,0,0,1189.0,3.0,60.79,35.1,0.0,2.0833333333333335
200,2e74927e-41ae-42d8-ab31-074d69edb3a9,Mosquitoes,LivingAgent,41.731265,9.764162,1,1484,ADULT,0.791,0,0,0,0.0,0,0,73,1812.0,0.0,1.82,35.6,0.0,2.0833333333333335
300,b6d07395-f95f-417e-9ac5-e8e7cf8bd146,Mosquitoes,LivingAgent,41.853705,9.65809,1,1013,ADULT,0.717,0,0,0,0.0,0,0,46,1198.0,1.0,74.66,36.14,0.0,3.125
200,88c0b987-27d7-4bc6-b4e1-3cc70c8c925b,Mosquitoes,LivingAgent,41.848065,9.648852,1,1641,ADULT,0.683,0,0,0,0.0,1,2,0,1181.0,1.0,82.27,36.08,0.0,2.0833333333333335
100,fd3b592e-8d78-45cf-b560-5fcd6f2307e4,Mosquitoes,LivingAgent,41.842447,9.643881,1,217,PUPA,0.517,0,0,0,0.0,0,0,0,1159.0,0.0,74.11,31.18,0.0,1.0416666666666667
300,ecdc699e-a5d3-4902-ae99-78cfd782580a,Mosquitoes,LivingAgent,41.875257,9.640602,1,219,ADULT,0.372,0,0,0,0.0,0,0,57,1157.0,0.0,56.56,33.95,0.0,3.125
100,4924abb7-8138-4299-9b93-7ac51de85dea,Mosquitoes,LivingAgent,41.874957,9.640662,1,64,LARVA,0.854,0,0,0,0.0,0,0,0,1158.0,0.0,57.29,32.44,0.0,1.0416666666666667
100,d8ee9379-07f1-4d6f-a626-268ab93dbe96,Mosquitoes,LivingAgent,41.841191,9.645769,1,1713,ADULT,0.704,0,0,0,0.0,1,2,0,1161.0,1.0,78.08,35.41,0.0,1.0416666666666667
100,aa45cf6a-4c90-49ab-8bed-2a11468d1371,Mosquitoes,LivingAgent,41.867082,9.660943,1,307,LARVA,0.619,0,0,0,0.0,0,0,0,1204.0,1.0,67.83,36.65,0.0,1.0416666666666667
200,ca47cada-7555-4dba-b682-3c3e080f825e,Mosquitoes,LivingAgent,41.888772,9.670478,1,527,ADULT,0.669,0,0,0,0.0,1,2,0,1349.0,0.0,7.43,33.25,0.0,2.0833333333333335
100,1d2d0ade-f313-493d-ba78-3dc0f3173c13,Mosquitoes,LivingAgent,41.863002,9.674351,1,1577,ADULT,0.525,0,0,0,0.0,0,0,0,1240.0,6.0,84.24,30.73,0.0,1.0416666666666667
300,c0ce6ff1-b5de-459c-87a3-0e95dad2293b,Mosquitoes,LivingAgent,41.848764,9.65562,1,255,PUPA,0.763,0,0,0,0.0,0,0,14,1180.0,0.0,70.95,36.11,0.0,3.125
300,f383977f-5fd5-4648-8b6f-2c5504d5182a,Mosquitoes,LivingAgent,41.871037,9.672677,1,231,PUPA,0.669,0,0,0,0.0,0,0,0,1242.0,0.0,52.61,35.28,0.0,3.125
200,e60d8b81-ec48-4298-832e-5a83f7f01a7b,Mosquitoes,LivingAgent,41.8604,9.73822,1,248,ADULT,0.319,1,0,0,0.0,1,3,0,1502.0,0.0,1.93,36.54,0.0,2.0833333333333335
300,3169f8ce-35b2-4aad-b772-4419149d46d4,Mosquitoes,LivingAgent,41.823841,9.645592,1,1273,ADULT,0.716,0,0,0,0.0,1,1,0,1175.0,2.0,54.87,36.11,0.0,3.125
400,139de732-7329-4440-b7f8-224ef9fc169f,Mosquitoes,LivingAgent,41.854132,9.656152,1,139,ADULT,0.643,1,0,0,0.0,0,0,37,1186.0,1.0,63.19,35.94,0.0,4.166666666666667
100,b5e2d57b-8e00-4f5a-aee1-6f948b17b82d,Mosquitoes,LivingAgent,41.883395,9.668315,1,1418,ADULT,0.427,0,0,0,0.0,0,5,17,1335.0,0.0,23.26,35.53,0.0,1.0416666666666667
100,a73bb94f-a3f5-4f6c-9ee0-b44d807a4803,Mosquitoes,LivingAgent,41.840555,9.665047,0,290,ADULT,0.592,1,0,0,0.0,0,0,97,1204.0,1.0,45.88,36.13,0.0,1.0416666666666667
200,f721dbe5-c7e4-447d-92b7-3d660756dd50,Mosquitoes,LivingAgent,41.795657,9.639678,1,141,PUPA,0.762,0,0,0,0.0,0,0,0,1124.0,0.0,27.77,32.35,0.0,2.0833333333333335
300,b093278e-bf0f-423c-b400-0f075caf715e,Mosquitoes,LivingAgent,41.826132,9.650877,1,351,PUPA,0.729,0,0,0,0.0,0,0,64,1183.0,0.0,46.94,36.11,0.0,3.125
200,c502c63e-ca2c-4a11-882b-198f985f48eb,Mosquitoes,LivingAgent,41.877005,9.637668,1,56,PUPA,0.636,0,0,0,0.0,0,0,0,1171.0,2.0,36.32,35.13,0.0,2.0833333333333335
200,205589b4-eaff-4c19-91a2-a4710e880b10,Mosquitoes,LivingAgent,41.871653,9.660538,1,75,PUPA,0.735,0,0,0,0.0,0,0,0,1203.0,2.0,71.54,33.25,0.0,2.0833333333333335
100,e4288c18-0378-47ef-a0ef-a106d4f8acb4,Mosquitoes,LivingAgent,41.864685,9.654968,1,1063,ADULT,0.455,0,0,0,0.0,0,0,0,1198.0,1.0,76.82,35.78,0.0,1.0416666666666667
400,0624b461-7e2d-40c1-92f4-918969abbd18,Mosquitoes,LivingAgent,41.872817,9.695649,1,331,LARVA,0.75,0,0,0,0.0,0,0,64,1339.0,0.0,7.51,35.55,0.0,4.166666666666667
200,e47b2bec-ec7c-4978-ba12-15d888e58d5a,Mosquitoes,LivingAgent,41.848348,9.652048,1,759,ADULT,0.596,1,0,0,0.0,0,5,83,1185.0,5.0,71.49,36.08,0.0,2.0833333333333335
100,e9fc0b71-e206-4de4-8084-3c4c6d890582,Mosquitoes,LivingAgent,41.869876,9.659191,1,246,PUPA,0.527,0,0,0,0.0,0,0,0,1200.0,4.0,74.6,35.53,0.0,1.0416666666666667
200,6653db02-6411-4375-90c4-0565950a6e08,Mosquitoes,LivingAgent,41.868983,9.663082,1,1684,ADULT,0.733,0,0,0,0.0,0,5,45,1207.0,3.0,64.34,33.84,0.0,2.0833333333333335
300,693631ed-0263-4328-a326-d2d3811751d3,Mosquitoes,LivingAgent,41.77848,9.638816,1,888,ADULT,0.723,0,0,0,0.0,0,0,14,1136.0,0.0,43.79,36.29,0.0,3.125
200,deb1908e-1587-42b0-891f-c4a03ff0882c,Mosquitoes,LivingAgent,41.782123,9.641721,1,890,LARVA,0.784,0,0,0,0.0,0,0,0,1137.0,0.0,31.23,33.2,0.0,2.0833333333333335
100,4a7751bf-595c-4e06-926d-1435550c2cdc,Mosquitoes,LivingAgent,41.868753,9.673488,1,950,LARVA,0.642,0,0,0,0.0,0,0,0,1238.0,0.0,66.35,36.65,0.0,1.0416666666666667
400,dab726d4-c592-4fb6-9e06-d40089abe758,Mosquitoes,LivingAgent,41.844148,9.634457,1,249,LARVA,0.606,0,0,0,0.0,0,0,42,1142.0,0.0,38.3,35.03,0.0,4.166666666666667
100,fde357f3-5313-4164-abbc-e50fd2296d9e,Mosquitoes,LivingAgent,41.869368,9.649452,1,457,ADULT,0.388,0,0,0,0.0,0,0,0,1178.0,1.0,78.25,35.78,0.0,1.0416666666666667
400,63c24192-e00f-4797-9e1e-ee50266187aa,Mosquitoes,LivingAgent,41.87725,9.704391,1,1643,ADULT,0.778,0,0,0,0.0,0,0,0,1351.0,0.0,12.42,36.17,0.0,4.166666666666667
100,3f35f6e1-1400-4acd-9f62-818f74eecffd,Mosquitoes,LivingAgent,41.849281,9.664088,0,137,PUPA,0.588,0,0,0,0.0,0,0,97,1200.0,4.0,68.04,36.13,0.0,1.0416666666666667
400,b1c1c310-7ee2-47ed-b87d-22dc5f38089f,Mosquitoes,LivingAgent,42.031419,9.670522,1,371,LARVA,0.761,0,0,0,0.0,0,0,65,1565.0,0.0,1.18,35.12,0.0,4.166666666666667
400,f3608150-d4aa-4f6c-9831-6ef95ac737a5,Mosquitoes,LivingAgent,41.872911,9.644631,1,137,PUPA,0.672,0,0,0,0.0,0,0,0,1164.0,2.0,73.21,36.36,0.0,4.166666666666667
400,403ef76a-7027-4be4-840b-d93282349e8e,Mosquitoes,LivingAgent,41.846052,9.645865,1,588,LARVA,0.627,0,0,0,0.0,0,0,0,1173.0,0.0,74.67,36.25,0.0,4.166666666666667
100,8f0a6db1-6690-46e0-82ec-3552f4b9d96e,Mosquitoes,LivingAgent,41.867941,9.68599,1,55,PUPA,0.52,0,0,0,0.0,0,0,0,1309.0,0.0,19.11,29.57,0.0,1.0416666666666667
400,f0e62345-a5af-47e9-9510-371a656fe9b9,Mosquitoes,LivingAgent,41.855664,9.653755,1,544,ADULT,0.329,0,0,0,0.0,0,0,56,1182.0,0.0,65.87,35.94,0.0,4.166666666666667
400,4bdfe69b-a3b1-4eca-ac8e-233199d8cb26,Mosquitoes,LivingAgent,41.877032,9.642011,1,1537,ADULT,0.617,1,0,0,0.0,1,3,0,1163.0,0.0,47.61,35.29,0.0,4.166666666666667
300,b909684c-103e-4a46-a7ba-9bc00d19dbf2,Mosquitoes,LivingAgent,41.841521,9.643373,1,1756,ADULT,0.639,0,0,0,0.0,0,0,6,1160.0,1.0,71.04,32.08,0.0,3.125
300,b695bde9-4af0-4bda-a559-5ca03895db89,Mosquitoes,LivingAgent,41.867046,9.677643,1,831,ADULT,0.309,0,0,0,0.0,0,0,65,1286.0,0.0,69.16,34.75,0.0,3.125
200,2e8ce42b-ac85-4931-a940-128dccc6e350,Mosquitoes,LivingAgent,41.869665,9.67226,1,1145,ADULT,0.455,0,0,0,0.0,1,0,0,1246.0,0.0,56.81,35.69,4.7151,2.0833333333333335
300,814f442a-fa60-480a-b64b-898bbe856c24,Mosquitoes,LivingAgent,41.936981,9.774415,1,153,PUPA,0.724,0,0,0,0.0,0,0,0,1986.0,0.0,2.31,34.81,0.0,3.125
200,225a609b-b0bc-4981-9011-51e47c2092d1,Mosquitoes,LivingAgent,41.810615,9.650288,1,1684,ADULT,0.491,0,0,0,0.0,1,0,0,1187.0,2.0,9.75,34.65,0.0,2.0833333333333335
500,b47fc388-c0cc-4fe9-9e52-a93f6dc7e051,Mosquitoes,LivingAgent,41.853015,9.663164,1,1163,ADULT,0.538,0,0,0,0.0,0,0,93,1208.0,1.0,84.66,36.29,0.0,5.208333333333333
200,677a136f-7285-4e00-83e8-847f57d12a73,Mosquitoes,LivingAgent,41.822517,9.645996,1,145,ADULT,0.545,0,0,0,0.0,0,0,0,1173.0,1.0,58.99,35.1,0.0,2.0833333333333335
400,75635ca8-8c4c-4b00-b384-f28e64b15a02,Mosquitoes,LivingAgent,41.859667,9.675138,1,1768,ADULT,0.691,0,0,0,0.0,1,2,0,1236.0,4.0,70.68,35.94,0.0,4.166666666666667
300,c9b9437d-2b7e-414a-9540-7144e610f11e,Mosquitoes,LivingAgent,41.853769,9.672342,1,853,ADULT,0.615,0,0,0,0.0,1,1,0,1219.0,3.0,71.31,32.34,0.0,3.125
100,93067869-7a7b-4877-95d4-a2570c508275,Mosquitoes,LivingAgent,41.851724,9.654718,1,1489,ADULT,0.545,0,0,0,0.0,0,0,80,1192.0,0.0,53.89,33.65,0.0,1.0416666666666667
100,3be2d8e4-d6b6-4d1c-b1b4-0b8ff29868b6,Mosquitoes,LivingAgent,41.865453,9.651256,1,704,ADULT,0.765,0,0,0,0.0,0,0,0,1183.0,0.0,67.09,33.18,0.0,1.0416666666666667
400,8651e56a-501d-4bac-b807-53a6bc80ceba,Mosquitoes,LivingAgent,41.826099,9.64265,1,817,LARVA,0.854,0,0,0,0.0,0,0,0,1163.0,0.0,35.1,35.27,0.0,4.166666666666667
200,df22db9e-ae00-43ba-a9d8-d1ca22a2aa0d,Mosquitoes,LivingAgent,41.873353,9.663542,1,92,LARVA,0.859,0,0,0,0.0,0,0,0,1218.0,0.0,65.97,33.25,0.0,2.0833333333333335
100,5f098d59-f787-472f-a515-41453057dfb3,Mosquitoes,LivingAgent,41.877317,9.643174,1,750,ADULT,0.69,0,0,0,0.0,0,0,0,1166.0,0.0,49.54,33.91,0.0,1.0416666666666667
200,2b26d87a-9ec0-42a9-9223-b03f619a05c0,Mosquitoes,LivingAgent,41.875197,9.641367,1,46,PUPA,0.68,0,0,0,0.0,0,0,6,1163.0,0.0,61.99,34.79,0.0,2.0833333333333335
200,000a720d-6cf7-4215-aa22-97ffd6ca915e,Mosquitoes,LivingAgent,41.815958,9.651322,1,1489,ADULT,0.722,1,0,0,0.0,0,0,0,1182.0,4.0,28.4,36.21,0.0,2.0833333333333335
100,1a4778a8-6a80-43ea-b8ec-82252680ee95,Mosquitoes,LivingAgent,41.868889,9.674253,1,242,PUPA,0.531,0,0,0,0.0,0,0,24,1246.0,4.0,73.07,33.18,0.0,1.0416666666666667
200,91084a64-386d-4dab-919e-e735a5246f64,Mosquitoes,LivingAgent,41.876811,9.645019,1,12,PUPA,0.702,0,0,0,0.0,0,0,0,1177.0,1.0,59.99,34.94,0.0,2.0833333333333335
300,de468a30-690c-4bad-adb5-995500b33a45,Mosquitoes,LivingAgent,41.827428,9.644796,1,1886,ADULT,0.478,0,0,0,0.0,0,0,0,1167.0,1.0,43.18,36.65,0.0,3.125
100,dcfb2435-acf0-4b6a-aaac-0e2dee5d27e9,Mosquitoes,LivingAgent,41.848879,9.666279,1,1657,ADULT,0.523,0,0,0,0.0,0,0,0,1204.0,0.0,56.43,35.41,0.0,1.0416666666666667
500,81f481f0-e7d6-442c-9aee-d1522848a863,Mosquitoes,LivingAgent,41.850032,9.668777,1,870,LARVA,0.779,0,0,0,0.0,0,0,62,1211.0,1.0,53.07,36.29,0.0,5.208333333333333
200,88d923e7-0e9e-431b-a913-08b135b29b60,Mosquitoes,LivingAgent,41.842455,9.665153,1,531,ADULT,0.646,0,0,0,0.0,0,0,22,1204.0,3.0,49.51,36.21,0.0,2.0833333333333335
400,e7bd8899-7044-4340-944b-934a5f324e23,Mosquitoes,LivingAgent,41.84689,9.654042,1,242,ADULT,0.691,1,0,0,0.0,0,0,70,1186.0,3.0,77.48,36.25,0.0,4.166666666666667
100,0db91d69-e033-4231-94ef-4b0d7dfbfc62,Mosquitoes,LivingAgent,41.854087,9.649048,1,156,PUPA,0.79,0,0,0,0.0,0,0,0,1173.0,1.0,67.32,30.73,0.0,1.0416666666666667
300,8cef86ad-5d78-486a-bda9-7d8bfeb921d5,Mosquitoes,LivingAgent,41.778472,9.604381,1,28,LARVA,0.773,0,0,0,0.0,0,0,0,1077.0,0.0,1.41,36.0,0.0,3.125
100,feb3ead7-6779-4bdb-a35d-7d74f9084898,Mosquitoes,LivingAgent,41.745788,9.762236,1,1857,ADULT,0.41,0,0,0,0.0,0,0,0,1675.0,3.0,3.37,35.64,0.0,1.0416666666666667
100,4b9b1eee-d00d-443a-9542-b34567f585bb,Mosquitoes,LivingAgent,41.828555,9.656138,1,407,LARVA,0.876,0,0,0,0.0,0,0,0,1188.0,2.0,39.27,33.65,0.0,1.0416666666666667
200,ac92e307-0fca-4f89-a428-d1d6c26033c7,Mosquitoes,LivingAgent,41.812441,9.650981,1,507,ADULT,0.57,0,0,0,0.0,0,0,0,1223.0,0.0,12.46,32.84,0.0,2.0833333333333335
100,b8b2f3b3-1fce-46bb-aa15-45675d94091e,Mosquitoes,LivingAgent,41.750738,9.76169,0,1657,ADULT,0.459,1,0,0,0.0,0,5,97,1624.0,0.0,2.42,35.64,0.0,1.0416666666666667
200,63be2e8f-bbd3-4585-a772-fdd59c47d4d3,Mosquitoes,LivingAgent,41.818007,9.648788,1,216,PUPA,0.77,0,0,0,0.0,0,0,0,1177.0,4.0,47.81,36.08,0.0,2.0833333333333335
100,02e322fe-c0ea-4a38-99f4-cb19052b24d1,Mosquitoes,LivingAgent,41.881052,9.757319,1,406,LARVA,0.647,0,0,0,0.0,0,0,0,1546.0,0.0,4.05,36.36,0.0,1.0416666666666667
300,a0dad20b-ff15-4402-a6be-c732b9ac93e2,Mosquitoes,LivingAgent,41.843096,9.645063,1,716,LARVA,0.75,0,0,0,0.0,0,0,0,1163.0,3.0,74.46,32.08,0.0,3.125
100,fdf2c58c-8cee-4e63-893b-f6b86d11069a,Mosquitoes,LivingAgent,41.831454,9.664259,1,408,ADULT,0.621,0,0,0,0.0,0,0,55,1312.0,0.0,25.69,33.65,0.0,1.0416666666666667
100,3b794ba4-c1ba-4fcc-8778-31130918288a,Mosquitoes,LivingAgent,41.849348,9.651431,1,164,LARVA,0.818,0,0,0,0.0,0,0,0,1183.0,4.0,72.25,35.41,0.0,1.0416666666666667
100,ec050d37-70d0-4eab-8781-ff70bf7f5516,Mosquitoes,LivingAgent,41.887947,9.66157,1,195,LARVA,0.607,0,0,0,0.0,0,0,0,1262.0,2.0,32.06,35.53,0.0,1.0416666666666667
400,9477415c-81f8-475a-964b-2dd1dd1c95d2,Mosquitoes,LivingAgent,41.914367,9.697098,1,850,ADULT,0.404,0,0,0,0.0,0,0,46,1394.0,0.0,2.8,36.17,0.0,4.166666666666667
100,b37751e8-1db9-4e2b-beca-a03f42fd62e0,Mosquitoes,LivingAgent,41.841644,9.64427,1,15,ADULT,0.373,0,0,0,0.0,0,0,0,1159.0,0.0,76.1,31.18,0.0,1.0416666666666667
300,2277d634-671b-401e-b951-0e0e99580de5,Mosquitoes,LivingAgent,41.851193,9.650063,1,218,PUPA,0.608,0,0,0,0.0,0,0,0,1178.0,1.0,70.3,34.35,0.0,3.125
100,20dac5f1-e40f-41a1-a636-be4e745641d7,Mosquitoes,LivingAgent,41.868613,9.753076,1,250,ADULT,0.53,0,0,0,0.0,0,0,0,1513.0,0.0,3.1,36.53,0.0,1.0416666666666667
300,e725402a-469c-4ac0-915e-f95fa14b2e1c,Mosquitoes,LivingAgent,41.871934,9.67434,1,399,ADULT,0.43,0,0,0,0.0,0,0,0,1269.0,0.0,67.73,35.28,0.0,3.125
200,66e23c15-252b-4b96-b0c0-0f7f0abcfe24,Mosquitoes,LivingAgent,41.876459,9.641393,1,48,PUPA,0.554,0,0,0,0.0,0,0,0,1160.0,0.0,48.94,34.94,0.0,2.0833333333333335
300,c3d4d04e-6ba4-4222-8baf-1522aa880496,Mosquitoes,LivingAgent,41.751432,9.761668,1,142,PUPA,0.631,0,0,0,0.0,0,0,31,1619.0,0.0,2.2,36.0,0.0,3.125
100,665a82e9-a186-46fb-b417-9fd3cd1df635,Mosquitoes,LivingAgent,41.835653,9.642327,1,56,ADULT,0.548,0,0,0,0.0,0,0,53,1155.0,5.0,77.24,31.18,0.0,1.0416666666666667
300,6c1a9994-32ef-4d3e-a1c6-706e78363b29,Mosquitoes,LivingAgent,41.869632,9.651788,1,380,LARVA,0.881,0,0,0,0.0,0,0,0,1181.0,2.0,76.82,36.29,0.0,3.125
200,2f29321f-14b0-4f27-a51e-3a7390bf5642,Mosquitoes,LivingAgent,41.82264,9.643187,1,214,ADULT,0.783,1,0,0,0.0,0,0,0,1163.0,0.0,41.75,35.45,0.0,2.0833333333333335
100,3286b4dd-7b2b-4b90-9e2d-436b5f9b7b62,Mosquitoes,LivingAgent,41.853944,9.653568,1,1378,ADULT,0.327,0,0,0,0.0,0,0,0,1180.0,2.0,63.62,36.55,0.0,1.0416666666666667
200,ccfa0b37-1f51-413b-8d7c-d35b03f20172,Mosquitoes,LivingAgent,41.842874,9.641501,1,865,LARVA,0.794,0,0,0,0.0,0,0,0,1153.0,0.0,54.58,33.83,0.0,2.0833333333333335
100,2a75ec05-6cfd-4374-b06a-d942e5a57f39,Mosquitoes,LivingAgent,41.842586,9.642628,1,118,ADULT,0.488,0,0,0,0.0,0,0,96,1159.0,3.0,67.73,34.96,0.0,1.0416666666666667
100,28cb2f24-e7a7-4502-9ac6-80fa46a714b6,Mosquitoes,LivingAgent,41.882028,9.65019,1,135,PUPA,0.636,0,0,0,0.0,0,0,0,1189.0,2.0,45.05,34.23,0.0,1.0416666666666667
100,e55aba0a-260a-4c7e-95b6-b015c1f72f31,Mosquitoes,LivingAgent,41.875742,9.660325,1,650,LARVA,0.746,0,0,0,0.0,0,0,0,1210.0,0.0,67.44,36.65,0.0,1.0416666666666667
300,cbb9115e-0f65-47ac-aec1-b004dc08e2ba,Mosquitoes,LivingAgent,41.847537,9.655172,1,1884,ADULT,0.328,0,0,0,0.0,0,0,0,1182.0,1.0,79.59,36.14,0.0,3.125
300,dbde335c-695d-4342-9cdf-9da7120c4bec,Mosquitoes,LivingAgent,41.876316,9.652568,1,1900,ADULT,0.724,1,0,0,0.0,0,0,94,1182.0,1.0,63.61,33.62,0.0,3.125
500,e7b4794a-8e57-40c4-8ff1-ad27cc637c0b,Mosquitoes,LivingAgent,41.848039,9.656178,1,793,ADULT,0.304,0,0,0,0.0,0,0,40,1182.0,0.0,71.19,35.47,0.0,5.208333333333333
200,fc0e9a94-b0ba-47ac-bb1f-7d2414843efe,Mosquitoes,LivingAgent,41.871972,9.643851,1,1787,ADULT,0.382,1,0,0,0.0,0,0,62,1157.0,1.0,72.38,35.57,0.0,2.0833333333333335
400,331b3fe2-76a3-49e5-8fac-6de787940747,Mosquitoes,LivingAgent,41.865466,9.68924,1,1393,ADULT,0.729,0,0,0,0.0,0,0,0,1315.0,1.0,28.91,36.17,0.0,4.166666666666667
100,c8b5c011-3fd0-4074-9ee8-a1a6ff9877c0,Mosquitoes,LivingAgent,41.868776,9.674879,1,1393,ADULT,0.79,0,0,0,0.0,0,0,0,1245.0,4.0,73.98,34.23,0.0,1.0416666666666667
300,925bcbca-0574-41fb-b803-22c82d6f4c69,Mosquitoes,LivingAgent,41.872489,9.650225,1,1367,ADULT,0.304,1,0,0,0.0,0,0,0,1179.0,5.0,77.31,35.28,0.0,3.125
300,42dfa022-14e7-47a1-a834-d2fcfe42f680,Mosquitoes,LivingAgent,41.834897,9.664964,1,726,LARVA,0.889,0,0,0,0.0,0,0,78,1314.0,0.0,25.86,36.14,0.0,3.125
300,2e7121ed-1adf-432e-bbfb-4a3d11d7d5e2,Mosquitoes,LivingAgent,41.85523,9.673337,1,984,ADULT,0.407,0,0,0,0.0,0,0,11,1230.0,1.0,69.47,36.11,0.0,3.125
200,5158d023-39bd-4e22-a597-fef82454ee3a,Mosquitoes,LivingAgent,41.86556,9.688483,1,339,ADULT,0.749,0,0,0,0.0,0,0,0,1309.0,0.0,29.87,35.5,0.0,2.0833333333333335
300,bed5492f-1691-454b-8434-e6ddb26d528d,Mosquitoes,LivingAgent,41.850807,9.647545,1,1277,ADULT,0.791,0,0,0,0.0,1,2,0,1177.0,6.0,70.64,34.35,0.0,3.125
100,b262e316-f6b8-4470-a5ef-0753a5acec40,Mosquitoes,LivingAgent,41.866055,9.644301,1,1747,ADULT,0.356,0,0,0,0.0,0,0,0,1167.0,2.0,57.01,32.44,0.0,1.0416666666666667
400,90cd60f9-8a96-4ef4-ac0c-f3559531b4fe,Mosquitoes,LivingAgent,41.875466,9.639271,1,125,PUPA,0.611,0,0,0,0.0,0,0,0,1159.0,0.0,52.21,36.36,0.0,4.166666666666667
100,8956f1d6-53aa-467d-9801-862cb0ee9249,Mosquitoes,LivingAgent,41.862633,9.635806,1,566,ADULT,0.348,0,0,0,0.0,0,0,0,1149.0,0.0,45.32,33.9,0.0,1.0416666666666667
200,f449217a-d590-4bd1-9e1e-4e299702c1cc,Mosquitoes,LivingAgent,41.867961,9.648547,1,1112,ADULT,0.696,0,0,0,0.0,0,0,0,1176.0,2.0,76.52,35.69,4.7151,2.0833333333333335
100,217d7df4-ea25-41b5-8276-79bbf7976422,Mosquitoes,LivingAgent,41.859727,9.628626,1,1463,ADULT,0.412,1,0,0,0.0,0,0,0,1129.0,0.0,37.32,31.18,0.0,1.0416666666666667
100,107bc8eb-0a75-42a8-8e34-28ffbaed0e60,Mosquitoes,LivingAgent,41.840164,9.641475,1,486,ADULT,0.564,0,0,0,0.0,1,2,0,1157.0,0.0,59.13,35.65,3.029,1.0416666666666667
400,44c07d62-feeb-4e00-9804-fd3d5baa34e1,Mosquitoes,LivingAgent,41.841404,9.642957,1,101,ADULT,0.703,0,0,0,0.0,0,5,6,1159.0,2.0,68.8,35.27,0.0,4.166666666666667
200,0af24e8c-e71d-4c23-a50d-f596663a7c29,Mosquitoes,LivingAgent,41.87441,9.644394,1,249,LARVA,0.763,0,0,0,0.0,0,0,0,1172.0,4.0,74.27,34.94,0.0,2.0833333333333335
300,0245abad-9179-4e4c-b640-29a81cb6d58e,Mosquitoes,LivingAgent,41.87087,9.663809,1,1834,ADULT,0.6,0,0,0,0.0,1,3,0,1215.0,0.0,58.0,36.29,0.0,3.125
100,f425097f-76d1-4cb6-9b8c-1e5900c8bf16,Mosquitoes,LivingAgent,41.871531,9.646667,1,174,ADULT,0.624,0,0,0,0.0,1,2,0,1170.0,0.0,70.79,31.31,0.0,1.0416666666666667
100,6e899635-3f2a-41ed-962d-2676ad58113e,Mosquitoes,LivingAgent,41.841943,9.638155,1,1633,ADULT,0.588,0,0,0,0.0,1,0,0,1147.0,0.0,46.13,36.29,0.0,1.0416666666666667
100,febc60ab-2101-4d0a-a2a0-fa2011731981,Mosquitoes,LivingAgent,41.845169,9.619541,1,114,LARVA,0.84,0,0,0,0.0,0,0,0,1107.0,0.0,9.17,31.18,0.0,1.0416666666666667
200,f4eb6b29-ae01-4905-b47e-755ca41054c5,Mosquitoes,LivingAgent,41.823226,9.643742,1,1019,ADULT,0.737,0,0,0,0.0,0,0,0,1167.0,1.0,50.02,32.35,0.0,2.0833333333333335
200,ddb77442-fdf2-49ea-9cea-7cf74910e1ef,Mosquitoes,LivingAgent,41.880031,9.649854,1,876,ADULT,0.423,0,0,0,0.0,0,0,0,1192.0,1.0,50.89,35.36,4.8128,2.0833333333333335
100,9a111383-eb43-475c-ad51-84a2898bad2e,Mosquitoes,LivingAgent,41.829967,9.663835,1,1813,ADULT,0.604,0,0,0,0.0,1,3,0,1241.0,0.0,19.02,35.46,0.0,1.0416666666666667
400,ed46eeb6-920b-4970-bcea-01ac0d3d3002,Mosquitoes,LivingAgent,41.864144,9.665264,1,167,PUPA,0.508,0,0,0,0.0,0,0,76,1218.0,1.0,71.32,35.29,0.0,4.166666666666667
300,ff88e981-72e8-4d89-b22f-6ac26fc809ca,Mosquitoes,LivingAgent,41.899825,9.71276,1,1334,ADULT,0.63,0,0,0,0.0,1,2,0,1393.0,0.0,4.39,36.98,0.0,3.125
100,944f33a3-38da-4684-a37d-bd50cd1b1a13,Mosquitoes,LivingAgent,41.79764,9.630579,1,1310,ADULT,0.75,0,0,0,0.0,1,1,0,1116.0,0.0,23.9,33.9,0.0,1.0416666666666667
100,a5179590-1eb1-4a4e-9667-1cbab37d5be6,Mosquitoes,LivingAgent,41.868116,9.662673,1,136,PUPA,0.723,0,0,0,0.0,0,0,0,1207.0,5.0,68.75,35.53,0.0,1.0416666666666667
200,3cd70106-4106-4e1f-a0df-01ff973bc55d,Mosquitoes,LivingAgent,41.902469,9.710487,1,1600,ADULT,0.694,0,0,0,0.0,0,0,0,1388.0,0.0,4.48,33.28,0.0,2.0833333333333335
500,a1596624-40da-495e-909e-845226f87363,Mosquitoes,LivingAgent,41.747261,9.762184,1,467,ADULT,0.399,1,0,0,0.0,0,5,88,1661.0,0.0,3.15,36.25,0.0,5.208333333333333
400,e2792298-7033-4351-832e-01a6a8b864b0,Mosquitoes,LivingAgent,41.848965,9.64402,1,639,ADULT,0.626,0,0,0,0.0,0,0,0,1166.0,0.0,58.63,35.27,0.0,4.166666666666667
100,e5bba09a-4bc1-42cf-884c-82fecdf82539,Mosquitoes,LivingAgent,41.781841,9.637637,1,30,PUPA,0.758,0,0,0,0.0,0,0,0,1136.0,0.0,44.61,36.97,0.0,1.0416666666666667
100,976580d4-4be2-4465-a913-d6919343f466,Mosquitoes,LivingAgent,41.845982,9.643385,1,108,ADULT,0.4,0,0,0,0.0,0,0,93,1162.0,0.0,64.05,36.29,0.0,1.0416666666666667
500,fe75ffb0-2876-42ec-8f3e-b97727cd54fa,Mosquitoes,LivingAgent,41.813035,9.646695,0,117,LARVA,0.614,0,0,0,0.0,0,0,97,1170.0,0.0,31.2,36.29,0.0,5.208333333333333
200,94674e77-04e1-4e24-8b4e-316947c6013a,Mosquitoes,LivingAgent,41.852564,9.66151,1,79,PUPA,0.679,0,0,0,0.0,0,0,0,1203.0,1.0,79.48,30.59,0.0,2.0833333333333335
200,7ee7a595-cc48-4e86-a464-ce9f3cf7978a,Mosquitoes,LivingAgent,41.85762,9.663003,1,269,PUPA,0.782,0,0,0,0.0,0,0,0,1211.0,1.0,82.35,36.21,0.0,2.0833333333333335
500,2c5790db-fd90-435c-8093-8e5f5d0264d0,Mosquitoes,LivingAgent,41.86187,9.629632,1,71,LARVA,0.662,0,0,0,0.0,0,0,66,1138.0,1.0,37.29,36.77,5.6994,5.208333333333333
300,77126f47-474d-4d74-8d60-9c0c074930e2,Mosquitoes,LivingAgent,41.803405,9.628733,1,107,PUPA,0.634,0,0,0,0.0,0,0,0,1118.0,0.0,18.87,35.98,0.0,3.125
100,ae6295f1-8b0a-4c90-91c5-5423f37f5773,Mosquitoes,LivingAgent,41.869818,9.688511,1,282,PUPA,0.57,0,0,0,0.0,0,0,0,1351.0,0.0,12.36,36.47,0.0,1.0416666666666667
200,0980c02b-e3e2-44fe-9216-c8c5d6357ff1,Mosquitoes,LivingAgent,41.834719,9.640974,1,790,ADULT,0.466,0,0,0,0.0,0,0,63,1164.0,2.0,63.17,35.93,0.0,2.0833333333333335
100,2986d0fd-dbe7-411a-9bbf-cc035e9b7121,Mosquitoes,LivingAgent,41.846568,9.647156,1,525,PUPA,0.6,0,0,0,0.0,0,0,76,1180.0,4.0,75.87,35.41,0.0,1.0416666666666667
100,13c7c7f1-b605-417e-8361-cf85d38064ae,Mosquitoes,LivingAgent,41.876434,9.643482,1,889,ADULT,0.422,0,0,0,0.0,1,3,0,1170.0,0.0,65.61,32.44,0.0,1.0416666666666667
300,84cf719c-3504-4164-8f6e-c5b62c5193cb,Mosquitoes,LivingAgent,41.849767,9.670086,0,646,ADULT,0.9,0,0,0,0.0,0,0,97,1215.0,3.0,45.39,36.11,0.0,3.125
400,53ac16c3-9d79-4bdc-8d60-5fe099c82a5d,Mosquitoes,LivingAgent,41.828988,9.656052,1,888,LARVA,0.753,0,0,0,0.0,0,0,59,1186.0,0.0,40.39,35.94,0.0,4.166666666666667
200,7ae9fa96-efd3-4a6f-a3a6-a5ec68839d55,Mosquitoes,LivingAgent,41.869965,9.588265,1,855,LARVA,0.779,0,0,0,0.0,0,0,0,1082.0,0.0,1.46,32.13,0.0,2.0833333333333335
100,57a70010-d6bd-4aec-8a0f-eb39bdce0cb7,Mosquitoes,LivingAgent,41.86923,9.752081,1,403,ADULT,0.575,0,0,0,0.0,0,0,0,1511.0,0.0,3.19,27.73,0.0,1.0416666666666667
500,6a51ddd0-b3fe-45ea-a7db-780678d6e93f,Mosquitoes,LivingAgent,41.870362,9.634167,1,571,ADULT,0.348,0,0,0,0.0,0,5,43,1142.0,0.0,26.34,36.05,2.5723,5.208333333333333
300,e449a20b-b3f3-4741-aefb-4c36db46008b,Mosquitoes,LivingAgent,41.815451,9.647194,0,694,ADULT,0.393,0,0,0,0.0,0,0,97,1173.0,1.0,39.42,34.35,0.0,3.125
300,72f4bcdb-2e63-4735-b83a-5bd767f26c02,Mosquitoes,LivingAgent,41.868376,9.664206,1,546,ADULT,0.31,0,0,0,0.0,0,0,92,1211.0,3.0,67.3,34.75,0.0,3.125
200,bf8ee21e-3482-48cb-a608-5a832c6b7b16,Mosquitoes,LivingAgent,41.870973,9.659182,1,934,ADULT,0.437,0,0,0,0.0,0,5,64,1199.0,2.0,74.61,35.18,0.0,2.0833333333333335
400,a47a7080-187d-4dc7-9e27-811eac42d187,Mosquitoes,LivingAgent,41.8758,9.634748,1,1681,ADULT,0.715,0,0,0,0.0,0,0,75,1160.0,0.0,37.95,36.36,0.0,4.166666666666667
200,d44a0cd2-03d1-4ef0-b670-4e844fe59019,Mosquitoes,LivingAgent,41.876836,9.643034,1,121,ADULT,0.644,0,0,0,0.0,0,0,0,1165.0,0.0,55.71,35.83,0.0,2.0833333333333335
300,08cc68e1-ffbe-4570-a13f-08cfb4a27731,Mosquitoes,LivingAgent,41.981332,9.65747,1,1782,ADULT,0.545,1,0,0,0.0,0,0,0,1607.0,0.0,1.09,33.9,0.0,3.125
300,274e77f4-d9f6-4ab8-a555-d815a5281e02,Mosquitoes,LivingAgent,41.838797,9.635504,1,321,ADULT,0.486,0,0,0,0.0,0,0,0,1147.0,1.0,48.95,36.65,0.0,3.125
200,307a2e38-ddcb-48ff-9b0f-9dfb3e9805b3,Mosquitoes,LivingAgent,41.862242,9.673389,1,50,LARVA,0.709,0,0,0,0.0,0,0,0,1231.0,1.0,87.59,36.08,0.0,2.0833333333333335
200,82893fa0-b294-41c3-9fbf-7a1dfde51ecd,Mosquitoes,LivingAgent,41.789105,9.623412,1,95,PUPA,0.687,0,0,0,0.0,0,0,0,1105.0,0.0,3.94,35.31,0.0,2.0833333333333335
500,2422493e-dddb-4d42-bc01-19538ce0bb11,Mosquitoes,LivingAgent,41.869877,9.670547,1,1567,ADULT,0.416,0,0,0,0.0,0,0,91,1300.0,1.0,41.68,36.6,0.0,5.208333333333333
100,4b3a03d2-c28d-4a98-b711-6d155cbf6242,Mosquitoes,LivingAgent,41.797315,9.628199,1,1335,ADULT,0.601,0,0,0,0.0,0,0,0,1109.0,0.0,19.58,35.65,3.029,1.0416666666666667
100,011c6cf3-69b4-4aed-bc17-7eaa851918aa,Mosquitoes,LivingAgent,41.865945,9.677748,1,230,PUPA,0.656,0,0,0,0.0,0,0,0,1299.0,0.0,61.45,31.31,0.0,1.0416666666666667
200,47a3281b-72a8-4cb2-923a-6a8b4de3f417,Mosquitoes,LivingAgent,41.802195,9.630481,1,605,ADULT,0.738,0,0,0,0.0,0,0,76,1121.0,0.0,20.53,35.82,0.0,2.0833333333333335
100,558d033e-33b1-444e-b1f0-fbfee6bc2aff,Mosquitoes,LivingAgent,41.877378,9.659993,1,415,ADULT,0.443,0,0,0,0.0,0,0,0,1208.0,1.0,57.61,33.18,0.0,1.0416666666666667
100,6bcc2d07-ef55-4286-a7df-6ac2ab82a6ae,Mosquitoes,LivingAgent,41.82511,9.659169,1,1416,ADULT,0.771,0,0,0,0.0,0,0,0,1201.0,0.0,24.5,33.65,0.0,1.0416666666666667
500,03a9e35e-4612-4fbf-93b6-1835d84b3e7c,Mosquitoes,LivingAgent,41.867122,9.649498,1,1671,ADULT,0.445,0,0,0,0.0,0,0,71,1179.0,2.0,69.69,36.23,0.0,5.208333333333333
100,4a8fdf22-d373-42cf-a473-4bc05ea0f1dc,Mosquitoes,LivingAgent,41.824766,9.642379,1,304,LARVA,0.874,0,0,0,0.0,0,0,85,1164.0,2.0,34.69,34.87,1.2546,1.0416666666666667
200,5c904a0c-f2a5-4b10-a38c-5414d0cabd6f,Mosquitoes,LivingAgent,41.765557,9.627642,1,24,ADULT,0.383,0,0,0,0.0,1,2,0,1117.0,0.0,5.74,33.2,0.0,2.0833333333333335
300,fcf568c1-828d-412b-86e3-8d5a4ed70971,Mosquitoes,LivingAgent,41.869638,9.650338,1,1239,ADULT,0.643,0,0,0,0.0,0,0,0,1179.0,1.0,78.74,33.62,0.0,3.125
300,3f67c8c4-5107-478b-b1a1-283adebf7dba,Mosquitoes,LivingAgent,41.857446,9.665673,1,1074,ADULT,0.33,0,0,0,0.0,0,5,24,1216.0,0.0,89.62,36.11,0.0,3.125
100,89b1c109-0db1-45f4-ad13-6751de7236ab,Mosquitoes,LivingAgent,41.840601,9.671071,1,1589,ADULT,0.385,0,0,0,0.0,0,0,0,1255.0,0.0,16.32,33.65,0.0,1.0416666666666667
100,06233066-dac8-42c3-a54a-932e065a8b94,Mosquitoes,LivingAgent,41.876977,9.642895,1,930,LARVA,0.793,0,0,0,0.0,0,0,0,1166.0,0.0,53.87,32.44,0.0,1.0416666666666667
100,1e134a3d-8880-4226-a6bc-dc5e2d0e183a,Mosquitoes,LivingAgent,41.880229,9.68251,1,242,PUPA,0.637,0,0,0,0.0,0,0,0,1440.0,0.0,18.26,36.47,0.0,1.0416666666666667
200,5f96349d-9117-4aab-b1ba-fe240e03c1e5,Mosquitoes,LivingAgent,41.961927,9.723616,1,1691,ADULT,0.766,0,0,0,0.0,0,0,0,1632.0,0.0,1.06,35.28,0.0,2.0833333333333335
200,eb2c3542-fc80-4ce9-8efb-b8c2ce72f9ef,Mosquitoes,LivingAgent,41.848443,9.671089,1,548,LARVA,0.772,0,0,0,0.0,0,0,0,1212.0,1.0,34.33,34.65,0.0,2.0833333333333335
100,e0383afc-b9ae-40f0-b80a-6d885b52eb55,Mosquitoes,LivingAgent,41.850941,9.659704,1,956,ADULT,0.543,0,0,0,0.0,0,0,81,1199.0,0.0,77.89,33.65,0.0,1.0416666666666667
200,4c695b8a-b6f0-4c5d-b7dc-c2d22c656b40,Mosquitoes,LivingAgent,41.883044,9.645247,1,966,LARVA,0.852,0,0,0,0.0,0,0,40,1178.0,0.0,23.14,33.25,0.0,2.0833333333333335
200,a2dc0dbd-9870-40b8-8725-04ff882b5da3,Mosquitoes,LivingAgent,41.85972,9.659308,1,488,ADULT,0.589,1,0,0,0.0,0,0,85,1206.0,1.0,64.45,34.77,0.0,2.0833333333333335
100,e5bbc5dd-116e-4c7d-a68a-6838034fe068,Mosquitoes,LivingAgent,41.870406,9.651432,1,1076,ADULT,0.334,0,0,0,0.0,0,0,0,1185.0,1.0,77.83,35.53,0.0,1.0416666666666667
100,a47331d1-8b8f-46ce-9ab2-b6cbb0dd6a99,Mosquitoes,LivingAgent,41.874674,9.650084,1,1810,ADULT,0.375,0,0,0,0.0,0,0,0,1176.0,3.0,73.88,36.65,0.0,1.0416666666666667
100,0d26505b-ec7e-4f0f-aefb-9eab26590de2,Mosquitoes,LivingAgent,41.870003,9.686636,1,1641,ADULT,0.765,0,0,0,0.0,0,0,0,1322.0,0.0,12.41,36.47,0.0,1.0416666666666667
100,8427f67b-10b5-46c2-ae22-bc0048809208,Mosquitoes,LivingAgent,41.869643,9.676066,1,250,ADULT,0.393,0,0,0,0.0,1,3,0,1252.0,5.0,82.34,35.78,0.0,1.0416666666666667
200,27ede16a-e10b-4c34-a712-37f88c02e00e,Mosquitoes,LivingAgent,41.835157,9.603337,1,406,ADULT,0.723,0,0,0,0.0,0,0,0,1083.0,0.0,4.32,36.17,0.0,2.0833333333333335
100,ee5be9dd-9f33-458b-b7c8-8ef793b39126,Mosquitoes,LivingAgent,41.874253,9.640373,1,178,ADULT,0.393,1,0,0,0.0,0,0,0,1158.0,0.0,55.47,35.09,0.0,1.0416666666666667
200,c760aff8-2bfe-4416-93d3-7b7a9b602c5d,Mosquitoes,LivingAgent,41.815944,9.647399,1,1473,ADULT,0.729,0,0,0,0.0,1,0,0,1170.0,1.0,41.42,30.59,0.0,2.0833333333333335
400,af560ac4-eb12-47c0-855e-e745c8717912,Mosquitoes,LivingAgent,41.77827,9.647411,1,1850,ADULT,0.574,1,0,0,0.0,0,5,59,1152.0,1.0,15.96,34.15,0.0,4.166666666666667
100,0877b6be-3c95-4ffa-b648-c148b2e4b1a6,Mosquitoes,LivingAgent,41.870589,9.650486,1,915,ADULT,0.411,0,0,0,0.0,0,0,0,1184.0,1.0,78.59,35.53,0.0,1.0416666666666667
300,867fbb99-0c4f-40b8-8f80-1d8920b9961b,Mosquitoes,LivingAgent,41.840925,9.641149,1,505,ADULT,0.52,0,0,0,0.0,0,0,0,1152.0,2.0,51.71,36.65,0.0,3.125
200,63b835ed-c7b7-40e0-979d-abb3e61c12ca,Mosquitoes,LivingAgent,41.844763,9.64189,1,31,PUPA,0.735,0,0,0,0.0,0,0,0,1160.0,4.0,54.37,35.82,0.0,2.0833333333333335
300,674b355c-6f64-4405-aa28-22ca095afa1f,Mosquitoes,LivingAgent,41.868712,9.74953,1,1180,ADULT,0.771,1,0,0,0.0,0,0,0,1525.0,0.0,3.22,32.33,0.0,3.125
200,e6e71c7e-5309-4a91-9eed-b66c68070f1e,Mosquitoes,LivingAgent,41.86994,9.673299,1,1309,ADULT,0.753,0,0,0,0.0,1,2,0,1247.0,1.0,64.43,35.36,4.8128,2.0833333333333335
200,9ae15b75-ae18-4858-8de2-9e60a7a0fbea,Mosquitoes,LivingAgent,41.86588,9.647288,1,66,PUPA,0.629,0,0,0,0.0,0,0,0,1172.0,1.0,75.91,35.69,4.7151,2.0833333333333335
200,5049803d-4d40-4132-aa1b-cc559d5bf173,Mosquitoes,LivingAgent,41.899553,9.710912,1,525,LARVA,0.748,0,0,0,0.0,0,0,0,1386.0,0.0,4.54,31.09,0.0,2.0833333333333335
100,6ed1186b-c1d1-441e-b075-6bf0c17d0c2d,Mosquitoes,LivingAgent,41.831328,9.659815,1,485,LARVA,0.88,0,0,0,0.0,0,0,0,1199.0,1.0,46.33,33.65,0.0,1.0416666666666667
200,d9db2bf5-f7e5-446d-8a1e-be30f96f0089,Mosquitoes,LivingAgent,41.810969,9.647513,1,45,PUPA,0.718,0,0,0,0.0,0,0,0,1168.0,1.0,19.93,36.21,0.0,2.0833333333333335
100,b1be80ff-bdf2-4e31-a883-fa83cf3662c9,Mosquitoes,LivingAgent,41.874914,9.644332,1,1369,ADULT,0.777,1,0,0,0.0,1,0,0,1173.0,2.0,74.52,36.62,0.0,1.0416666666666667
100,9bf72f31-70a8-4469-bb11-e430a019f5ba,Mosquitoes,LivingAgent,41.83623,9.605579,1,1027,ADULT,0.715,0,0,0,0.0,0,5,15,1083.0,0.0,4.37,33.52,0.0,1.0416666666666667
100,abe124f5-32e8-4e87-a3bc-749b4910f078,Mosquitoes,LivingAgent,41.873172,9.648659,1,1390,ADULT,0.516,0,0,0,0.0,1,0,0,1169.0,2.0,75.75,35.78,0.0,1.0416666666666667
500,99b05676-b02a-4a6f-97ba-ea609da949ff,Mosquitoes,LivingAgent,41.819169,9.649917,1,934,ADULT,0.364,0,0,0,0.0,0,5,68,1183.0,1.0,51.84,35.47,0.0,5.208333333333333
100,4c5bf2f1-2105-4799-8724-57d53feb4efd,Mosquitoes,LivingAgent,41.846078,9.641967,1,77,LARVA,0.815,0,0,0,0.0,0,0,0,1158.0,1.0,54.86,36.29,0.0,1.0416666666666667
200,66fae2d7-75d8-4f1a-a6a7-dd3663a1e269,Mosquitoes,LivingAgent,41.937746,9.773341,0,668,ADULT,0.382,0,0,0,0.0,0,0,97,1990.0,0.0,2.38,35.57,0.0,2.0833333333333335
100,4ea4a420-9959-4856-b312-87f294572329,Mosquitoes,LivingAgent,41.901626,9.742906,1,111,ADULT,0.638,0,0,0,0.0,0,5,81,1676.0,0.0,2.79,35.68,0.0,1.0416666666666667
300,ff8c54ec-8f28-4aed-862c-84acc11de6e1,Mosquitoes,LivingAgent,41.816613,9.651855,1,743,LARVA,0.733,0,0,0,0.0,0,0,0,1185.0,3.0,34.94,36.11,0.0,3.125
100,8edb3431-2d56-4488-a73a-01ac2da3cf6f,Mosquitoes,LivingAgent,41.843171,9.66049,1,1794,ADULT,0.344,1,0,0,0.0,0,0,0,1190.0,3.0,66.73,35.41,0.0,1.0416666666666667
200,9a646390-8e6b-4beb-87eb-45c75fae0713,Mosquitoes,LivingAgent,41.874197,9.663868,1,234,ADULT,0.323,0,0,0,0.0,0,0,0,1220.0,2.0,68.02,35.18,0.0,2.0833333333333335
400,72242732-afe8-4ec1-88f5-904c37e5b5ed,Mosquitoes,LivingAgent,41.872611,9.661224,1,1162,ADULT,0.682,1,0,0,0.0,0,0,0,1208.0,5.0,66.67,34.81,0.0,4.166666666666667
500,13da881a-f40e-4bd1-b8f9-f72135a1ed0d,Mosquitoes,LivingAgent,41.874035,9.648292,1,154,PUPA,0.531,0,0,0,0.0,0,0,94,1173.0,2.0,73.94,36.6,0.0,5.208333333333333
100,57d6a06f-7abd-4010-8562-daa9cf47cca0,Mosquitoes,LivingAgent,41.836404,9.604272,1,1859,ADULT,0.597,0,0,0,0.0,0,0,0,1087.0,0.0,4.48,31.11,0.0,1.0416666666666667
100,9c6c19e4-b6c4-406a-a4f2-fa9bef325111,Mosquitoes,LivingAgent,41.876964,9.673945,1,936,ADULT,0.425,0,0,0,0.0,1,0,0,1255.0,0.0,40.62,27.67,0.0,1.0416666666666667
300,b9360431-4691-4530-b3f9-675221836d0c,Mosquitoes,LivingAgent,41.757164,9.658131,1,211,LARVA,0.715,0,0,0,0.0,0,0,0,1165.0,0.0,1.94,34.93,0.0,3.125
400,d10ce875-389b-4550-a619-ca92f6501a3d,Mosquitoes,LivingAgent,41.837231,9.64387,1,1169,ADULT,0.687,1,0,0,0.0,0,0,0,1159.0,1.0,76.92,35.27,0.0,4.166666666666667
100,1ed4a1b5-2a7c-4d64-bbcd-b38f96464857,Mosquitoes,LivingAgent,41.841757,9.639366,1,36,ADULT,0.695,0,0,0,0.0,1,3,0,1148.0,4.0,50.4,31.18,0.0,1.0416666666666667
200,0b388587-2268-418e-afb2-c10427ff7c80,Mosquitoes,LivingAgent,41.84359,9.644968,1,796,ADULT,0.629,0,0,0,0.0,0,0,0,1167.0,1.0,73.19,33.83,0.0,2.0833333333333335
300,95d125d8-a128-4cc7-b1fd-0bc6c839a651,Mosquitoes,LivingAgent,41.802069,9.628927,1,1373,ADULT,0.305,0,0,0,0.0,0,0,0,1118.0,1.0,20.31,32.08,0.0,3.125
200,f615612e-9b39-4fac-8352-8d857e2df79f,Mosquitoes,LivingAgent,41.858533,9.667428,1,1810,ADULT,0.656,0,0,0,0.0,1,1,0,1225.0,1.0,87.18,34.65,0.0,2.0833333333333335
300,3da7af80-dfb5-40f2-ad64-e8664ceea27a,Mosquitoes,LivingAgent,41.877278,9.646175,1,76,PUPA,0.652,0,0,0,0.0,0,0,0,1180.0,5.0,62.02,33.62,0.0,3.125
100,6e2a925e-ac74-4c41-81b5-642b8d4dc95b,Mosquitoes,LivingAgent,41.874231,9.663759,1,1493,ADULT,0.453,0,0,0,0.0,0,0,0,1220.0,4.0,68.07,34.23,0.0,1.0416666666666667
300,1b2d500e-d36f-4361-99f1-428256a220b8,Mosquitoes,LivingAgent,41.840975,9.63637,1,62,LARVA,0.758,0,0,0,0.0,0,0,0,1149.0,1.0,49.8,32.08,0.0,3.125
300,91fd41ae-5b68-4ab7-b402-046c7dba760d,Mosquitoes,LivingAgent,41.871111,9.647608,1,1201,ADULT,0.664,0,0,0,0.0,0,0,0,1177.0,1.0,73.23,36.29,0.0,3.125
200,370bf138-afeb-4f2f-95d9-3c4a193a2f39,Mosquitoes,LivingAgent,41.842907,9.645887,1,271,ADULT,0.733,1,0,0,0.0,0,0,0,1168.0,4.0,76.87,36.08,0.0,2.0833333333333335
200,982f7102-6a68-424f-98a4-941775300a24,Mosquitoes,LivingAgent,41.906397,9.746387,1,828,LARVA,0.678,0,0,0,0.0,0,0,34,1584.0,0.0,2.54,35.11,0.0,2.0833333333333335
200,e973b5d3-52fe-42cc-aa38-4031f0f28e81,Mosquitoes,LivingAgent,41.869932,9.685483,1,1575,ADULT,0.769,0,0,0,0.0,0,0,0,1334.0,0.0,14.06,33.28,0.0,2.0833333333333335
500,5b20d8ca-e495-4589-9202-9bd9564e4ee8,Mosquitoes,LivingAgent,41.851064,9.652576,1,1518,ADULT,0.581,0,0,0,0.0,0,0,32,1174.0,0.0,62.07,35.47,0.0,5.208333333333333
100,f65e83ae-7acb-4006-8fc9-9fcff82b79c4,Mosquitoes,LivingAgent,41.870599,9.6496,1,1435,ADULT,0.32,0,0,0,0.0,1,0,0,1181.0,1.0,77.78,27.67,0.0,1.0416666666666667
300,353342db-91e7-4f85-9aba-1b050e1a0565,Mosquitoes,LivingAgent,41.864102,9.635266,1,1740,ADULT,0.488,0,0,0,0.0,0,0,0,1146.0,0.0,44.09,35.09,0.0,3.125
200,287c8232-c9a5-409b-a172-380d99a24005,Mosquitoes,LivingAgent,42.032061,9.665971,1,1305,ADULT,0.76,0,0,0,0.0,0,0,0,1538.0,0.0,1.13,34.18,0.0,2.0833333333333335
400,f9dc3d4b-8291-409d-a856-65f7942ceb9d,Mosquitoes,LivingAgent,41.829258,9.658723,1,111,PUPA,0.619,0,0,0,0.0,0,0,45,1201.0,2.0,38.88,34.95,0.0,4.166666666666667
300,fa36a6ae-d8c6-41ac-986a-6d25595ce5c2,Mosquitoes,LivingAgent,41.862943,9.645727,1,487,ADULT,0.644,0,0,0,0.0,0,0,0,1176.0,1.0,73.05,36.11,0.0,3.125
300,44a6f083-02c7-47ba-97ec-0fc8b3e9fc7e,Mosquitoes,LivingAgent,41.746935,9.761857,1,202,PUPA,0.676,0,0,0,0.0,0,0,0,1659.0,0.0,3.19,36.63,0.0,3.125
100,08456bbe-a049-4f60-821e-1f5a578691c0,Mosquitoes,LivingAgent,41.84407,9.642349,0,186,PUPA,0.55,0,0,0,0.0,0,0,97,1153.0,1.0,55.72,36.29,0.0,1.0416666666666667
100,5159c5a3-50a6-4668-9644-7146d0b203f9,Mosquitoes,LivingAgent,41.854634,9.658375,1,1671,ADULT,0.773,0,0,0,0.0,0,0,0,1195.0,0.0,71.32,30.73,0.0,1.0416666666666667
100,a120e8e1-d289-4c38-85c1-59dbdc5256ac,Mosquitoes,LivingAgent,41.869974,9.68891,0,194,ADULT,0.759,0,0,0,0.0,0,5,97,1349.0,0.0,12.83,36.47,0.0,1.0416666666666667
300,7bb59927-fb8e-4852-9b42-749b1e1a02da,Mosquitoes,LivingAgent,41.874449,9.660521,1,586,ADULT,0.409,1,0,0,0.0,0,0,0,1212.0,4.0,74.55,33.62,0.0,3.125
200,d0a8e521-f418-4117-bf77-51b5a4895e1a,Mosquitoes,LivingAgent,41.877743,9.643882,1,179,ADULT,0.712,0,0,0,0.0,0,0,89,1165.0,0.0,46.0,35.13,0.0,2.0833333333333335
100,a572d3e7-dbea-4559-b12a-4c956025802c,Mosquitoes,LivingAgent,41.866114,9.648672,1,728,ADULT,0.623,0,0,0,0.0,0,0,0,1174.0,0.0,74.45,34.23,0.0,1.0416666666666667
100,c2875938-f614-4a53-8c96-0690b07f2fb1,Mosquitoes,LivingAgent,41.838924,9.636479,0,1849,ADULT,0.549,0,0,0,0.0,0,0,97,1146.0,1.0,54.14,35.65,3.029,1.0416666666666667
200,0d423d2f-4340-4d29-ae25-adfc573d93f8,Mosquitoes,LivingAgent,41.920869,9.761194,1,204,PUPA,0.566,0,0,0,0.0,0,0,42,1618.0,0.0,3.1,34.1,0.0,2.0833333333333335
300,4f394c60-7fd1-4d33-8085-390c7bff91b0,Mosquitoes,LivingAgent,41.898249,9.757249,1,127,PUPA,0.795,0,0,0,0.0,0,0,0,1731.0,0.0,4.24,36.53,0.0,3.125
300,19df8d80-5113-43eb-b54a-43daa9704b51,Mosquitoes,LivingAgent,41.875904,9.641676,1,555,ADULT,0.678,0,0,0,0.0,1,0,0,1159.0,0.0,59.3,35.81,0.0,3.125
300,cd8555a3-716b-463f-a418-650b6aca58dc,Mosquitoes,LivingAgent,41.843434,9.64329,0,750,LARVA,0.866,0,0,0,0.0,0,0,68,1159.0,2.0,66.17,35.98,0.0,3.125
300,48789f7a-1056-4be1-b06b-3c764c99c598,Mosquitoes,LivingAgent,41.871385,9.734647,1,1251,ADULT,0.641,0,0,0,0.0,1,1,0,1545.0,0.0,3.33,33.79,0.0,3.125
200,74531eb9-0dc0-4a40-9972-89e501c3d573,Mosquitoes,LivingAgent,41.869893,9.688045,1,1519,ADULT,0.42,1,0,0,0.0,1,1,0,1343.0,0.0,11.66,35.5,0.0,2.0833333333333335
100,73ed16a6-7a50-40fe-a9bc-f2a1cf4602da,Mosquitoes,LivingAgent,41.938388,9.77502,1,858,ADULT,0.413,0,0,0,0.0,0,0,0,2026.0,0.0,2.31,33.08,0.0,1.0416666666666667
100,628e18e7-8b3d-4f13-ba71-a11d572e302c,Mosquitoes,LivingAgent,41.859733,9.6445,1,128,ADULT,0.707,0,0,0,0.0,0,0,78,1169.0,0.0,53.49,33.9,0.0,1.0416666666666667
100,9d8b94e6-6006-44b6-abfc-c2b1fea90d02,Mosquitoes,LivingAgent,41.833187,9.661276,1,1797,ADULT,0.721,0,0,0,0.0,1,0,0,1205.0,0.0,42.52,36.13,0.0,1.0416666666666667
300,8eee7254-9b11-4166-9c37-bf30c6475476,Mosquitoes,LivingAgent,41.864843,9.640338,1,876,ADULT,0.506,0,0,0,0.0,0,0,14,1157.0,0.0,49.85,35.81,0.0,3.125
200,190edb02-f088-4a17-9274-6c4311cf76c4,Mosquitoes,LivingAgent,41.879919,9.6484,1,115,ADULT,0.722,0,0,0,0.0,0,0,34,1186.0,1.0,48.68,35.18,0.0,2.0833333333333335
300,e28f3a2e-6853-4572-97a0-d2f18fe0093f,Mosquitoes,LivingAgent,41.925988,9.662147,1,1501,ADULT,0.484,0,0,0,0.0,0,0,0,1448.0,0.0,1.42,35.28,0.0,3.125
300,417224dc-0dfa-484e-a8bb-aace84eede7b,Mosquitoes,LivingAgent,41.834589,9.608435,1,949,LARVA,0.703,0,0,0,0.0,0,0,0,1094.0,0.0,3.34,35.35,0.0,3.125
100,48db4cff-c867-4400-b1ab-e6523bee55b4,Mosquitoes,LivingAgent,41.875659,9.649629,1,202,LARVA,0.65,0,0,0,0.0,0,0,0,1185.0,2.0,66.45,33.18,0.0,1.0416666666666667
200,1ebd8ecb-5bda-4a53-b31c-d7b4bd12442e,Mosquitoes,LivingAgent,41.868335,9.676686,1,383,LARVA,0.899,0,0,0,0.0,0,0,83,1257.0,5.0,81.92,35.36,4.8128,2.0833333333333335
200,d24d21e0-b9f0-40bc-b47e-2f823e3bd5b9,Mosquitoes,LivingAgent,41.86075,9.645573,1,63,PUPA,0.516,0,0,0,0.0,0,0,21,1168.0,0.0,69.04,36.21,0.0,2.0833333333333335
200,541a6d45-92be-47fa-b2c2-cdddaf24a9a7,Mosquitoes,LivingAgent,41.856723,9.655635,1,706,LARVA,0.653,0,0,0,0.0,0,0,0,1189.0,1.0,60.62,36.08,0.0,2.0833333333333335
300,d2ca7484-6638-41ee-b70a-0cff07d3ea39,Mosquitoes,LivingAgent,41.870776,9.675052,1,905,LARVA,0.807,0,0,0,0.0,0,0,50,1259.0,3.0,82.01,36.29,0.0,3.125
400,ceee22df-3849-4ba0-beee-380bafb4e60d,Mosquitoes,LivingAgent,41.848153,9.665799,1,1686,ADULT,0.598,0,0,0,0.0,0,0,0,1203.0,0.0,52.39,35.94,0.0,4.166666666666667
100,6910c0a2-b843-4b1e-9b86-f74a76701d40,Mosquitoes,LivingAgent,41.843229,9.641712,1,1458,ADULT,0.723,0,0,0,0.0,0,0,0,1155.0,0.0,54.66,31.18,0.0,1.0416666666666667
200,bb7586bc-0c27-4874-96c9-39071e2fa715,Mosquitoes,LivingAgent,41.808304,9.63986,1,468,ADULT,0.743,0,0,0,0.0,0,0,0,1148.0,0.0,20.32,34.09,4.6437,2.0833333333333335
300,6eb2d180-8f7f-422f-aba0-f3075484f4fa,Mosquitoes,LivingAgent,41.855478,9.657293,1,1902,ADULT,0.403,0,0,0,0.0,0,0,65,1190.0,0.0,60.87,36.11,0.0,3.125
500,90c1a07b-f712-4012-94ee-1e01fe0b6215,Mosquitoes,LivingAgent,41.868226,9.646907,1,188,LARVA,0.845,0,0,0,0.0,0,0,51,1173.0,1.0,63.46,36.23,0.0,5.208333333333333
100,3f1b3dce-3283-4f37-a1fc-058ab245be16,Mosquitoes,LivingAgent,41.872895,9.644155,1,596,ADULT,0.71,0,0,0,0.0,1,2,0,1163.0,1.0,73.1,36.62,0.0,1.0416666666666667
100,168b5b56-4d6f-4775-a78c-5f37bc960519,Mosquitoes,LivingAgent,41.851263,9.655243,1,850,LARVA,0.625,0,0,0,0.0,0,0,0,1192.0,1.0,60.89,33.65,0.0,1.0416666666666667
300,400abe74-f5d5-43e6-9507-186a39fd09c8,Mosquitoes,LivingAgent,41.845175,9.6441,1,166,PUPA,0.688,0,0,0,0.0,0,0,0,1167.0,1.0,65.45,35.98,0.0,3.125
200,5d6103c6-60cd-4ad4-acbd-966e195c4489,Mosquitoes,LivingAgent,41.867455,9.663126,1,162,ADULT,0.32,0,0,0,0.0,0,0,0,1208.0,4.0,71.36,35.36,4.8128,2.0833333333333335
100,fe8e15c2-2805-458e-bb99-eb347da9df22,Mosquitoes,LivingAgent,41.840481,9.670284,1,1143,ADULT,0.798,1,0,0,0.0,1,3,0,1253.0,0.0,20.67,36.13,0.0,1.0416666666666667
100,0b45a768-5b74-4e80-9e0a-ec9531fe9e15,Mosquitoes,LivingAgent,41.920968,9.747211,1,1694,ADULT,0.709,0,0,0,0.0,0,5,43,1551.0,0.0,1.82,35.02,0.0,1.0416666666666667
200,5eac5734-fd83-4f65-b0f0-67646fc99856,Mosquitoes,LivingAgent,41.824998,9.646753,1,427,LARVA,0.741,0,0,0,0.0,0,0,0,1176.0,3.0,50.33,36.21,0.0,2.0833333333333335
500,089fa03d-4103-4b84-b2ae-8999a2dd225e,Mosquitoes,LivingAgent,41.869639,9.659543,1,858,LARVA,0.867,0,0,0,0.0,0,0,33,1201.0,1.0,74.55,36.6,0.0,5.208333333333333
200,71e6d720-6f28-492e-9679-1433fd992d15,Mosquitoes,LivingAgent,41.861133,9.641874,1,795,ADULT,0.565,1,0,0,0.0,0,0,0,1162.0,0.0,61.33,35.82,0.0,2.0833333333333335
400,e486357b-ce55-4ca8-9074-e3c7026342ee,Mosquitoes,LivingAgent,41.865155,9.632915,1,487,LARVA,0.667,0,0,0,0.0,0,0,0,1144.0,0.0,33.21,35.29,0.0,4.166666666666667
100,56dca30e-e269-40b2-ba45-cb12dcfd8910,Mosquitoes,LivingAgent,41.985866,9.622003,1,1465,ADULT,0.616,0,0,0,0.0,0,0,91,1581.0,0.0,0.96,35.04,0.0,1.0416666666666667
400,de07b2e2-0d5a-452b-989f-bd37ac48b0a4,Mosquitoes,LivingAgent,41.851885,9.671151,1,623,ADULT,0.437,0,0,0,0.0,0,0,5,1209.0,0.0,64.55,35.94,0.0,4.166666666666667
400,3414cbf8-3b6a-46f1-9d18-97f3a67625e4,Mosquitoes,LivingAgent,41.830958,9.646462,1,142,ADULT,0.582,0,0,0,0.0,0,5,36,1167.0,0.0,54.29,35.94,0.0,4.166666666666667
100,aee40f46-9e76-4a19-a3fa-9180b31ec642,Mosquitoes,LivingAgent,41.84861,9.660634,1,1521,ADULT,0.618,1,0,0,0.0,0,0,0,1185.0,0.0,70.85,35.41,0.0,1.0416666666666667
100,d39ba37f-34ee-4d4b-933f-e8a630d0ea2f,Mosquitoes,LivingAgent,41.872909,9.644807,1,125,ADULT,0.46,1,0,0,0.0,1,1,0,1164.0,0.0,73.6,30.87,0.0,1.0416666666666667
100,b0ba2c82-3681-4fb8-86e6-d21adb02094d,Mosquitoes,LivingAgent,41.842413,9.643845,0,378,ADULT,0.662,0,0,0,0.0,0,0,97,1159.0,0.0,74.11,36.29,0.0,1.0416666666666667
200,3e43614f-8e9c-4f39-a2b0-17aea39c071f,Mosquitoes,LivingAgent,41.860085,9.62765,1,743,ADULT,0.335,0,0,0,0.0,1,3,0,1132.0,0.0,36.21,33.83,0.0,2.0833333333333335
300,acc8a263-15bc-4838-a843-c8408521e60d,Mosquitoes,LivingAgent,41.849108,9.670497,1,419,ADULT,0.316,1,0,0,0.0,1,0,0,1215.0,0.0,39.77,36.11,0.0,3.125
300,351b449a-5eee-4c72-acbf-ac0d0bafa70c,Mosquitoes,LivingAgent,41.849452,9.67035,1,271,PUPA,0.605,0,0,0,0.0,0,0,0,1216.0,0.0,42.79,32.34,0.0,3.125
300,3c9205fa-9587-415f-93f4-d2c81f40d348,Mosquitoes,LivingAgent,41.798923,9.631416,1,126,ADULT,0.591,0,0,0,0.0,1,1,0,1121.0,1.0,23.78,36.65,0.0,3.125
100,21057af7-a7c9-4e6c-9131-69df1d0cc7f4,Mosquitoes,LivingAgent,41.824022,9.660232,1,177,PUPA,0.739,0,0,0,0.0,0,0,5,1205.0,0.0,22.95,35.46,0.0,1.0416666666666667
200,f2813d84-1a83-4bae-9e31-ab5806988d2e,Mosquitoes,LivingAgent,41.788813,9.64593,1,486,ADULT,0.497,0,0,0,0.0,0,0,0,1144.0,0.0,24.42,30.7,0.0,2.0833333333333335
300,7f9d2e95-0786-4d74-9a13-439cd544c504,Mosquitoes,LivingAgent,41.845334,9.648644,1,192,PUPA,0.631,0,0,0,0.0,0,0,64,1185.0,2.0,79.46,36.14,0.0,3.125
300,be8c862b-1d71-4529-9d4b-330261100a7a,Mosquitoes,LivingAgent,41.847554,9.650883,1,218,LARVA,0.897,0,0,0,0.0,0,0,0,1185.0,0.0,81.55,36.11,0.0,3.125
100,87383933-87a3-4fd7-a631-64eebfbf944d,Mosquitoes,LivingAgent,41.869313,9.659102,1,1406,ADULT,0.398,0,0,0,0.0,0,0,96,1199.0,4.0,73.68,34.23,0.0,1.0416666666666667
300,65fd2e6a-18ea-4fc5-a505-e7a884968226,Mosquitoes,LivingAgent,41.84462,9.657801,1,991,ADULT,0.603,1,0,0,0.0,0,0,0,1187.0,0.0,73.97,32.34,0.0,3.125
100,e11d8824-b6b8-4c7d-ac6e-e49a922d5687,Mosquitoes,LivingAgent,41.877281,9.645381,1,1914,ADULT,0.482,0,0,0,0.0,0,0,94,1178.0,2.0,55.22,33.18,0.0,1.0416666666666667
200,27741c6c-497d-4d23-be78-ed5a89f069de,Mosquitoes,LivingAgent,41.85222,9.651004,1,169,LARVA,0.797,0,0,0,0.0,0,0,0,1170.0,0.0,77.37,34.77,0.0,2.0833333333333335
100,8f33b3d6-8745-4f54-91e7-7199cbebb2d5,Mosquitoes,LivingAgent,41.852369,9.66449,1,622,ADULT,0.758,0,0,0,0.0,1,2,0,1205.0,3.0,88.4,36.13,0.0,1.0416666666666667
500,f617dcb0-fb3f-462c-b4b7-d14c7e72653d,Mosquitoes,LivingAgent,41.857908,9.676848,1,212,ADULT,0.416,0,0,0,0.0,0,0,37,1262.0,0.0,70.4,36.29,0.0,5.208333333333333
200,d685b10d-31e4-4c49-afc7-085b228178e3,Mosquitoes,LivingAgent,41.845207,9.662993,1,98,ADULT,0.63,0,0,0,0.0,0,5,20,1196.0,0.0,51.97,36.08,0.0,2.0833333333333335
200,dfbfd060-a821-4465-af16-bc0a078bef26,Mosquitoes,LivingAgent,41.838112,9.645854,1,359,LARVA,0.688,0,0,0,0.0,0,0,0,1165.0,0.0,85.9,35.1,0.0,2.0833333333333335
100,71937b42-0262-411f-950c-3ece04d74eda,Mosquitoes,LivingAgent,41.882827,9.649535,1,257,PUPA,0.585,0,0,0,0.0,0,0,0,1186.0,1.0,39.02,35.53,0.0,1.0416666666666667
300,f84aae07-8d77-4d2d-85f4-fc0122b2ce81,Mosquitoes,LivingAgent,41.862805,9.654143,1,890,LARVA,0.832,0,0,0,0.0,0,0,0,1195.0,0.0,75.73,34.35,0.0,3.125
100,85cab129-c35e-43b7-9c81-4fe0f65df06a,Mosquitoes,LivingAgent,41.855833,9.665527,1,1675,ADULT,0.379,0,0,0,0.0,1,3,0,1217.0,1.0,89.14,35.41,0.0,1.0416666666666667
300,875f0137-3cbc-4a80-a364-16b25b39c335,Mosquitoes,LivingAgent,41.89004,9.659863,1,186,ADULT,0.337,0,0,0,0.0,0,0,0,1242.0,2.0,26.5,33.62,0.0,3.125
100,eaad406f-430f-413e-ba35-4dcdcc6080d0,Mosquitoes,LivingAgent,41.847137,9.653257,1,1511,ADULT,0.607,1,0,0,0.0,0,0,0,1181.0,2.0,76.95,35.46,0.0,1.0416666666666667
300,370cce07-a38a-4932-8a2c-e2325c0ee41b,Mosquitoes,LivingAgent,41.84722,9.665248,1,1363,ADULT,0.694,1,0,0,0.0,0,0,49,1199.0,0.0,49.59,36.14,0.0,3.125
100,72521136-95dc-41c0-aa1d-e1554863634f,Mosquitoes,LivingAgent,41.849409,9.652785,1,1818,ADULT,0.798,0,0,0,0.0,0,0,0,1182.0,2.0,66.14,35.46,0.0,1.0416666666666667
400,3994cc6b-224d-46c2-825b-829c97052388,Mosquitoes,LivingAgent,41.87401,9.635823,1,818,LARVA,0.808,0,0,0,0.0,0,0,0,1154.0,1.0,43.17,36.36,0.0,4.166666666666667
200,61b720e2-a008-4fa7-a0d4-c43f276332fa,Mosquitoes,LivingAgent,41.845233,9.635673,1,644,ADULT,0.769,0,0,0,0.0,1,3,0,1141.0,0.0,39.0,35.82,0.0,2.0833333333333335
400,40c47633-a318-475b-b671-1e3227670afb,Mosquitoes,LivingAgent,41.882815,9.643857,1,245,ADULT,0.687,0,0,0,0.0,0,0,16,1188.0,1.0,21.47,36.36,0.0,4.166666666666667
200,17400a03-7cc9-4a67-acee-47d10cdcecd7,Mosquitoes,LivingAgent,41.850543,9.666631,1,116,LARVA,0.696,0,0,0,0.0,0,0,30,1203.0,3.0,68.88,34.65,0.0,2.0833333333333335
200,0d7dd6cc-b1e6-4849-b95c-17579835e8cb,Mosquitoes,LivingAgent,41.873516,9.659916,1,502,LARVA,0.675,0,0,0,0.0,0,0,0,1208.0,4.0,73.05,33.84,0.0,2.0833333333333335
200,614f394b-5d33-42c0-8b2f-06ce2f43114a,Mosquitoes,LivingAgent,41.83118,9.662803,1,712,ADULT,0.361,0,0,0,0.0,0,0,0,1272.0,0.0,28.83,32.84,0.0,2.0833333333333335
200,6095e35e-27df-46fc-817b-ea7589c23a69,Mosquitoes,LivingAgent,41.827384,9.660785,1,176,PUPA,0.737,0,0,0,0.0,0,0,0,1204.0,1.0,29.69,36.08,0.0,2.0833333333333335
100,a17472e9-e8dd-4c97-8f0a-91b7229d411d,Mosquitoes,LivingAgent,41.871736,9.636255,1,657,ADULT,0.666,0,0,0,0.0,0,0,0,1151.0,0.0,36.21,36.62,0.0,1.0416666666666667
100,c0ce80a7-e4c5-4caa-b5a3-218fb3c86457,Mosquitoes,LivingAgent,41.835313,9.602608,1,1171,ADULT,0.623,0,0,0,0.0,1,0,0,1078.0,0.0,4.4,35.51,0.0,1.0416666666666667
100,6c453294-bb48-4c3d-a8c6-12ccaa4c50a0,Mosquitoes,LivingAgent,41.868155,9.674517,1,1258,ADULT,0.487,0,0,0,0.0,0,0,92,1243.0,3.0,74.21,35.78,0.0,1.0416666666666667
100,146a6269-cbe9-48de-a36e-fe34cdee3478,Mosquitoes,LivingAgent,41.847754,9.666647,1,113,PUPA,0.613,0,0,0,0.0,0,0,0,1203.0,0.0,47.78,35.41,0.0,1.0416666666666667
300,fc7e8648-41fd-45e7-a8bf-19c5d7b3d2dd,Mosquitoes,LivingAgent,41.836374,9.641561,1,1027,ADULT,0.696,0,0,0,0.0,0,0,0,1159.0,0.0,73.87,35.98,0.0,3.125
300,c5286733-9b99-4f2c-b691-2fbdfd33b49f,Mosquitoes,LivingAgent,41.740874,9.75999,1,1097,ADULT,0.492,0,0,0,0.0,1,0,0,1655.0,0.0,2.98,36.63,0.0,3.125
400,74c6e0ec-735a-4255-b233-b6f6a5d9a0c3,Mosquitoes,LivingAgent,41.877838,9.695676,1,1037,ADULT,0.376,0,0,0,0.0,0,0,0,1344.0,0.0,6.44,35.55,0.0,4.166666666666667
300,c39eb286-fb7d-4bc3-bcb0-6cefc185684d,Mosquitoes,LivingAgent,41.85843,9.691978,1,818,LARVA,0.816,0,0,0,0.0,0,0,94,1304.0,0.0,18.74,35.48,0.0,3.125
100,020eca80-1bf3-4321-99bc-6b455a65a082,Mosquitoes,LivingAgent,41.874877,9.641276,1,415,ADULT,0.366,1,0,0,0.0,1,2,0,1165.0,0.0,62.7,35.09,0.0,1.0416666666666667
100,7a4fd3ff-00ac-4db8-b2a2-a4a1e7da5d89,Mosquitoes,LivingAgent,41.868056,9.673511,1,1662,ADULT,0.378,1,0,0,0.0,0,0,93,1239.0,0.0,66.85,35.53,0.0,1.0416666666666667
200,b25f2b74-2ebf-4cf9-96ae-211a89758712,Mosquitoes,LivingAgent,41.868879,9.674437,1,245,LARVA,0.848,0,0,0,0.0,0,0,0,1245.0,4.0,73.02,33.25,0.0,2.0833333333333335
300,e11ed484-c71c-4c87-8010-007a0c2f948a,Mosquitoes,LivingAgent,41.859464,9.636696,1,84,PUPA,0.791,0,0,0,0.0,0,0,55,1145.0,0.0,38.09,35.98,0.0,3.125
100,f3321eec-59fa-40ce-b7d0-b61190c5f3a3,Mosquitoes,LivingAgent,41.842958,9.640616,1,778,ADULT,0.576,0,0,0,0.0,0,5,22,1154.0,1.0,52.79,28.98,0.0,1.0416666666666667
200,e7a26f60-ef4d-4b2b-be14-bbabe422ee50,Mosquitoes,LivingAgent,41.749405,9.763192,1,263,ADULT,0.371,0,0,0,0.0,0,5,60,1651.0,1.0,2.83,35.6,0.0,2.0833333333333335
400,db10568c-b0ff-44e5-b12d-32b93b476020,Mosquitoes,LivingAgent,41.882072,9.645419,1,785,ADULT,0.388,0,0,0,0.0,0,0,65,1180.0,0.0,27.78,34.81,0.0,4.166666666666667
200,47b5aa52-aa3d-4604-9559-022e9ea6af31,Mosquitoes,LivingAgent,41.873771,9.636658,1,583,LARVA,0.666,0,0,0,0.0,0,0,0,1151.0,0.0,46.48,35.57,0.0,2.0833333333333335
200,ab7c3668-c14d-4280-9c0d-225eaaf7fd4d,Mosquitoes,LivingAgent,41.85918,9.624733,1,86,LARVA,0.811,0,0,0,0.0,0,0,0,1119.0,0.0,35.08,35.82,0.0,2.0833333333333335
200,84c6fb98-8af4-4212-8dd5-027ab3ed4d6b,Mosquitoes,LivingAgent,41.822406,9.644293,1,372,LARVA,0.766,0,0,0,0.0,0,0,67,1167.0,1.0,50.43,32.35,0.0,2.0833333333333335
400,ee402ebf-66e8-4b8c-8c37-3b51db969eef,Mosquitoes,LivingAgent,41.855854,9.671569,1,688,ADULT,0.378,0,0,0,0.0,0,0,11,1228.0,1.0,85.5,36.25,0.0,4.166666666666667
100,7d226679-141b-4a62-9ee6-13777cda0b98,Mosquitoes,LivingAgent,41.870722,9.648853,1,117,LARVA,0.898,0,0,0,0.0,0,0,0,1179.0,2.0,78.05,35.53,0.0,1.0416666666666667
200,5786fd42-9d3f-4183-afb7-6e5e37dc87d0,Mosquitoes,LivingAgent,41.846162,9.621232,1,840,LARVA,0.785,0,0,0,0.0,0,0,0,1106.0,0.0,10.83,35.45,0.0,2.0833333333333335
200,7ab77748-58e0-4bce-b722-784f77bbe3e2,Mosquitoes,LivingAgent,41.871299,9.7532,1,1709,ADULT,0.333,0,0,0,0.0,0,0,0,1515.0,0.0,3.19,36.29,0.0,2.0833333333333335
200,69b3f69f-4140-45de-997e-087c668a7e72,Mosquitoes,LivingAgent,41.814528,9.649182,1,580,LARVA,0.662,0,0,0,0.0,0,0,0,1175.0,2.0,26.26,32.84,0.0,2.0833333333333335
400,048e7e96-52a1-4443-b7c8-2874eedb66bc,Mosquitoes,LivingAgent,41.877073,9.643921,1,222,PUPA,0.707,0,0,0,0.0,0,0,65,1171.0,1.0,53.53,35.29,0.0,4.166666666666667
300,2aaac40b-b2ef-491b-b875-082c1fdf42a2,Mosquitoes,LivingAgent,41.769806,9.629093,1,967,ADULT,0.358,1,0,0,0.0,0,0,34,1119.0,0.0,11.7,34.11,0.0,3.125
100,746e7172-8360-4f93-bbdb-3f524753a6b5,Mosquitoes,LivingAgent,41.864711,9.627847,1,1734,ADULT,0.464,1,0,0,0.0,0,0,0,1135.0,0.0,22.23,36.62,0.0,1.0416666666666667
500,624084e7-84d5-40e7-92b5-6e5ee7e99b79,Mosquitoes,LivingAgent,41.850583,9.662915,1,867,ADULT,0.428,0,0,0,0.0,0,5,96,1196.0,2.0,77.26,35.47,0.0,5.208333333333333
100,13e224b5-1870-4ac5-9ca3-51dd18722714,Mosquitoes,LivingAgent,41.763655,9.623588,1,72,LARVA,0.717,0,0,0,0.0,0,0,0,1105.0,0.0,2.69,36.4,0.0,1.0416666666666667
200,ccd518c5-62d1-4f18-a48c-14e328826868,Mosquitoes,LivingAgent,41.873039,9.644584,1,796,LARVA,0.729,0,0,0,0.0,0,0,30,1165.0,2.0,73.3,32.56,0.0,2.0833333333333335
300,efb4a107-b41a-4d67-a029-58365efb20f8,Mosquitoes,LivingAgent,41.841169,9.645128,1,1087,ADULT,0.308,0,0,0,0.0,0,0,0,1160.0,1.0,78.23,34.35,0.0,3.125
200,23f4bfbe-fd2d-455f-9400-2458e3540320,Mosquitoes,LivingAgent,41.872979,9.64538,0,793,ADULT,0.431,0,0,0,0.0,0,0,97,1161.0,0.0,74.69,33.84,0.0,2.0833333333333335
200,e9705c07-9af8-4e5c-b3b6-92c405281a9e,Mosquitoes,LivingAgent,41.856953,9.669023,1,1363,ADULT,0.593,0,0,0,0.0,0,0,0,1222.0,0.0,91.01,34.65,0.0,2.0833333333333335
300,5f533b65-2329-47ec-a156-06f6512e194e,Mosquitoes,LivingAgent,41.746851,9.761952,1,655,LARVA,0.798,0,0,0,0.0,0,0,0,1661.0,2.0,3.2,36.63,0.0,3.125
400,34856f67-1d90-433d-9647-d31ecad154e2,Mosquitoes,LivingAgent,41.882653,9.650924,1,111,ADULT,0.749,0,0,0,0.0,0,0,20,1196.0,2.0,47.63,35.29,0.0,4.166666666666667
200,eb5d1a8b-1596-4813-8b2b-7f335b177da4,Mosquitoes,LivingAgent,41.848348,9.669074,1,836,ADULT,0.37,1,0,0,0.0,0,0,0,1212.0,0.0,43.59,35.1,0.0,2.0833333333333335
200,38fc425f-d632-4393-8389-a4c618122fbf,Mosquitoes,LivingAgent,41.78157,9.63423,1,1834,ADULT,0.717,0,0,0,0.0,0,0,0,1129.0,1.0,38.36,33.2,0.0,2.0833333333333335
200,a4da8765-a3ce-4e5b-bb07-ea24dcaf27c4,Mosquitoes,LivingAgent,41.873375,9.693581,1,264,LARVA,0.688,0,0,0,0.0,0,0,0,1329.0,0.0,7.25,35.88,0.0,2.0833333333333335
100,8350a3c0-0403-4f89-b52c-f8d306ea7a3f,Mosquitoes,LivingAgent,41.859565,9.630585,1,357,LARVA,0.716,0,0,0,0.0,0,0,0,1131.0,0.0,37.44,34.96,0.0,1.0416666666666667
100,bcee9a98-ce68-406d-b8af-c7aa1d207fee,Mosquitoes,LivingAgent,41.842984,9.641217,1,1347,ADULT,0.472,0,0,0,0.0,1,0,0,1154.0,0.0,54.31,36.29,0.0,1.0416666666666667
200,2a6ab122-6a90-4f0c-a971-a7dfea13024e,Mosquitoes,LivingAgent,41.824079,9.645935,1,104,PUPA,0.552,0,0,0,0.0,0,0,0,1180.0,0.0,55.51,34.65,0.0,2.0833333333333335
100,642dec75-34a2-436b-b38f-d5b051e4cd4f,Mosquitoes,LivingAgent,41.886353,9.66388,1,621,ADULT,0.791,0,0,0,0.0,1,0,0,1361.0,0.0,27.84,31.31,0.0,1.0416666666666667
100,b7ec2207-76bf-454e-97c3-0be3b3a0db51,Mosquitoes,LivingAgent,41.781605,9.639143,1,642,LARVA,0.675,0,0,0,0.0,0,0,0,1139.0,1.0,43.61,35.09,0.0,1.0416666666666667
300,698ff721-c7d6-47f3-bf49-aa4f1f4b799f,Mosquitoes,LivingAgent,42.020166,9.660603,1,1116,ADULT,0.59,0,0,0,0.0,0,0,0,1599.0,0.0,2.42,34.26,0.0,3.125
200,fb7800da-aebf-47ed-b8a5-22998a896209,Mosquitoes,LivingAgent,41.867637,9.689339,1,1666,ADULT,0.335,0,0,0,0.0,0,0,0,1374.0,0.0,23.35,35.57,0.0,2.0833333333333335
400,48fcd75e-63fa-4e17-82f4-fef0f0c5a0ca,Mosquitoes,LivingAgent,41.768322,9.630288,1,1352,ADULT,0.776,0,0,0,0.0,0,0,0,1118.0,0.0,9.32,34.87,0.0,4.166666666666667
400,e6ab19f1-0b6b-4e32-a91a-a1fb6aec9421,Mosquitoes,LivingAgent,41.859978,9.675121,1,1006,ADULT,0.357,0,0,0,0.0,0,0,57,1244.0,4.0,73.65,34.95,0.0,4.166666666666667
100,e85af228-5cf1-4afa-8346-ed12609e45d9,Mosquitoes,LivingAgent,41.825876,9.664173,1,758,ADULT,0.781,1,0,0,0.0,1,3,0,1325.0,0.0,14.67,35.41,0.0,1.0416666666666667
100,865aa647-abb2-420a-8bb3-abdfe83412c2,Mosquitoes,LivingAgent,41.93667,9.776876,1,445,ADULT,0.759,0,0,0,0.0,0,0,57,1985.0,0.0,2.2,35.42,0.0,1.0416666666666667
100,5567afe5-c043-4367-abab-2d03e9000551,Mosquitoes,LivingAgent,41.869879,9.677733,1,1191,ADULT,0.719,0,0,0,0.0,1,1,0,1264.0,3.0,71.37,34.23,0.0,1.0416666666666667
200,64296346-ceec-4200-b102-03cf2dd545cc,Mosquitoes,LivingAgent,41.829881,9.612719,1,942,LARVA,0.699,0,0,0,0.0,0,0,0,1102.0,0.0,2.8,35.82,0.0,2.0833333333333335
100,d8928605-4c45-4b50-a4ab-e520bc274d9a,Mosquitoes,LivingAgent,41.849035,9.665108,1,357,LARVA,0.798,0,0,0,0.0,0,0,0,1201.0,0.0,62.5,33.65,0.0,1.0416666666666667
100,44393598-bec4-4a64-b7cc-3dbaff3ab545,Mosquitoes,LivingAgent,41.877069,9.691293,1,1879,ADULT,0.302,0,0,0,0.0,1,2,0,1311.0,0.0,6.91,35.01,0.0,1.0416666666666667
100,340f9c05-6e11-47d0-8f07-cd6f7410b8a5,Mosquitoes,LivingAgent,41.882937,9.757456,1,796,ADULT,0.473,0,0,0,0.0,0,0,84,1543.0,0.0,4.95,36.53,0.0,1.0416666666666667
400,5486534a-5efd-4fe8-86df-8eaf9a12d75f,Mosquitoes,LivingAgent,41.864959,9.664662,1,1631,ADULT,0.787,1,0,0,0.0,0,5,65,1217.0,1.0,70.28,35.29,0.0,4.166666666666667
500,aed7d565-943e-4daa-b937-a43c46a1da82,Mosquitoes,LivingAgent,41.751417,9.765645,1,1374,ADULT,0.668,0,0,0,0.0,0,5,58,1662.0,0.0,2.21,36.25,0.0,5.208333333333333
200,4a1b130c-f6da-4f48-a73e-efc72f3c104f,Mosquitoes,LivingAgent,41.871308,9.660426,1,837,LARVA,0.872,0,0,0,0.0,0,0,0,1202.0,2.0,71.93,35.18,0.0,2.0833333333333335
100,1570754c-d60c-4052-be04-2c768b5cbc2a,Mosquitoes,LivingAgent,41.867371,9.668875,1,1095,ADULT,0.527,0,0,0,0.0,0,0,0,1256.0,4.0,69.76,33.18,0.0,1.0416666666666667
400,f26425b3-9e16-4b06-afed-f229c51cede0,Mosquitoes,LivingAgent,41.837204,9.607032,1,159,LARVA,0.762,0,0,0,0.0,0,0,68,1085.0,0.0,4.28,35.48,0.0,4.166666666666667
100,533acad8-fe14-42f3-804a-bc3adb1929a6,Mosquitoes,LivingAgent,41.872812,9.646994,1,1466,ADULT,0.519,0,0,0,0.0,0,0,0,1166.0,3.0,72.99,34.23,0.0,1.0416666666666667
100,889d00bc-12a8-4b79-8c8e-315883eae159,Mosquitoes,LivingAgent,41.886265,9.66251,1,666,LARVA,0.699,0,0,0,0.0,0,0,44,1284.0,0.0,39.23,31.31,0.0,1.0416666666666667
200,e827e6a1-e11d-45fe-8226-0f818d89899e,Mosquitoes,LivingAgent,41.819663,9.647689,1,37,ADULT,0.526,0,0,0,0.0,1,1,0,1177.0,0.0,59.23,36.21,0.0,2.0833333333333335
200,e0edc47a-1b05-44e6-b97d-97ae1e806e48,Mosquitoes,LivingAgent,41.864918,9.655828,1,68,PUPA,0.77,0,0,0,0.0,0,0,0,1198.0,1.0,76.59,35.18,0.0,2.0833333333333335
400,39cbd383-70ef-4bed-99ce-2ffef6588b43,Mosquitoes,LivingAgent,41.841512,9.637105,1,258,PUPA,0.735,0,0,0,0.0,0,0,11,1148.0,0.0,46.49,35.03,0.0,4.166666666666667
100,efef4ee2-3c37-4183-a8fc-47e6b151ea18,Mosquitoes,LivingAgent,41.877085,9.647687,1,1374,ADULT,0.485,0,0,0,0.0,0,0,0,1184.0,1.0,62.49,34.23,0.0,1.0416666666666667
100,f19d4705-9ef2-43b3-80ac-4f5a82e37582,Mosquitoes,LivingAgent,41.842641,9.641484,1,1004,ADULT,0.764,0,0,0,0.0,0,0,0,1153.0,0.0,54.6,36.29,0.0,1.0416666666666667
300,dcd18028-6017-4bae-bd2d-d2f63990dcea,Mosquitoes,LivingAgent,41.879842,9.663492,1,241,LARVA,0.638,0,0,0,0.0,0,0,3,1224.0,3.0,60.94,34.75,0.0,3.125
400,c031d499-d325-403d-bde1-d5e281ea8888,Mosquitoes,LivingAgent,41.867972,9.741897,1,363,ADULT,0.596,0,0,0,0.0,1,1,0,1572.0,0.0,3.07,35.13,0.0,4.166666666666667
200,f16ab43a-ebe2-4849-bdc1-374172da07de,Mosquitoes,LivingAgent,41.876677,9.641077,1,1611,ADULT,0.556,0,0,0,0.0,0,0,0,1161.0,1.0,45.44,35.83,0.0,2.0833333333333335
300,b9029fcf-507c-406d-b8b9-eaa2583f75e6,Mosquitoes,LivingAgent,41.91441,9.729147,1,1283,ADULT,0.376,0,0,0,0.0,0,0,0,1475.0,0.0,1.86,36.62,0.0,3.125
100,52de4bf7-ed7c-4b27-b642-505dd03c54e7,Mosquitoes,LivingAgent,41.868581,9.665796,1,558,ADULT,0.753,0,0,0,0.0,1,1,0,1218.0,1.0,67.33,31.31,0.0,1.0416666666666667
400,95f0e4a3-c4ab-4418-9f78-a2089425d35f,Mosquitoes,LivingAgent,41.921623,9.779419,1,185,LARVA,0.78,0,0,0,0.0,0,0,13,1818.0,0.0,4.05,35.63,0.0,4.166666666666667
200,77b30cbc-27ac-47a8-89f6-1b53d705a095,Mosquitoes,LivingAgent,41.848901,9.66336,1,668,LARVA,0.775,0,0,0,0.0,0,0,40,1198.0,2.0,67.8,32.84,0.0,2.0833333333333335
400,91beb6a9-5883-4f92-a17e-114575a6dd56,Mosquitoes,LivingAgent,41.862632,9.654366,1,1706,ADULT,0.493,0,0,0,0.0,0,0,9,1197.0,1.0,75.23,35.94,0.0,4.166666666666667
100,ab2f6202-7de1-4ae0-a27b-2eec9f35a644,Mosquitoes,LivingAgent,41.843,9.618929,1,519,ADULT,0.696,0,0,0,0.0,0,0,0,1109.0,0.0,7.83,35.65,3.029,1.0416666666666667
400,0d00d01c-d2f1-4dea-8934-d4b13bd219dc,Mosquitoes,LivingAgent,41.917768,9.758822,1,1262,ADULT,0.406,1,0,0,0.0,0,5,66,1680.0,0.0,3.07,35.63,0.0,4.166666666666667
100,606b1e84-fa9d-4724-8bf0-477737cbab74,Mosquitoes,LivingAgent,41.815911,9.647704,1,381,LARVA,0.64,0,0,0,0.0,0,0,0,1172.0,2.0,40.17,35.46,0.0,1.0416666666666667
100,9eab37e2-75cd-43b6-b9b0-c8fb9927f530,Mosquitoes,LivingAgent,41.868755,9.663281,1,483,LARVA,0.845,0,0,0,0.0,0,0,0,1208.0,0.0,64.84,33.18,0.0,1.0416666666666667
300,098aa462-7c57-4e2a-98da-52c7099c6d62,Mosquitoes,LivingAgent,41.86835,9.661341,1,526,ADULT,0.51,1,0,0,0.0,0,0,78,1203.0,2.0,66.11,35.28,0.0,3.125
100,2d029946-0b78-4fd1-9627-b5e5634903e3,Mosquitoes,LivingAgent,41.873875,9.648816,1,635,ADULT,0.316,0,0,0,0.0,0,0,0,1169.0,2.0,74.53,35.53,0.0,1.0416666666666667
100,14dd8ac2-46dc-4bfc-b814-2fc4fe8dfe35,Mosquitoes,LivingAgent,41.822848,9.653096,1,934,ADULT,0.657,0,0,0,0.0,0,0,0,1190.0,1.0,45.48,35.46,0.0,1.0416666666666667
100,5a9f2f97-4e6f-4933-97b5-40bfde8806f4,Mosquitoes,LivingAgent,41.787973,9.646283,1,1564,ADULT,0.528,0,0,0,0.0,1,2,0,1146.0,0.0,24.92,35.51,0.0,1.0416666666666667
100,d127e3ce-1007-4bcd-89c8-f14ec4f2efc1,Mosquitoes,LivingAgent,41.831606,9.662192,1,49,PUPA,0.679,0,0,0,0.0,0,0,0,1250.0,2.0,30.65,30.73,0.0,1.0416666666666667
200,e1658143-b26d-4356-9c3b-391459f64f84,Mosquitoes,LivingAgent,41.842976,9.643604,1,284,PUPA,0.572,0,0,0,0.0,0,0,0,1156.0,1.0,71.87,35.45,0.0,2.0833333333333335
200,a23f91c6-9527-43b4-ab86-b3cf55868913,Mosquitoes,LivingAgent,41.817048,9.6519,1,115,ADULT,0.64,1,0,0,0.0,0,0,0,1185.0,2.0,38.5,30.59,0.0,2.0833333333333335
100,35bac306-9b1f-4fb1-b692-a86ca410e3ba,Mosquitoes,LivingAgent,41.848308,9.665548,1,926,ADULT,0.661,1,0,0,0.0,0,0,45,1202.0,0.0,54.06,30.73,0.0,1.0416666666666667
100,a21949df-0e4c-4442-821e-989fe59e55b5,Mosquitoes,LivingAgent,41.825985,9.659787,1,273,ADULT,0.381,1,0,0,0.0,0,0,0,1198.0,2.0,25.34,35.41,0.0,1.0416666666666667
300,ebcadccf-3447-4e92-85c3-46016cffaf0b,Mosquitoes,LivingAgent,41.748028,9.765373,1,161,PUPA,0.501,0,0,0,0.0,0,0,0,1736.0,0.0,3.14,33.65,0.0,3.125
300,2250d282-3ef0-4786-9ee3-d43c555ec06d,Mosquitoes,LivingAgent,41.854892,9.670795,0,1465,ADULT,0.308,0,0,0,0.0,0,0,97,1228.0,1.0,81.42,34.35,0.0,3.125
300,7216c5d4-4ef0-4251-9205-9ac224c9650f,Mosquitoes,LivingAgent,41.751145,9.764154,1,1120,ADULT,0.769,1,0,0,0.0,1,1,0,1657.0,0.0,2.33,36.0,0.0,3.125
100,90db3698-3784-405f-8862-d99ea1be418a,Mosquitoes,LivingAgent,41.848382,9.654945,1,530,LARVA,0.631,0,0,0,0.0,0,0,0,1178.0,0.0,74.91,36.55,0.0,1.0416666666666667
100,f804f4cb-4e52-4bfc-8b67-98773911df9d,Mosquitoes,LivingAgent,41.877942,9.732004,1,703,ADULT,0.638,0,0,0,0.0,0,0,0,1492.0,0.0,4.41,30.51,0.0,1.0416666666666667
100,b5410ddb-c28e-4ad3-98f6-81a0e4608cdf,Mosquitoes,LivingAgent,41.839896,9.637608,1,233,PUPA,0.794,0,0,0,0.0,0,0,0,1146.0,0.0,53.1,34.87,1.2546,1.0416666666666667
400,8a2fd2c1-a708-4ac5-ae6d-0d9ad560ecdd,Mosquitoes,LivingAgent,41.857841,9.657529,1,349,ADULT,0.732,0,0,0,0.0,0,0,2,1196.0,1.0,49.5,36.25,0.0,4.166666666666667
100,5410d000-b8d2-462b-b86c-fca0a3750cc5,Mosquitoes,LivingAgent,41.752163,9.765811,1,752,ADULT,0.628,0,0,0,0.0,0,0,0,1657.0,0.0,2.1,35.64,0.0,1.0416666666666667
200,0ec83607-e8ee-4305-85a8-f7eca4141765,Mosquitoes,LivingAgent,41.854063,9.66619,1,225,ADULT,0.616,0,0,0,0.0,1,3,0,1213.0,3.0,88.63,35.1,0.0,2.0833333333333335
400,959dc50b-fec0-4c3c-9b78-a9601fa2d4d1,Mosquitoes,LivingAgent,41.865711,9.751909,1,305,LARVA,0.869,0,0,0,0.0,0,0,0,1528.0,0.0,2.6,35.63,0.0,4.166666666666667
500,5e382b4b-0a78-4194-a058-873135969c75,Mosquitoes,LivingAgent,41.859846,9.690446,1,1170,ADULT,0.479,0,0,0,0.0,0,0,81,1310.0,0.0,24.61,35.84,0.0,5.208333333333333
300,0129e2db-df76-4d63-a34e-72c9131c8b65,Mosquitoes,LivingAgent,41.829806,9.66481,1,691,PUPA,0.6,0,0,0,0.0,0,0,64,1235.0,0.0,16.58,36.11,0.0,3.125
400,f40eb3dc-9204-48db-a397-efda70369b7a,Mosquitoes,LivingAgent,41.740596,9.76296,1,291,PUPA,0.502,0,0,0,0.0,0,0,22,1670.0,0.0,3.32,35.92,0.0,4.166666666666667
200,94edc330-cefc-4113-9d66-1f63674df0e2,Mosquitoes,LivingAgent,41.884668,9.762672,1,127,LARVA,0.727,0,0,0,0.0,0,0,0,1577.0,0.0,6.48,34.1,0.0,2.0833333333333335
300,1b3e3b04-24d2-4045-9051-ff364f9cd87b,Mosquitoes,LivingAgent,41.861846,9.657197,1,450,LARVA,0.855,0,0,0,0.0,0,0,51,1203.0,0.0,69.1,34.35,0.0,3.125
300,dbd2dc9e-6390-4385-88d5-fc628a765f8c,Mosquitoes,LivingAgent,41.870518,9.748988,1,764,LARVA,0.752,0,0,0,0.0,0,0,0,1515.0,0.0,3.38,33.79,0.0,3.125
200,75b653d7-4926-40bf-b4b3-60f0b81c1da0,Mosquitoes,LivingAgent,41.84926,9.651215,1,1704,ADULT,0.536,0,0,0,0.0,0,0,0,1182.0,4.0,73.56,34.65,0.0,2.0833333333333335
200,99627cc2-ab39-488a-bb06-8c2297db81cc,Mosquitoes,LivingAgent,41.872014,9.696732,1,1856,ADULT,0.321,0,0,0,0.0,0,0,0,1350.0,2.0,7.8,35.71,0.0,2.0833333333333335
200,b1e8793e-f592-4d6b-b313-e171d0603a22,Mosquitoes,LivingAgent,41.869651,9.659065,1,239,ADULT,0.774,0,0,0,0.0,1,1,0,1199.0,1.0,74.18,31.09,0.0,2.0833333333333335
400,40968212-5a4c-41e5-922b-a85b8551632a,Mosquitoes,LivingAgent,41.84584,9.641738,0,1332,ADULT,0.799,1,0,0,0.0,0,0,97,1155.0,4.0,54.15,35.27,0.0,4.166666666666667
100,01be612f-ef43-4248-ac61-2e17fc1ea0c7,Mosquitoes,LivingAgent,41.833918,9.605655,1,23,PUPA,0.712,0,0,0,0.0,0,0,0,1085.0,0.0,3.74,36.08,0.0,1.0416666666666667
100,93819c80-4453-45a1-8a56-ea2dc5319344,Mosquitoes,LivingAgent,41.842003,9.739105,1,987,ADULT,0.496,0,0,0,0.0,1,2,0,1556.0,0.0,1.85,35.88,0.0,1.0416666666666667
100,11770c08-6937-4d76-bc05-c8b2ef333c3a,Mosquitoes,LivingAgent,41.875077,9.66277,1,44,PUPA,0.787,0,0,0,0.0,0,0,0,1218.0,4.0,73.84,35.78,0.0,1.0416666666666667
100,54011c53-5340-4b29-96e5-81ce8393ef7e,Mosquitoes,LivingAgent,41.829061,9.652921,1,674,ADULT,0.694,0,0,0,0.0,0,0,0,1185.0,0.0,54.94,36.55,0.0,1.0416666666666667
400,4362f8f4-f633-4768-8026-6a4f2eb31fb7,Mosquitoes,LivingAgent,41.872846,9.672239,1,808,ADULT,0.678,0,0,0,0.0,1,1,0,1246.0,0.0,52.28,34.81,0.0,4.166666666666667
100,3863256f-9f5c-4e57-b5f7-56d87de24827,Mosquitoes,LivingAgent,41.82981,9.65867,1,1036,ADULT,0.363,1,0,0,0.0,0,0,0,1194.0,3.0,42.97,35.46,0.0,1.0416666666666667
300,7385d9ce-1b89-4fdd-91b7-72fd2a056954,Mosquitoes,LivingAgent,41.849395,9.667726,1,535,ADULT,0.522,0,0,0,0.0,1,0,0,1211.0,3.0,52.16,32.34,0.0,3.125
200,7bf0839a-7a7f-4c42-95a4-5149117e37a7,Mosquitoes,LivingAgent,41.826,9.643455,1,130,ADULT,0.701,0,0,0,0.0,1,1,0,1164.0,1.0,36.77,35.93,0.0,2.0833333333333335
400,3e346483-c317-4ca5-bd32-3132f3d68af3,Mosquitoes,LivingAgent,41.840147,9.648798,1,810,ADULT,0.317,0,0,0,0.0,0,5,81,1183.0,2.0,76.79,36.25,0.0,4.166666666666667
100,89ee8020-b97f-4ccf-8f7d-3a8de052eb1c,Mosquitoes,LivingAgent,41.837915,9.608736,1,1510,ADULT,0.531,1,0,0,0.0,1,2,0,1092.0,0.0,4.08,36.42,0.0,1.0416666666666667
300,0d6cf644-670e-44e0-a5ed-cb5475b77195,Mosquitoes,LivingAgent,42.009469,9.66099,1,630,LARVA,0.818,0,0,0,0.0,0,0,29,1636.0,0.0,1.61,35.28,0.0,3.125
200,490cb69f-3934-4b13-910e-8b8a31948701,Mosquitoes,LivingAgent,41.857845,9.670751,1,282,LARVA,0.642,0,0,0,0.0,0,0,12,1229.0,2.0,92.13,32.84,0.0,2.0833333333333335
