AgentID,Layer,AgentType,X,Y,Alive,Age,Stage,Energy,Gravid,Elevation,Buildings,Population,tp,t2m,Nearby_Mosquitoes,Nearby_WaterTanks
2ba6f654-72a6-4276-a86d-d201718776ae,Mosquitoes,LivingAgent,38.288968,8.668945,true,504,ADULT,0.675,true,2548.0000,4.0000,2.41,0.0022,13.62,9,0
b16db7bd-5a1e-48e3-a8b9-7db1bceb6b20,Mosquitoes,LivingAgent,38.301135,8.639259,true,535,ADULT,0.726,false,2469.0000,0.0000,2.57,0.0022,13.70,5,0
2073864e-58c2-4735-92da-e81aef265b6e,Mosquitoes,LivingAgent,38.365717,8.590138,true,658,ADULT,0.878,false,2218.0000,0.0000,1.65,0.0042,11.59,5,0
6b6e4c66-51cc-4af9-83e6-9f027a66ff90,Mosquitoes,LivingAgent,38.287787,8.645470,true,724,ADULT,0.589,true,2468.0000,0.0000,6.23,0.0022,13.70,7,0
4dba744d-f39d-45fc-925a-ec0ded25b13f,Mosquitoes,LivingAgent,38.366120,8.637801,true,408,ADULT,0.623,false,2525.0000,1.0000,1.74,0.0007,13.48,3,0
07e1f262-67b9-4a5d-9e6e-401105f4b44a,Mosquitoes,LivingAgent,38.345152,8.612536,true,646,ADULT,0.633,true,2574.0000,21.0000,23.28,0.0042,11.79,5,0
cddcad28-d519-4ee2-9ef3-eb5afa8430a4,Mosquitoes,LivingAgent,38.287020,8.595256,true,549,ADULT,0.654,false,2536.0000,0.0000,1.87,0.0108,12.74,6,0
6ea6f525-9846-4f49-96c2-342eb2dddf35,Mosquitoes,LivingAgent,38.373869,8.585748,true,545,ADULT,0.716,false,1993.0000,0.0000,4.13,0.0042,11.79,2,0
6ca07eb4-5b89-4ecf-9126-231869120cd4,Mosquitoes,LivingAgent,38.319071,8.674134,true,328,ADULT,0.899,false,2464.0000,0.0000,1.24,0.0022,13.78,8,0
b184e5cb-10df-4415-a7b6-ddb3610f214f,Mosquitoes,LivingAgent,38.309587,8.665881,true,512,ADULT,0.967,true,2457.0000,0.0000,2.46,0.0022,13.86,3,0
2e0ad1df-cbca-4559-912f-69a8e1f072ba,Mosquitoes,LivingAgent,38.332100,8.671981,true,536,ADULT,0.549,false,2493.0000,0.0000,4.41,0.0007,14.02,6,0
89ef62a6-3b7d-4954-9cdd-f96410baf821,Mosquitoes,LivingAgent,38.355799,8.622101,true,451,ADULT,0.707,true,2469.0000,0.0000,5.62,0.0042,13.00,3,0
f83a80a2-ae03-4895-a482-d552e68e6011,Mosquitoes,LivingAgent,38.282145,8.622640,true,397,ADULT,0.622,false,2556.0000,0.0000,3.04,0.0120,14.41,2,0
3c783201-a500-40e3-b86a-87ddaa8283ae,Mosquitoes,LivingAgent,38.322153,8.633992,true,538,ADULT,0.972,true,2647.0000,0.0000,3.74,0.0023,15.30,6,0
e17838a4-1479-4893-97e6-f4c78f54d570,Mosquitoes,LivingAgent,38.310644,8.584372,true,355,ADULT,0.723,false,2519.0000,0.0000,0.88,0.0174,15.41,6,0
b21583f2-32b4-418f-b602-6053f4160c03,Mosquitoes,LivingAgent,38.342013,8.665163,true,775,ADULT,0.504,false,2619.0000,11.0000,9.73,0.0121,16.40,5,0
1a9a77fb-436a-4525-9678-0cf820eaf21b,Mosquitoes,LivingAgent,38.314652,8.597549,true,750,ADULT,0.583,false,2543.0000,1.0000,1.48,0.0225,15.91,6,0
4083fbe2-c848-4937-9197-dbaee82088a2,Mosquitoes,LivingAgent,38.302808,8.626700,true,723,ADULT,0.973,false,2556.0000,0.0000,3.37,0.0136,16.82,5,0
ff042f0b-c319-465c-96b4-55a80f7c9d32,Mosquitoes,LivingAgent,38.344900,8.600427,true,411,ADULT,0.633,true,2570.0000,12.0000,8.17,0.0273,16.52,5,0
beb7bf4b-2159-4e3d-9c9c-7610f305b123,Mosquitoes,LivingAgent,38.315384,8.624958,true,519,ADULT,0.670,false,2694.0000,0.0000,3.06,0.0575,17.98,4,0
89703620-4a19-4541-8ff8-af0f6c1a2d11,Mosquitoes,LivingAgent,38.375845,8.610285,true,734,ADULT,0.526,false,2163.0000,0.0000,1.25,0.0485,17.55,6,0
eaf98cc3-1134-4987-8aa0-c3f66cd0e03c,Mosquitoes,LivingAgent,38.286513,8.643037,true,708,ADULT,0.588,false,2462.0000,0.0000,5.59,0.0568,18.92,2,0
2fda72a0-e1da-42c0-a4ef-5122daab940a,Mosquitoes,LivingAgent,38.334597,8.655248,true,617,ADULT,0.559,false,2607.0000,4.0000,6.89,0.0755,19.01,4,0
a02d2104-ef61-4c02-b246-a86937ba31bf,Mosquitoes,LivingAgent,38.285635,8.610453,true,584,ADULT,1.000,false,2635.0000,6.0000,3.58,0.0959,19.33,4,0
5a48ed50-3b5d-4caa-9973-1c3dc236e02d,Mosquitoes,LivingAgent,38.377252,8.641278,true,769,ADULT,0.860,true,2671.0000,0.0000,2.46,0.1189,19.79,4,0
83635e02-19a9-46f3-90ee-85e01818ee42,Mosquitoes,LivingAgent,38.294678,8.603869,true,361,ADULT,0.746,true,2532.0000,0.0000,2.10,0.1097,19.62,5,0
eb8a955a-a7f4-476d-8ccc-1bbbf3d71de0,Mosquitoes,LivingAgent,38.343120,8.663333,true,346,ADULT,0.682,false,2590.0000,0.0000,8.62,0.1711,20.31,3,0
5c485477-984c-48fb-bcfa-a10aff1ecb87,Mosquitoes,LivingAgent,38.338101,8.653434,true,358,ADULT,0.783,false,2580.0000,5.0000,3.90,0.2102,20.72,4,0
70591c48-ac17-4742-b439-debb6c088803,Mosquitoes,LivingAgent,38.366879,8.647229,true,697,ADULT,0.665,true,2528.0000,0.0000,1.35,0.2102,20.72,3,0
b83b39b0-3fc9-46d4-bbef-588310b48412,Mosquitoes,LivingAgent,38.297705,8.614701,true,343,ADULT,0.526,false,2556.0000,0.0000,2.68,0.1579,20.47,3,0
5671c86b-07d9-42f6-9b03-ca4b1230821e,Mosquitoes,LivingAgent,38.331735,8.606622,true,383,ADULT,0.939,true,2565.0000,0.0000,4.81,0.1470,19.56,4,0
8c653190-d8db-46e3-968d-cee5ac726db7,Mosquitoes,LivingAgent,38.283488,8.583144,true,821,ADULT,0.763,false,2519.0000,0.0000,2.36,0.1682,20.61,2,0
b11e2eb6-de8e-41ed-9960-9d977591d90a,Mosquitoes,LivingAgent,38.353289,8.674404,true,785,ADULT,0.833,true,2667.0000,0.0000,2.25,0.2359,21.02,2,0
6a6124e0-56ae-47d6-8372-aa051299fa2b,Mosquitoes,LivingAgent,38.314369,8.619374,true,368,ADULT,0.929,false,2731.0000,0.0000,2.65,0.1785,20.74,4,0
2e9b6ae8-7c43-433c-846d-a5bc4e635194,Mosquitoes,LivingAgent,38.346535,8.596215,true,802,ADULT,0.790,false,2554.0000,0.0000,4.91,0.1718,19.85,7,0
da143735-b04d-4746-a992-391d65484aae,Mosquitoes,LivingAgent,38.352685,8.647312,true,761,ADULT,0.550,true,2515.0000,0.0000,1.76,0.2865,21.44,5,0
c91813ed-7b7e-4e4f-b5ff-0f7fbb386233,Mosquitoes,LivingAgent,38.338145,8.623726,true,819,ADULT,0.850,true,2568.0000,3.0000,14.22,0.2012,20.13,3,0
07c88228-5948-4998-9166-20723ebde233,Mosquitoes,LivingAgent,38.357207,8.649904,true,792,ADULT,0.678,false,2488.0000,0.0000,1.39,0.3053,21.58,4,0
d32a4502-18a5-4c48-b0a7-7ae36e00f5e3,Mosquitoes,LivingAgent,38.373646,8.661712,true,661,ADULT,0.571,true,2553.0000,0.0000,1.05,0.3053,21.58,5,0
f102d975-3bf3-41bd-8134-41e297ba0335,Mosquitoes,LivingAgent,38.288292,8.599011,true,344,ADULT,0.602,false,2530.0000,0.0000,2.08,0.2208,21.13,7,0
7965b88e-0ef1-4427-b467-e063f36aeeb4,Mosquitoes,LivingAgent,38.364699,8.594885,true,549,ADULT,0.511,true,2199.0000,0.0000,1.99,0.2012,20.13,4,0
2ec287be-fd3b-4227-a887-58fcf3a414c8,Mosquitoes,LivingAgent,38.354244,8.640519,true,356,ADULT,0.986,true,2495.0000,0.0000,3.57,0.3053,21.58,6,0
d94a983f-5f8f-4333-9788-8383422b048a,Mosquitoes,LivingAgent,38.371283,8.643867,true,354,ADULT,0.515,false,2631.0000,0.0000,1.67,0.3053,21.58,4,0
54530aed-12ce-4434-af6d-791ed95d1a4d,Mosquitoes,LivingAgent,38.337653,8.626479,true,492,ADULT,0.931,false,2573.0000,16.0000,14.33,0.2160,20.28,2,0
6f1ddfc0-8077-40d6-9e08-069f9d3413d0,Mosquitoes,LivingAgent,38.334357,8.651524,true,678,ADULT,0.897,false,2598.0000,5.0000,5.34,0.3242,21.71,6,0
bd95bf66-bd72-43ba-b7be-ef01d6d4c052,Mosquitoes,LivingAgent,38.368256,8.612974,true,823,ADULT,0.653,false,2105.0000,0.0000,1.79,0.2160,20.28,6,0
01601ca6-726f-4f09-ae2a-e8c94eb4cd2e,Mosquitoes,LivingAgent,38.311186,8.635070,true,595,ADULT,0.673,true,2547.0000,0.0000,2.27,0.3352,21.67,2,0
256aaece-c50c-4be0-8990-ceef45b67aad,Mosquitoes,LivingAgent,38.376314,8.597971,true,787,ADULT,0.666,false,1971.0000,0.0000,1.56,0.2297,20.37,4,0
c9632809-3343-4d0e-bc16-d0997647c07f,Mosquitoes,LivingAgent,38.310265,8.613111,true,344,ADULT,0.708,true,2718.0000,0.0000,2.14,0.2516,21.33,4,0
049c530e-c623-467f-bb1e-ed925c5651b3,Mosquitoes,LivingAgent,38.359791,8.639750,true,496,ADULT,0.788,false,2455.0000,0.0000,2.09,0.3508,21.92,3,0
e06fc09c-081d-4d0e-9048-ba2019198438,Mosquitoes,LivingAgent,38.355189,8.649703,true,808,ADULT,0.896,false,2499.0000,0.0000,1.44,0.3508,21.92,6,0
1ee33257-996f-4bdb-8818-081433fa822b,Mosquitoes,LivingAgent,38.327020,8.644211,true,490,ADULT,0.951,true,2601.0000,0.0000,4.35,0.3650,21.85,3,0
daf62deb-d8fa-4d1d-b38d-a0c64edda5de,Mosquitoes,LivingAgent,38.333310,8.588709,true,731,ADULT,0.655,false,2505.0000,0.0000,2.45,0.2707,20.67,6,0
a3cd360c-bd70-4329-8245-cf044f8738a7,Mosquitoes,LivingAgent,38.319149,8.663180,true,404,ADULT,0.569,true,2469.0000,0.0000,1.71,0.3858,21.99,6,0
47060db4-1c2d-4186-88cf-3ba376461c41,Mosquitoes,LivingAgent,38.361690,8.590918,true,343,ADULT,0.660,false,2242.0000,0.0000,1.66,0.2762,20.70,3,0
3747c60e-d018-4c92-9020-000bc4810497,Mosquitoes,LivingAgent,38.362361,8.633425,true,426,ADULT,0.788,false,2403.0000,1.0000,2.51,0.3816,22.17,5,0
0186f4fe-b3e1-4f1d-8200-b435d1de16fc,Mosquitoes,LivingAgent,38.314135,8.608786,true,799,ADULT,0.543,false,2615.0000,0.0000,1.76,0.3074,21.59,3,0
43580a9a-682a-4d89-88c5-d7e0d470549e,Mosquitoes,LivingAgent,38.355320,8.587872,true,527,ADULT,0.614,false,2298.0000,0.0000,2.62,0.2762,20.70,4,0
c58b3709-2b72-4810-9b95-88b2698da5cb,Mosquitoes,LivingAgent,38.374252,8.628018,true,510,ADULT,0.696,true,2471.0000,0.0000,1.48,0.3816,22.17,1,0
2c33d202-9b63-400e-a25f-2252f844f53d,Mosquitoes,LivingAgent,38.339060,8.594471,true,825,ADULT,0.827,false,2586.0000,5.0000,3.93,0.2762,20.70,10,0
d4b90fb0-d751-4880-8917-343bd73bbdc5,Mosquitoes,LivingAgent,38.364187,8.644196,true,787,ADULT,0.642,false,2503.0000,0.0000,1.30,0.3939,22.31,8,0
5c10dd4d-1ce4-4da3-97f6-62fa1c480352,Mosquitoes,LivingAgent,38.370584,8.631484,true,385,ADULT,0.927,false,2521.0000,1.0000,1.73,0.3958,22.20,4,0
8de8a5cf-9090-47e4-a59b-a250b7f013ba,Mosquitoes,LivingAgent,38.281978,8.579034,true,373,ADULT,0.587,false,2519.0000,0.0000,2.23,0.3272,21.60,8,0
1aa2ae2b-6fb4-450c-afb8-75e0368cebfb,Mosquitoes,LivingAgent,38.280436,8.644294,true,826,ADULT,0.888,true,2482.0000,0.0000,7.50,0.4088,21.85,4,0
9130526d-6b1e-4018-a573-32bd542e954d,Mosquitoes,LivingAgent,38.360922,8.579047,true,676,ADULT,0.931,true,2316.0000,0.0000,6.41,0.2944,20.49,4,0
9d8b9960-9140-45d4-82cd-ef721d5eeb51,Mosquitoes,LivingAgent,38.346246,8.669628,true,666,ADULT,0.791,false,2648.0000,0.0000,10.43,0.3965,22.01,4,0
274c80b5-ff3c-4639-b5ee-a556623a8beb,Mosquitoes,LivingAgent,38.292527,8.641485,true,746,ADULT,0.620,false,2447.0000,0.0000,2.93,0.4092,21.71,6,0
690d464f-b8d1-4a05-9af5-c2dc42c547af,Mosquitoes,LivingAgent,38.369666,8.663832,true,752,ADULT,0.549,false,2502.0000,0.0000,1.12,0.3965,21.85,5,0
bd862fe6-a4d3-4417-8da1-26ed007a7163,Mosquitoes,LivingAgent,38.362178,8.576594,true,492,ADULT,0.926,false,2346.0000,0.0000,7.47,0.2944,20.34,5,0
e3c20f68-d056-4c66-afc6-961a2945d813,Mosquitoes,LivingAgent,38.284714,8.668589,true,345,ADULT,0.734,false,2557.0000,0.0000,2.17,0.4092,21.71,4,0
49bf57e2-4eb9-459c-9c7e-0a2f6905dafe,Mosquitoes,LivingAgent,38.351811,8.640459,true,604,ADULT,0.584,false,2497.0000,0.0000,5.34,0.3965,21.69,6,0
4beff6ac-7a6e-4d1f-adf4-8f0991e44de4,Mosquitoes,LivingAgent,38.350348,8.657116,true,532,ADULT,0.808,true,2498.0000,0.0000,3.06,0.3965,21.69,3,0
61b4079e-ace6-4145-82ff-d1a7a26575a2,Mosquitoes,LivingAgent,38.292375,8.675176,true,655,ADULT,0.532,false,2480.0000,0.0000,2.93,0.4097,21.56,5,0
9809d09a-89c2-4e79-bc3f-a951997b3412,Mosquitoes,LivingAgent,38.290927,8.611118,true,682,ADULT,0.683,true,2568.0000,0.0000,2.80,0.3272,21.16,5,0
06cd7fd2-b68a-41f5-9f29-a33daa76d9af,Mosquitoes,LivingAgent,38.368561,8.618000,true,457,ADULT,0.702,false,2219.0000,0.0000,1.93,0.2944,20.19,8,0
2677ea88-3248-4b35-b13b-f826961bb134,Mosquitoes,LivingAgent,38.287675,8.611987,true,676,ADULT,0.584,false,2588.0000,4.0000,3.12,0.3272,21.02,6,0
5dcce948-929a-4f82-b6e3-34b483b48790,Mosquitoes,LivingAgent,38.370174,8.602704,true,602,ADULT,0.858,false,2001.0000,0.0000,2.08,0.2944,20.04,2,0
fec9ecec-d8ca-4872-b3ac-392b1dd663c0,Mosquitoes,LivingAgent,38.357857,8.586459,true,774,ADULT,0.523,false,2269.0000,0.0000,2.31,0.2944,20.04,3,0
7c43fe1d-bb94-4020-800a-5bd7fcd29e77,Mosquitoes,LivingAgent,38.358447,8.672839,true,647,ADULT,0.865,false,2616.0000,1.0000,1.86,0.3965,21.54,2,0
816986a0-3a57-4839-a553-29a3665fd6c9,Mosquitoes,LivingAgent,38.311437,8.674151,true,725,ADULT,0.917,true,2456.0000,0.0000,2.45,0.4101,21.42,2,0
7f56aff3-f036-436c-bc3f-549ec8bf3f82,Mosquitoes,LivingAgent,38.347171,8.612574,true,400,ADULT,0.613,false,2549.0000,1.0000,14.50,0.2944,20.04,2,0
57e95499-2599-4223-8360-7fb21ba42249,Mosquitoes,LivingAgent,38.294696,8.600458,true,477,ADULT,0.653,false,2528.0000,0.0000,1.67,0.3272,21.02,4,0
5372cdd9-b97d-4466-9abc-50ca0bdf184e,Mosquitoes,LivingAgent,38.324813,8.578288,true,707,ADULT,0.677,false,2481.0000,0.0000,1.63,0.3272,21.02,8,0
30aa0117-e18e-4777-9ebe-acfd4c37a57e,Mosquitoes,LivingAgent,38.359320,8.670809,true,580,ADULT,0.648,false,2614.0000,2.0000,1.69,0.3965,21.24,3,0
48433012-85d7-4c9d-83c0-3e3cd3319ac5,Mosquitoes,LivingAgent,38.282221,8.614285,true,792,ADULT,0.876,false,2556.0000,0.0000,3.36,0.3273,20.72,5,0
77c656b9-a4bf-40eb-b0d0-353b839c1e9e,Mosquitoes,LivingAgent,38.331522,8.581511,true,808,ADULT,0.599,true,2510.0000,1.0000,2.60,0.2944,19.76,4,0
9a5c8c9f-030d-4781-824a-2c5f81688d39,Mosquitoes,LivingAgent,38.379403,8.636605,true,555,ADULT,0.852,false,2646.0000,2.0000,2.19,0.3965,21.24,5,0
32fbb2a0-d092-4ca2-93f5-4cfa8b141f4d,Mosquitoes,LivingAgent,38.321456,8.593408,true,402,ADULT,0.707,false,2498.0000,0.0000,1.58,0.3273,20.72,2,0
dffdc302-ce08-4c4d-8477-09c8fe9bca41,Mosquitoes,LivingAgent,38.376380,8.665585,true,840,ADULT,0.858,false,2606.0000,0.0000,1.03,0.3965,21.24,6,0
ff221b89-13db-496b-a0f8-3d785e88a5a7,Mosquitoes,LivingAgent,38.344273,8.599764,true,701,ADULT,0.616,false,2557.0000,2.0000,8.78,0.2944,19.48,7,0
b8db9cfa-b4cf-4aa3-bbc5-b6277ce1b37f,Mosquitoes,LivingAgent,38.328660,8.669539,true,655,ADULT,0.990,true,2488.0000,0.0000,3.34,0.4107,20.83,7,0
8da3b419-6aab-4b6f-89fc-0521c77d5fae,Mosquitoes,LivingAgent,38.331987,8.656967,true,832,ADULT,0.863,false,2592.0000,4.0000,6.39,0.3965,20.94,5,0
f822fa8d-7216-440d-b261-e74e86205ddd,Mosquitoes,LivingAgent,38.309108,8.628231,true,592,ADULT,0.588,false,2579.0000,1.0000,2.60,0.4107,20.83,5,0
681202a5-6394-4461-8f01-cdad81167cf0,Mosquitoes,LivingAgent,38.342615,8.595572,true,380,ADULT,0.728,false,2553.0000,6.0000,5.24,0.2944,19.48,2,0
80632ef0-e2f4-4630-a80a-573c2532b4ad,Mosquitoes,LivingAgent,38.340912,8.650807,true,664,ADULT,0.999,false,2557.0000,0.0000,3.17,0.3965,20.94,4,0
d1b2f8c3-1891-446a-94fe-6e443793addb,Mosquitoes,LivingAgent,38.321346,8.617185,true,722,ADULT,0.714,true,2607.0000,0.0000,2.18,0.3274,20.42,4,0
656be248-18c3-494f-8ed8-c20c0a60f769,Mosquitoes,LivingAgent,38.307302,8.615859,true,564,ADULT,0.549,true,2666.0000,0.0000,2.09,0.3276,20.12,6,0
6ae98419-88a9-48bd-b052-dd4d7dc5d09d,Mosquitoes,LivingAgent,38.321081,8.596490,true,356,ADULT,0.741,false,2505.0000,0.0000,1.61,0.3276,20.12,6,0
144a2329-728a-482c-98d2-0831213969c7,Mosquitoes,LivingAgent,38.289417,8.646989,true,417,ADULT,0.790,false,2467.0000,0.0000,5.44,0.4113,20.24,10,0
ce684d6b-6ea8-49df-a2c8-a0251449cb96,Mosquitoes,LivingAgent,38.354837,8.675422,true,652,ADULT,0.643,false,2622.0000,0.0000,2.12,0.3965,18.64,4,0
b15d0500-ace6-4e2a-a02a-32a5e82f1422,Mosquitoes,LivingAgent,38.371595,8.657385,true,750,ADULT,0.697,false,2563.0000,0.0000,1.23,0.3965,18.64,5,0
8586a61d-7fbc-46a2-86d5-75706ca5b4a1,Mosquitoes,LivingAgent,38.353295,8.590609,true,439,ADULT,0.671,false,2318.0000,1.0000,3.00,0.2944,16.94,9,0
e4e57276-97b4-4e7e-9603-7d538d1b2696,Mosquitoes,LivingAgent,38.334422,8.647607,true,437,ADULT,0.651,false,2575.0000,0.0000,6.82,0.3965,17.04,8,0
abfa1642-9aa8-4627-a3d2-657e7815a464,Mosquitoes,LivingAgent,38.354748,8.646317,true,430,ADULT,0.609,true,2505.0000,0.0000,1.60,0.3965,16.51,4,0
5c789e2a-1f78-4b69-b8ea-f74df8261e2d,Mosquitoes,LivingAgent,38.307272,8.655606,true,642,ADULT,0.812,false,2452.0000,0.0000,2.46,0.4113,16.30,6,0
b7bef66f-381c-44ab-92d6-3737ebe54fc5,Mosquitoes,LivingAgent,38.317172,8.579031,true,640,ADULT,0.717,false,2511.0000,0.0000,1.00,0.3283,15.61,4,0
453658d6-f0d0-4779-ae4b-c0641ca2b4a7,Mosquitoes,LivingAgent,38.343473,8.665460,true,448,ADULT,0.908,false,2626.0000,5.0000,9.27,0.3965,15.82,6,0
0aa581be-29a7-4ec3-a78d-1f3b383d19b0,Mosquitoes,LivingAgent,38.379864,8.659051,true,735,ADULT,0.640,true,2676.0000,0.0000,1.04,0.3965,15.49,4,0
0fc4a769-bbc8-4514-ae3f-5da626faf04e,Mosquitoes,LivingAgent,38.280830,8.668258,true,480,ADULT,0.765,false,2530.0000,4.0000,1.73,0.4113,15.57,7,0
695c18a1-1a78-4c5f-9243-0e9e214c15f4,Mosquitoes,LivingAgent,38.371174,8.619855,true,451,ADULT,0.926,false,2235.0000,0.0000,1.76,0.2944,13.95,1,0
4058bd9d-5081-4a81-9968-71da9ca005d3,Mosquitoes,LivingAgent,38.349331,8.669664,true,721,ADULT,0.617,false,2674.0000,0.0000,5.10,0.3965,15.29,6,0
63de5cd5-6bba-4837-9946-60fac56aef6a,Mosquitoes,LivingAgent,38.379754,8.634614,true,509,ADULT,0.821,true,2617.0000,0.0000,1.93,0.3965,15.19,1,0
41f05c8d-8622-48d5-8b0a-8a276463cc3b,Mosquitoes,LivingAgent,38.325902,8.671548,true,718,ADULT,0.518,true,2475.0000,0.0000,2.27,0.4113,15.53,4,0
0ab199ec-f558-4ee6-bfe6-db14b050dab8,Mosquitoes,LivingAgent,38.349774,8.623788,true,542,ADULT,0.906,false,2528.0000,1.0000,9.64,0.2944,13.78,4,0
a8181dbc-f123-4c25-b9d2-f74dae2ff82d,Mosquitoes,LivingAgent,38.288176,8.585432,true,386,ADULT,0.703,false,2514.0000,0.0000,2.27,0.3295,14.39,7,0
d5d24aec-0801-4735-a7b9-b0fb15991da6,Mosquitoes,LivingAgent,38.365313,8.650325,true,546,ADULT,0.975,false,2505.0000,0.0000,1.33,0.3965,15.19,7,0
3142f1e6-9676-4393-bbb7-a65475e91244,Mosquitoes,LivingAgent,38.336429,8.623047,true,671,ADULT,0.709,false,2565.0000,8.0000,10.88,0.2946,13.71,4,0
d6c686fa-b8fd-4620-9d83-4d0be7536825,Mosquitoes,LivingAgent,38.366898,8.669750,true,850,ADULT,0.748,false,2539.0000,0.0000,1.12,0.3967,15.23,6,0
9892c3c8-b21b-4fa8-afbb-c949de8dde76,Mosquitoes,LivingAgent,38.289817,8.625161,true,431,ADULT,0.746,false,2515.0000,0.0000,3.35,0.3304,14.35,7,0
77c2b658-2dec-4875-a7a7-0f222c8d53ee,Mosquitoes,LivingAgent,38.366211,8.606759,true,535,ADULT,0.507,true,2116.0000,0.0000,2.15,0.2946,13.71,5,0
ac784803-26ee-47da-b989-f4e935a6da12,Mosquitoes,LivingAgent,38.290162,8.593746,true,591,ADULT,0.973,false,2519.0000,0.0000,1.56,0.3304,14.35,2,0
e8fe46ea-fe85-4ee3-8b1e-92ad28e17378,Mosquitoes,LivingAgent,38.305473,8.673095,true,763,ADULT,0.502,true,2458.0000,0.0000,2.83,0.4115,15.61,2,0
12be149a-31a2-4e1e-8111-cffc8bc7048e,Mosquitoes,LivingAgent,38.305398,8.664126,true,528,ADULT,0.860,true,2454.0000,0.0000,2.66,0.4115,15.61,4,0
ddc2965d-8933-40d0-9d9d-407300177cb3,Mosquitoes,LivingAgent,38.336742,8.640392,true,522,ADULT,0.612,true,2578.0000,0.0000,12.49,0.3969,15.28,3,0
4dedd5d8-dcad-4bcc-86ec-5d160f98ada7,Mosquitoes,LivingAgent,38.316512,8.641999,true,679,ADULT,0.541,false,2528.0000,0.0000,2.38,0.4117,15.69,8,0
812a46b9-e9c6-4c35-bee2-31686d97ece2,Mosquitoes,LivingAgent,38.300568,8.622148,true,789,ADULT,0.621,false,2579.0000,0.0000,3.38,0.3313,14.32,5,0
b8e7bd65-3f3c-4d60-a5d1-c611083d94ca,Mosquitoes,LivingAgent,38.333941,8.601213,true,413,ADULT,0.590,false,2560.0000,0.0000,5.21,0.2948,13.65,7,0
9322f7dc-9037-464e-b51f-82ee5838e71f,Mosquitoes,LivingAgent,38.373681,8.665656,true,560,ADULT,0.714,false,2566.0000,0.0000,1.03,0.3971,15.32,3,0
0e489b5b-1f4f-4808-8628-ffdaff38d64a,Mosquitoes,LivingAgent,38.303811,8.608308,true,724,ADULT,0.720,false,2636.0000,0.0000,1.83,0.3323,14.28,2,0
26b03ddc-99d4-4a27-8641-a106efce44e2,Mosquitoes,LivingAgent,38.366491,8.643239,true,491,ADULT,0.961,false,2554.0000,3.0000,1.40,0.3971,15.32,3,0
b5869f1b-c672-49f3-80ef-06e73d8d2188,Mosquitoes,LivingAgent,38.335791,8.617389,true,677,ADULT,0.766,false,2538.0000,0.0000,8.58,0.2950,13.58,4,0
840c2f08-4f0d-4c97-8999-54a25e266a94,Mosquitoes,LivingAgent,38.348931,8.618214,true,776,ADULT,0.565,true,2497.0000,0.0000,9.86,0.2952,13.52,3,0
3f6fa2f9-db18-449e-a214-053ad1ac1411,Mosquitoes,LivingAgent,38.306770,8.658579,true,795,ADULT,0.569,false,2453.0000,0.0000,2.51,0.4122,15.86,3,0
cdeffb73-106a-46e9-ad2e-f1dcaf646a14,Mosquitoes,LivingAgent,38.290749,8.668066,true,386,ADULT,0.982,false,2545.0000,0.0000,2.72,0.4122,15.71,5,0
631743e8-523b-4420-bf02-5c4f21ca0809,Mosquitoes,LivingAgent,38.347537,8.588080,true,757,ADULT,0.652,false,2522.0000,2.0000,9.02,0.2952,13.16,4,0
bf3dc6d4-9fc7-4093-83e1-4e768fe4dd70,Mosquitoes,LivingAgent,38.354133,8.598067,true,600,ADULT,0.822,true,2304.0000,0.0000,2.78,0.2952,13.16,2,0
d3524a68-859d-4e31-82f1-3c43b29a858d,Mosquitoes,LivingAgent,38.336035,8.645095,true,663,ADULT,0.659,true,2574.0000,0.0000,8.35,0.3974,15.26,8,0
59f9c63e-53e9-4c61-a9ab-6989770a67f2,Mosquitoes,LivingAgent,38.283816,8.646349,true,517,ADULT,0.526,true,2490.0000,7.0000,7.08,0.4122,15.09,3,0
97f0fd36-5af9-4541-aec4-d44ffbbd3251,Mosquitoes,LivingAgent,38.356401,8.646810,true,401,ADULT,0.581,true,2487.0000,1.0000,1.45,0.3974,14.95,2,0
f91ef1d0-34b6-4b2e-bc63-2fe2c11cec66,Mosquitoes,LivingAgent,38.343934,8.579637,true,575,ADULT,0.792,true,2526.0000,1.0000,14.36,0.2952,12.57,3,0
1cb8d5a7-0d1e-4f99-8a5c-c535446095ed,Mosquitoes,LivingAgent,38.348140,8.601300,true,830,ADULT,0.540,false,2579.0000,0.0000,7.04,0.2952,12.44,7,0
988b11d8-4fc7-41c4-9b74-1078efbc7b00,Mosquitoes,LivingAgent,38.357088,8.672692,true,479,ADULT,0.541,false,2627.0000,0.0000,1.90,0.4000,14.56,9,0
b75bf773-844d-4777-99a5-f53df62c7e28,Mosquitoes,LivingAgent,38.335091,8.625719,true,679,ADULT,0.723,false,2558.0000,6.0000,9.88,0.2958,12.24,2,0
d51e8e4b-e93e-4ccc-ac68-ace86f4030a5,Mosquitoes,LivingAgent,38.373570,8.669109,true,448,ADULT,0.663,true,2545.0000,0.0000,1.04,0.4000,14.56,4,0
6bf5745a-5bd9-42f1-8dba-b3eafa89a720,Mosquitoes,LivingAgent,38.321740,8.675495,true,409,ADULT,0.995,false,2491.0000,0.0000,1.24,0.4140,14.37,3,0
a9cd0ce6-746a-48d8-9f4d-2f1e11880496,Mosquitoes,LivingAgent,38.345077,8.637827,true,578,ADULT,0.760,true,2515.0000,2.0000,9.66,0.4053,14.35,6,0
399c43f0-c8fc-487f-ba92-48059ef2b48a,Mosquitoes,LivingAgent,38.368931,8.621713,true,711,ADULT,0.988,false,2243.0000,0.0000,1.93,0.2976,11.99,3,0
9eb67b67-ea2e-4902-af2e-f85f8a4b7dd0,Mosquitoes,LivingAgent,38.333815,8.660111,true,711,ADULT,0.893,true,2563.0000,0.0000,4.56,0.4079,14.25,3,0
afbd607a-6d2c-4c5c-a027-f5c1b842ed0d,Mosquitoes,LivingAgent,38.298042,8.581509,true,405,ADULT,0.764,false,2531.0000,3.0000,1.67,0.3466,12.12,2,0
29ac32da-6460-47fe-8a09-8e697d61dcfe,Mosquitoes,LivingAgent,38.352789,8.621893,true,722,ADULT,0.511,true,2488.0000,0.0000,7.40,0.2985,11.76,7,0
4e534199-2ede-45df-86a5-69461f53b606,Mosquitoes,LivingAgent,38.345945,8.606697,true,774,ADULT,0.707,true,2581.0000,37.0000,16.63,0.3002,11.29,3,0
37367986-373c-4ea5-be51-8b73920b6902,Mosquitoes,LivingAgent,38.300793,8.651972,true,550,ADULT,0.592,true,2464.0000,0.0000,2.97,0.4194,13.57,7,0
e6243966-ad78-45db-928a-c07c3729d164,Mosquitoes,LivingAgent,38.359301,8.618574,true,741,ADULT,0.914,false,2241.0000,0.0000,2.88,0.2274,10.95,4,0
1d3e9887-6b7f-4f0e-a2cc-e455b1aaea54,Mosquitoes,LivingAgent,38.357378,8.587684,true,573,ADULT,0.817,false,2275.0000,0.0000,2.22,0.2274,10.95,5,0
e1f82e92-3fc5-49ee-953a-3cfd1bd84d30,Mosquitoes,LivingAgent,38.314873,8.623164,true,871,ADULT,0.639,false,2704.0000,0.0000,3.00,0.2691,11.37,3,0
8fde933e-b2fa-403c-9186-c7ebc1290cb0,Mosquitoes,LivingAgent,38.294747,8.631423,true,817,ADULT,0.923,true,2479.0000,0.0000,3.21,0.3177,13.26,5,0
34e6b732-fa58-4b6d-8a5a-d85bebfdf173,Mosquitoes,LivingAgent,38.310692,8.674159,true,685,ADULT,0.654,false,2454.0000,0.0000,2.58,0.3177,13.26,5,0
91139b77-7f30-470e-abbd-762969f5e054,Mosquitoes,LivingAgent,38.293685,8.586621,true,751,ADULT,0.536,false,2518.0000,0.0000,2.16,0.2691,11.37,7,0
513636fb-addf-40be-afd2-f9aca780de80,Mosquitoes,LivingAgent,38.320407,8.649633,true,703,ADULT,0.605,true,2518.0000,0.0000,3.04,0.2149,13.15,5,0
febb9693-5f3b-42cb-a0ce-666562138359,Mosquitoes,LivingAgent,38.321853,8.655120,true,462,ADULT,0.672,true,2513.0000,0.0000,2.77,0.2149,13.15,6,0
876b3279-6254-4fd7-8f3c-b23133632070,Mosquitoes,LivingAgent,38.329058,8.670997,true,630,ADULT,0.551,false,2489.0000,0.0000,3.15,0.2149,13.15,7,0
0b4ff5ee-20f7-47ae-84c1-0390ad5d1d29,Mosquitoes,LivingAgent,38.312499,8.638885,true,614,ADULT,0.798,false,2526.0000,0.0000,2.26,0.1120,13.03,6,0
0fa4ee40-fac5-4593-8e28-9e9d8c33bc92,Mosquitoes,LivingAgent,38.358518,8.582875,true,473,ADULT,0.665,false,2273.0000,0.0000,2.98,0.0801,10.74,9,0
09a7eef3-00f2-418a-88e8-87a982f9c612,Mosquitoes,LivingAgent,38.352754,8.656749,true,885,ADULT,0.838,true,2508.0000,0.0000,2.00,0.1260,13.12,7,0
a98a69a0-d57c-49b5-add0-dd9ac6fae046,Mosquitoes,LivingAgent,38.345731,8.652386,true,789,ADULT,0.900,true,2524.0000,0.0000,2.23,0.1260,13.12,8,0
f487eb41-39b5-4e79-be8f-c2bc5d8cfb64,Mosquitoes,LivingAgent,38.301570,8.656600,true,572,ADULT,0.756,true,2465.0000,0.0000,2.82,0.0092,12.92,7,0
d869915b-e90e-4b4c-a052-9f76a3fc1f83,Mosquitoes,LivingAgent,38.346996,8.583055,true,719,ADULT,0.907,false,2541.0000,0.0000,11.40,0.0064,10.63,3,0
60a7b5ad-7e2f-466f-959f-3c0d045c40d4,Mosquitoes,LivingAgent,38.282370,8.658128,true,433,ADULT,0.519,false,2692.0000,0.0000,2.53,0.0092,12.92,7,0
406ca6c1-8e97-490a-9968-587dee775401,Mosquitoes,LivingAgent,38.294617,8.659930,true,623,ADULT,0.598,false,2547.0000,4.0000,3.03,0.0092,12.92,6,0
aede3a53-87cd-4998-b341-433e671387f0,Mosquitoes,LivingAgent,38.297294,8.624241,true,432,ADULT,0.687,false,2557.0000,0.0000,3.49,0.0122,11.02,3,0
c34b030c-a2a9-44db-ad69-0a221a310694,Mosquitoes,LivingAgent,38.297457,8.672028,true,436,ADULT,0.518,false,2488.0000,0.0000,3.24,0.0092,12.72,4,0
6a9f9111-7fc7-422d-9c7f-9cf88deb4dc4,Mosquitoes,LivingAgent,38.350783,8.606080,true,700,ADULT,0.576,true,2557.0000,0.0000,7.48,0.0064,10.29,5,0
ec4b33b5-f465-4ad2-9cbe-07fb264cb66d,Mosquitoes,LivingAgent,38.336710,8.625007,true,842,ADULT,0.665,false,2575.0000,5.0000,11.46,0.0064,10.29,2,0
d4b53031-61a5-4308-9b2e-75bf4b8f0b2b,Mosquitoes,LivingAgent,38.292024,8.598876,true,872,ADULT,0.838,true,2527.0000,0.0000,1.94,0.0128,10.72,5,0
494c3436-2360-4ee4-a366-0331bd4203e3,Mosquitoes,LivingAgent,38.368899,8.593694,true,399,ADULT,0.989,true,2115.0000,0.0000,2.01,0.0064,10.18,6,0
92246613-c3be-47bc-a1ad-4a231bbbd2e6,Mosquitoes,LivingAgent,38.355003,8.582856,true,846,ADULT,0.993,false,2320.0000,0.0000,3.31,0.0064,10.18,9,0
b7395d06-f08e-44df-912b-a2af2964413e,Mosquitoes,LivingAgent,38.310166,8.606405,true,702,ADULT,0.683,false,2612.0000,0.0000,1.58,0.0133,10.66,6,0
7847470d-8006-4751-a59d-1acfea17e896,Mosquitoes,LivingAgent,38.301753,8.597683,true,625,ADULT,0.725,true,2615.0000,0.0000,1.44,0.0133,10.66,4,0
243ce891-615c-4b0f-bf46-f8142cd60368,Mosquitoes,LivingAgent,38.335254,8.596950,true,493,ADULT,0.603,false,2544.0000,0.0000,3.71,0.0065,10.10,6,0
ce983536-7c2d-4ec4-a383-e7a03857112f,Mosquitoes,LivingAgent,38.321486,8.623062,true,468,ADULT,0.600,true,2614.0000,0.0000,2.72,0.0143,10.55,11,0
e44da123-c6a8-4c71-b89f-b7fc9822fa28,Mosquitoes,LivingAgent,38.361351,8.626697,true,428,ADULT,0.691,true,2247.0000,0.0000,2.69,0.0274,12.30,6,0
e075070d-4aa7-48d9-8499-5c57caed93fc,Mosquitoes,LivingAgent,38.363285,8.656538,true,836,ADULT,0.560,false,2475.0000,0.0000,1.27,0.0274,12.30,3,0
e0b2acde-cc19-4cf4-a863-ca76db49e174,Mosquitoes,LivingAgent,38.313175,8.584529,true,459,ADULT,0.679,false,2514.0000,0.0000,0.91,0.0143,10.55,4,0
2a69c237-0aa5-4fc0-b03b-28a6ef4284a9,Mosquitoes,LivingAgent,38.327587,8.615458,true,790,ADULT,0.560,true,2528.0000,0.0000,3.31,0.0148,10.49,8,0
32b41fb7-67a5-4c25-b711-d49bff46983e,Mosquitoes,LivingAgent,38.344949,8.667296,true,707,ADULT,0.630,true,2633.0000,0.0000,10.37,0.0274,12.22,7,0
206f58e6-74b0-432d-923d-4c60e151b008,Mosquitoes,LivingAgent,38.304714,8.654285,true,822,ADULT,0.783,false,2453.0000,0.0000,2.68,0.0092,12.28,4,0
3e31c566-061f-4778-9d53-9791d90fccfe,Mosquitoes,LivingAgent,38.322624,8.586555,true,765,ADULT,0.811,false,2495.0000,0.0000,1.39,0.0153,10.81,5,0
0154989e-3107-4511-af5c-b2e52bbd0513,Mosquitoes,LivingAgent,38.370699,8.640320,true,463,ADULT,0.940,false,2619.0000,0.0000,1.75,0.0274,12.34,1,0
2e92c161-af62-4f32-ae7e-531f449c6e69,Mosquitoes,LivingAgent,38.321348,8.598817,true,890,ADULT,0.946,true,2502.0000,0.0000,1.78,0.0153,10.81,9,0
7e19fd49-5249-4d23-a946-82b5bd316a3a,Mosquitoes,LivingAgent,38.350827,8.646263,true,893,ADULT,0.837,false,2530.0000,0.0000,2.38,0.0274,12.58,7,0
2bfed91e-d906-4e7c-935d-f6c4a0397fd5,Mosquitoes,LivingAgent,38.357942,8.584768,true,596,ADULT,0.791,false,2283.0000,0.0000,2.62,0.0065,11.68,6,0
a7f142e9-493a-4193-a1fa-2d1c77ff1276,Mosquitoes,LivingAgent,38.301767,8.654851,true,521,ADULT,0.846,false,2463.0000,0.0000,2.88,0.0092,14.04,6,0
c372bb86-5f83-4e98-bb6b-674fa938db79,Mosquitoes,LivingAgent,38.283619,8.603128,true,461,ADULT,0.665,false,2592.0000,4.0000,3.02,0.0202,14.09,5,0
f5982fee-d8df-4f4b-a475-04eac101f4bf,Mosquitoes,LivingAgent,38.331628,8.587262,true,568,ADULT,0.829,false,2504.0000,0.0000,2.33,0.0096,14.50,3,0
d01b3a86-6ae3-40d5-99b6-c62c474d82ea,Mosquitoes,LivingAgent,38.363369,8.656035,true,878,ADULT,0.815,true,2475.0000,0.0000,1.26,0.0283,15.86,5,0
5117f617-7e9b-45aa-8659-8a93b3101e71,Mosquitoes,LivingAgent,38.357310,8.660817,true,575,ADULT,0.693,true,2522.0000,0.0000,1.73,0.0291,16.34,2,0
985a4d87-1793-4734-89ee-5dfbaebf3ad8,Mosquitoes,LivingAgent,38.351375,8.605873,true,857,ADULT,0.699,false,2494.0000,0.0000,5.17,0.0127,14.97,9,0
cef00aa0-ddcb-42ab-8b29-435db00bafa5,Mosquitoes,LivingAgent,38.356312,8.576219,true,733,ADULT,0.973,false,2453.0000,0.0000,13.18,0.0189,15.92,3,0
2a0b1058-4e3f-4ab6-b0e7-192fa3b254b2,Mosquitoes,LivingAgent,38.355364,8.666073,true,460,ADULT,0.753,true,2594.0000,0.0000,2.11,0.0474,17.76,4,0
9f51f045-33c5-4f96-a3f7-175c908fa8cd,Mosquitoes,LivingAgent,38.291876,8.608571,true,570,ADULT,0.546,false,2564.0000,0.0000,2.62,0.0404,17.20,4,0
4ed5d026-9e7d-453a-9b35-0195a6a68b68,Mosquitoes,LivingAgent,38.352167,8.583782,true,672,ADULT,0.519,true,2409.0000,0.0000,4.91,0.0386,16.85,3,0
6815e989-24e5-4b72-a57d-b0b49d8c1772,Mosquitoes,LivingAgent,38.320318,8.595933,true,848,ADULT,0.838,false,2512.0000,0.0000,1.58,0.0566,18.14,3,0
6d9c62c1-2809-4024-aeb3-c7b0eb5938e8,Mosquitoes,LivingAgent,38.370269,8.624940,true,895,ADULT,0.942,false,2352.0000,0.0000,1.85,0.0583,17.77,5,0
29248767-0c16-40b7-ac49-5b907070a791,Mosquitoes,LivingAgent,38.378286,8.626660,true,646,ADULT,0.588,true,2553.0000,0.0000,1.13,0.1288,19.41,4,0
fb0e1a95-3091-4c4e-b0fe-14a96317af48,Mosquitoes,LivingAgent,38.314284,8.606635,true,533,ADULT,0.701,false,2579.0000,2.0000,1.73,0.1592,19.21,2,0
e6196b70-b704-416a-8f8d-719a50569d75,Mosquitoes,LivingAgent,38.369175,8.603935,true,679,ADULT,0.876,false,2049.0000,0.0000,2.12,0.1337,18.37,7,0
c7e8d187-3ea0-470c-81e1-ad81d189a916,Mosquitoes,LivingAgent,38.329975,8.620125,true,856,ADULT,0.534,false,2536.0000,0.0000,3.92,0.2064,19.51,4,0
a80c7844-c533-41a5-babb-0330049b62d1,Mosquitoes,LivingAgent,38.287019,8.671033,true,548,ADULT,0.843,false,2508.0000,0.0000,2.26,0.1877,20.30,4,0
ab909951-7d9d-47a4-b526-03bc434a2c84,Mosquitoes,LivingAgent,38.325843,8.673821,true,731,ADULT,0.802,false,2478.0000,0.0000,1.97,0.2342,20.54,6,0
04349527-092d-440b-bfed-659999daafe4,Mosquitoes,LivingAgent,38.373855,8.663353,true,613,ADULT,0.687,false,2537.0000,3.0000,1.04,0.2879,20.81,3,0
13ff3577-3bfd-46eb-85f9-4c8d069c69be,Mosquitoes,LivingAgent,38.315549,8.610398,true,598,ADULT,0.810,false,2620.0000,0.0000,1.96,0.4011,20.51,2,0
99db3d73-fc4f-4002-ae94-a4d2b1ec3312,Mosquitoes,LivingAgent,38.368247,8.583871,true,483,ADULT,0.797,false,2152.0000,0.0000,3.91,0.3773,19.86,7,0
9fffb567-33bf-4177-89ca-c57618dedaec,Mosquitoes,LivingAgent,38.337290,8.674540,true,790,ADULT,0.872,false,2508.0000,0.0000,3.30,0.3858,21.55,4,0
aa3301e1-d62c-4756-9f92-570e94d8da42,Mosquitoes,LivingAgent,38.377423,8.610032,true,853,ADULT,0.737,true,2173.0000,3.0000,1.10,0.4261,20.11,5,0
9d2b286c-f733-4e33-9120-0a67dc55f340,Mosquitoes,LivingAgent,38.308734,8.653500,true,679,ADULT,0.669,false,2457.0000,0.0000,1.75,0.4623,21.58,3,0
32857304-1e2a-4d83-909e-96f1b9f6fec9,Mosquitoes,LivingAgent,38.353513,8.576380,true,710,ADULT,0.741,false,2505.0000,6.0000,16.86,0.4748,20.36,3,0
6ac93ead-d771-4dc4-88d3-c141e8474e60,Mosquitoes,LivingAgent,38.288895,8.665601,true,710,ADULT,0.573,true,2636.0000,0.0000,2.40,0.4623,21.58,5,0
2728102f-1e66-4545-888e-d3c0904cd67d,Mosquitoes,LivingAgent,38.359907,8.603631,true,823,ADULT,0.941,false,2235.0000,0.0000,2.57,0.4951,20.43,6,0
74efca43-673b-44af-b595-50bd4c895378,Mosquitoes,LivingAgent,38.294306,8.604016,true,828,ADULT,0.952,false,2532.0000,0.0000,2.10,0.8121,21.24,7,0
9facbea5-b46c-455f-923d-50a6b47c61e2,Mosquitoes,LivingAgent,38.301598,8.578695,true,905,ADULT,0.869,false,2526.0000,1.0000,1.29,0.8272,21.32,5,0
96756e44-d4f1-4b82-97f8-c4bedc839b3b,Mosquitoes,LivingAgent,38.320520,8.628462,true,591,ADULT,0.918,false,2669.0000,4.0000,3.16,0.5108,21.85,2,0
9086e2a0-b432-4890-930a-ac8467cd9e4e,Mosquitoes,LivingAgent,38.327875,8.625526,true,720,ADULT,0.971,false,2559.0000,0.0000,3.54,0.8423,21.40,5,0
074b8ddc-8321-41a4-8d35-128ab8225cd4,Mosquitoes,LivingAgent,38.316473,8.625491,true,893,ADULT,0.516,false,2698.0000,0.0000,3.14,0.8515,21.36,5,0
862b37ce-f28b-4c22-a4ed-f4ba1ab9e8ed,Mosquitoes,LivingAgent,38.334199,8.672013,true,498,ADULT,0.509,true,2521.0000,0.0000,4.46,0.4722,22.11,5,0
75edac27-e18e-4c5c-98a0-8c7d65bff6b8,Mosquitoes,LivingAgent,38.331977,8.602388,true,444,ADULT,0.761,true,2548.0000,0.0000,4.12,0.5766,20.53,3,0
53b0f25b-5639-4966-9e37-e9460885e539,Mosquitoes,LivingAgent,38.306860,8.591632,true,444,ADULT,0.771,true,2582.0000,3.0000,0.91,0.8607,21.32,5,0
e2e865b2-728e-4aa0-979f-e077f57168d9,Mosquitoes,LivingAgent,38.297222,8.585090,true,550,ADULT,0.534,true,2525.0000,0.0000,1.69,0.8699,21.29,6,0
8da636bf-7693-41ea-ac0e-57ff5c981a06,Mosquitoes,LivingAgent,38.302332,8.646056,true,856,ADULT,0.939,false,2454.0000,0.0000,2.80,0.5526,21.84,6,0
c20a54db-2234-49a1-957a-7d659f12edc2,Mosquitoes,LivingAgent,38.305942,8.598818,true,496,ADULT,0.546,false,2610.0000,0.0000,1.56,0.8837,21.29,4,0
5c3de231-501c-4d72-833b-e2bc74e03219,Mosquitoes,LivingAgent,38.293179,8.612134,true,555,ADULT,0.556,false,2551.0000,0.0000,2.61,0.8837,21.29,3,0
9b1af07e-519c-4d11-a3a1-e798df7e4351,Mosquitoes,LivingAgent,38.346571,8.606101,true,620,ADULT,0.862,false,2577.0000,5.0000,13.10,0.6048,20.50,4,0
55b0e44a-44e0-42fa-9f8a-68ad67029974,Mosquitoes,LivingAgent,38.310064,8.586501,true,573,ADULT,0.794,true,2528.0000,0.0000,0.88,0.8859,21.30,6,0
01ee7b58-a569-4ba2-b321-82bf4f764ff8,Mosquitoes,LivingAgent,38.307702,8.644426,true,639,ADULT,0.731,false,2464.0000,0.0000,2.51,0.5742,21.81,3,0
a3c6708c-188c-460d-959a-d920a68d491a,Mosquitoes,LivingAgent,38.292506,8.643286,true,638,ADULT,0.949,true,2448.0000,0.0000,3.08,0.5742,21.81,4,0
8837dfee-e9e8-4495-a835-a1adcb8332c0,Mosquitoes,LivingAgent,38.353934,8.624098,true,529,ADULT,0.645,false,2460.0000,0.0000,7.27,0.6093,20.45,2,0
da68a32f-2963-43ff-9d61-06dc1f299239,Mosquitoes,LivingAgent,38.333409,8.622876,true,872,ADULT,0.822,false,2540.0000,0.0000,7.96,0.6093,20.45,4,0
4286f828-d442-4c95-ae2c-82d3ad9266d8,Mosquitoes,LivingAgent,38.356315,8.620394,true,459,ADULT,0.639,false,2445.0000,0.0000,5.69,0.6112,20.39,4,0
ab5bfe5f-c93c-443c-9416-306e4468e005,Mosquitoes,LivingAgent,38.299806,8.660628,true,929,ADULT,0.524,false,2475.0000,0.0000,2.94,0.6117,21.66,2,0
03cbdb91-9101-4a6c-acdf-a88431623229,Mosquitoes,LivingAgent,38.349625,8.596330,true,454,ADULT,0.615,false,2480.0000,0.0000,3.89,0.6131,20.33,3,0
93a8cde5-bb50-49fb-9e1a-6cf770959092,Mosquitoes,LivingAgent,38.343503,8.644336,true,807,ADULT,0.505,false,2521.0000,0.0000,4.71,0.5206,21.81,4,0
9dd3692a-2d8c-41c8-b937-268cc27d93fa,Mosquitoes,LivingAgent,38.350014,8.580922,true,700,ADULT,0.612,false,2579.0000,0.0000,10.40,0.6165,19.99,7,0
9866621b-7302-4580-95ff-c504d9c8bfa2,Mosquitoes,LivingAgent,38.310173,8.602835,true,514,ADULT,0.627,true,2575.0000,0.0000,1.48,1.0656,20.57,7,0
f5fc2268-e836-4df7-bbbb-a4606afe7cd2,Mosquitoes,LivingAgent,38.374447,8.673491,true,907,ADULT,0.609,false,2512.0000,0.0000,1.07,0.5412,20.64,5,0
4a0f5ef3-c742-4d90-b987-fb14ec800fcc,Mosquitoes,LivingAgent,38.350395,8.646629,true,826,ADULT,0.888,false,2528.0000,0.0000,2.05,0.5422,20.20,7,0
bcffa400-5959-452f-b919-1c70b71eb798,Mosquitoes,LivingAgent,38.379974,8.606620,true,661,ADULT,0.902,true,2167.0000,0.0000,0.88,0.6229,17.99,2,0
9ba4c435-900c-4541-ae3e-fac437df4cfc,Mosquitoes,LivingAgent,38.283110,8.663624,true,830,ADULT,0.813,true,2627.0000,0.0000,2.14,0.8476,18.87,4,0
f90cd9fe-ac94-419f-a74b-240d00e2c759,Mosquitoes,LivingAgent,38.330408,8.672737,true,690,ADULT,0.759,true,2482.0000,0.0000,3.29,0.5453,18.87,3,0
4dc1b83a-9c21-4cdc-978d-9c41d114fe46,Mosquitoes,LivingAgent,38.298715,8.580973,true,805,ADULT,0.819,false,2531.0000,3.0000,1.67,1.3701,18.15,4,0
0fffd83c-d3d0-4f93-a554-08d45b25293c,Mosquitoes,LivingAgent,38.322034,8.597960,true,759,ADULT,0.685,true,2502.0000,0.0000,1.70,1.3705,17.67,3,0
e7676b4c-a288-4a46-b7ef-59148313c990,Mosquitoes,LivingAgent,38.315609,8.596367,true,848,ADULT,0.590,false,2538.0000,3.0000,1.48,1.3705,17.67,4,0
74a6107f-3326-4389-b0d8-a11f6e26e26a,Mosquitoes,LivingAgent,38.373963,8.647504,true,934,ADULT,0.951,false,2600.0000,0.0000,1.89,0.5453,18.35,7,0
688de1d9-8cf3-402a-b545-58331240e729,Mosquitoes,LivingAgent,38.372210,8.592855,true,893,ADULT,0.683,false,1991.0000,0.0000,1.89,0.6237,17.15,7,0
4bbaf117-7f08-4eef-a65f-894b87397755,Mosquitoes,LivingAgent,38.345710,8.673503,true,737,ADULT,0.862,false,2611.0000,0.0000,4.06,0.5454,17.82,6,0
77858fe5-6b21-4a2d-9cb2-d9fe916c9623,Mosquitoes,LivingAgent,38.303562,8.674924,true,545,ADULT,0.780,false,2460.0000,0.0000,3.00,0.8707,17.45,7,0
106adc33-2124-4507-9bf1-4027091f2a22,Mosquitoes,LivingAgent,38.330419,8.642345,true,684,ADULT,0.887,false,2603.0000,0.0000,7.56,0.5454,17.82,3,0
54374693-d75a-42d6-90ea-6fc0a9e1befc,Mosquitoes,LivingAgent,38.285575,8.635263,true,521,ADULT,0.638,true,2459.0000,4.0000,5.20,0.8707,17.45,9,0
de67d0f4-4e46-423c-80e3-12a772ba0c59,Mosquitoes,LivingAgent,38.304473,8.623494,true,887,ADULT,0.523,true,2612.0000,0.0000,3.32,1.3713,16.72,4,0
fa391f45-3a4a-4463-a8b4-e2670007d349,Mosquitoes,LivingAgent,38.348789,8.662949,true,647,ADULT,0.856,false,2618.0000,0.0000,5.05,0.5454,17.30,8,0
3bd25cb2-947a-4465-88e2-ea31b5a0cefa,Mosquitoes,LivingAgent,38.349372,8.630757,true,908,ADULT,0.941,false,2489.0000,0.0000,9.83,0.5454,17.30,8,0
8757b649-2048-4a51-8fd4-f96a05333d41,Mosquitoes,LivingAgent,38.328602,8.674361,true,634,ADULT,0.606,false,2478.0000,0.0000,2.94,0.8737,16.97,7,0
4633061f-6ec1-4265-a396-9b45b65714cf,Mosquitoes,LivingAgent,38.315678,8.644068,true,787,ADULT,0.841,true,2518.0000,0.0000,2.23,0.8771,16.29,4,0
9304268b-281f-4439-8dba-6536ee256502,Mosquitoes,LivingAgent,38.283835,8.609839,true,830,ADULT,0.968,false,2632.0000,0.0000,4.41,1.3782,15.90,7,0
4cac8ab7-5b0b-44b7-80d1-9f70db3bc6ec,Mosquitoes,LivingAgent,38.323728,8.660074,true,819,ADULT,0.962,false,2502.0000,0.0000,2.22,0.8774,16.09,4,0
07588548-b941-4fbe-a052-a1c0f1c964c9,Mosquitoes,LivingAgent,38.313087,8.639874,true,757,ADULT,0.615,false,2519.0000,0.0000,2.21,0.8782,15.70,4,0
5ae1fe53-c303-448c-94f7-2d69afb2600c,Mosquitoes,LivingAgent,38.327785,8.599456,true,660,ADULT,0.669,false,2525.0000,0.0000,2.87,1.4071,15.20,7,0
064e54c2-ad45-486e-ad31-0b2dfaf9577c,Mosquitoes,LivingAgent,38.351137,8.665386,true,509,ADULT,0.803,false,2644.0000,1.0000,3.29,0.5474,16.29,7,0
1271402a-0701-4d49-a77d-c4ebf9230584,Mosquitoes,LivingAgent,38.340566,8.625974,true,756,ADULT,0.791,true,2592.0000,9.0000,22.63,0.6345,14.37,8,0
310bb384-cd3e-4106-a033-71a179502d21,Mosquitoes,LivingAgent,38.372501,8.617140,true,747,ADULT,0.619,false,2221.0000,0.0000,1.60,0.6354,14.10,2,0
f0818700-639a-4835-a2d1-ad957f2c79da,Mosquitoes,LivingAgent,38.363211,8.623869,true,838,ADULT,0.687,false,2195.0000,0.0000,2.14,0.6364,13.82,1,0
bb0954ae-0b01-49e4-8e2a-ed890cbe16e3,Mosquitoes,LivingAgent,38.297390,8.588245,true,943,ADULT,0.744,true,2533.0000,0.0000,1.65,1.4742,14.09,4,0
b821c8c8-26bc-4cc8-b441-4ce8edea9899,Mosquitoes,LivingAgent,38.322810,8.661604,true,724,ADULT,0.544,false,2491.0000,0.0000,2.13,0.8789,14.76,5,0
9d6aa2c4-7850-40a1-a993-998d19d49daa,Mosquitoes,LivingAgent,38.334537,8.675131,true,547,ADULT,0.772,false,2497.0000,0.0000,3.07,0.5502,15.64,3,0
03fa58d8-f2d4-4b47-a3ed-0d4bff669f2d,Mosquitoes,LivingAgent,38.377713,8.622020,true,649,ADULT,0.704,true,2363.0000,1.0000,1.20,0.6456,13.09,9,0
449113a9-ff23-40be-9b5b-29e3c8b53a77,Mosquitoes,LivingAgent,38.328985,8.638524,true,551,ADULT,0.761,false,2583.0000,0.0000,6.33,0.8797,14.06,5,0
7cf6a759-2377-40ca-a76b-5e5b909a9528,Mosquitoes,LivingAgent,38.302828,8.631885,true,800,ADULT,0.574,true,2520.0000,0.0000,3.32,0.8921,14.02,4,0
969bd998-280c-4128-8b83-ea2651f0a88e,Mosquitoes,LivingAgent,38.369156,8.610937,true,844,ADULT,0.825,false,2039.0000,0.0000,1.70,0.6630,12.75,3,0
4cd46862-9ece-4e50-a72e-d3e9c773dcf9,Mosquitoes,LivingAgent,38.284089,8.595775,true,936,ADULT,0.647,false,2557.0000,0.0000,1.87,1.6330,13.11,12,0
e69febc2-d1bf-44f9-a851-9c81a04d8a16,Mosquitoes,LivingAgent,38.342902,8.614104,true,758,ADULT,0.832,false,2584.0000,9.0000,25.92,0.6773,12.41,2,0
fd3f1c9a-189a-4c51-ac18-80579a956bc9,Mosquitoes,LivingAgent,38.289358,8.663985,true,618,ADULT,0.701,false,2656.0000,3.0000,2.59,0.9046,13.46,3,0
c00b9494-005c-4e56-b440-5a7c87f00034,Mosquitoes,LivingAgent,38.290621,8.630440,true,683,ADULT,0.988,false,2482.0000,0.0000,3.77,0.9046,13.46,3,0
efe75565-126b-470c-8939-3d670f7af14e,Mosquitoes,LivingAgent,38.308368,8.585843,true,590,ADULT,0.963,true,2524.0000,0.0000,0.87,1.6974,12.62,4,0
6759453d-7899-4e03-8f8c-17b70d3c6233,Mosquitoes,LivingAgent,38.319039,8.673432,true,793,ADULT,0.793,true,2464.0000,0.0000,1.24,0.9046,13.28,7,0
aa4f7cf2-f37a-4956-8742-1c5a3c5b1e36,Mosquitoes,LivingAgent,38.280179,8.630023,true,789,ADULT,0.951,false,2471.0000,0.0000,6.32,0.9046,13.02,3,0
c87f74ee-7fd4-4a8f-8e9e-52d56244d13c,Mosquitoes,LivingAgent,38.326677,8.663178,true,637,ADULT,0.502,false,2511.0000,0.0000,2.67,0.9046,12.89,2,0
0dbfe174-628a-4095-b0ad-3bc71415113d,Mosquitoes,LivingAgent,38.370881,8.598561,true,843,ADULT,0.884,false,1987.0000,0.0000,2.05,0.6773,11.80,8,0
5e78c6cd-127a-4486-bfc2-53abc7c5965b,Mosquitoes,LivingAgent,38.295040,8.602362,true,553,ADULT,0.679,false,2530.0000,0.0000,2.09,1.7906,12.23,7,0
96a40c12-e6ee-4ca6-a57a-41d0f5fd0100,Mosquitoes,LivingAgent,38.356846,8.623656,true,717,ADULT,0.576,true,2358.0000,0.0000,4.60,0.6796,11.72,9,0
4fbb5c9d-e717-42b8-8301-5261fc33b872,Mosquitoes,LivingAgent,38.282326,8.652650,true,652,ADULT,0.513,true,2559.0000,0.0000,4.37,0.9096,12.32,3,0
ebd9b922-7505-4f2f-bc53-088dde293a17,Mosquitoes,LivingAgent,38.352261,8.651767,true,929,ADULT,0.762,true,2485.0000,0.0000,1.58,0.5820,13.04,4,0
f724b77f-7f9d-41e5-a637-03db613f1ed2,Mosquitoes,LivingAgent,38.379178,8.581895,true,639,ADULT,0.769,false,2040.0000,0.0000,3.20,0.5248,11.61,9,0
ce4ce928-719e-48ae-8bbe-bdc97c8705a4,Mosquitoes,LivingAgent,38.333236,8.657140,true,636,ADULT,0.957,true,2609.0000,13.0000,6.58,0.3096,12.91,5,0
dbf3afec-438b-4c8a-9d94-7aa6c5720c05,Mosquitoes,LivingAgent,38.288446,8.591823,true,936,ADULT,0.636,false,2522.0000,0.0000,1.69,0.5518,12.42,5,0
1fda770a-3dcc-4a08-8021-5922f4892c4a,Mosquitoes,LivingAgent,38.351214,8.675948,true,962,ADULT,0.601,false,2692.0000,5.0000,2.78,0.0371,12.78,2,0
689d0751-fcab-48e1-824f-fc913a6aa7ab,Mosquitoes,LivingAgent,38.334833,8.671545,true,813,ADULT,0.852,false,2537.0000,0.0000,4.56,0.0746,12.77,3,0
214cbe95-f9dd-4890-b5bd-c25e1e3e7aa4,Mosquitoes,LivingAgent,38.353355,8.633324,true,810,ADULT,0.772,false,2480.0000,2.0000,6.89,0.0746,12.77,7,0
7da54524-d320-4901-a3a7-e6772b654aa2,Mosquitoes,LivingAgent,38.366804,8.578241,true,719,ADULT,0.624,false,2263.0000,0.0000,3.83,0.1636,12.04,7,0
220e718e-4808-48aa-a234-7a088b63ae2e,Mosquitoes,LivingAgent,38.357399,8.649436,true,667,ADULT,0.921,true,2482.0000,0.0000,1.36,0.1870,12.73,4,0
a7ee14fa-0d7a-44da-89fe-e8377a3a28dd,Mosquitoes,LivingAgent,38.376154,8.625749,true,496,ADULT,0.600,false,2511.0000,0.0000,1.27,0.2610,12.02,4,0
523c677c-e091-4395-9063-6e3e9d294425,Mosquitoes,LivingAgent,38.376249,8.592119,true,912,ADULT,0.895,true,1886.0000,0.0000,2.80,0.3171,11.98,6,0
76ca4ead-39aa-4d34-9f9d-57945356d18e,Mosquitoes,LivingAgent,38.342192,8.660239,true,649,ADULT,0.782,true,2571.0000,0.0000,8.07,0.3388,12.61,2,0
c556fb72-913f-4b51-85d2-d022c05552f8,Mosquitoes,LivingAgent,38.369939,8.675133,true,793,ADULT,0.906,false,2489.0000,0.0000,1.16,0.3894,12.57,4,0
c9c955bd-3337-4e59-9c43-c51bec32a3ed,Mosquitoes,LivingAgent,38.321682,8.655695,true,655,ADULT,0.696,false,2515.0000,0.0000,2.48,0.4425,12.72,5,0
76bdd6c6-8d8b-4afa-9d05-b35d28956633,Mosquitoes,LivingAgent,38.378445,8.601865,true,639,ADULT,0.829,true,2136.0000,0.0000,0.97,0.4295,11.89,7,0
c4ab70c7-3835-48bf-a272-468a6647944b,Mosquitoes,LivingAgent,38.294090,8.639565,true,495,ADULT,0.902,false,2456.0000,0.0000,2.88,0.4425,12.72,8,0
06eaf8d9-9fc5-4ea8-ab8c-a47bc2e83eaa,Mosquitoes,LivingAgent,38.371831,8.601884,true,677,ADULT,0.535,false,1941.0000,0.0000,2.03,0.4738,11.97,6,0
7ec1befd-f2ad-4f9d-96d0-c06610de7940,Mosquitoes,LivingAgent,38.306830,8.662375,true,896,ADULT,0.785,false,2453.0000,0.0000,2.58,0.4827,12.83,4,0
262bea1e-dcd4-4eb8-b598-29002329da39,Mosquitoes,LivingAgent,38.344312,8.604982,true,898,ADULT,0.659,true,2599.0000,44.0000,14.07,0.4738,11.97,2,0
6fcc6f25-3571-4929-bee9-11eda33818dd,Mosquitoes,LivingAgent,38.283894,8.600262,true,856,ADULT,0.533,false,2563.0000,0.0000,2.21,0.6982,12.55,10,0
81aec69b-ef87-482f-90ce-93f1ae17dde0,Mosquitoes,LivingAgent,38.303127,8.657709,true,683,ADULT,0.542,false,2459.0000,0.0000,2.80,0.6034,13.17,8,0
755c00b2-65d8-4301-aef3-531615615867,Mosquitoes,LivingAgent,38.337375,8.582533,true,586,ADULT,0.755,false,2489.0000,0.0000,6.74,0.6537,12.45,7,0
bfa06e0c-776b-4ce2-83dd-19af65bba1b1,Mosquitoes,LivingAgent,38.339816,8.641678,true,909,ADULT,0.513,false,2559.0000,0.0000,9.45,0.6865,14.07,4,0
51c149df-1b09-4aea-964f-ee54c123ff91,Mosquitoes,LivingAgent,38.372714,8.584416,true,609,ADULT,0.989,true,2044.0000,0.0000,3.80,0.7474,12.89,5,0
309ec462-b016-460e-ad8a-622b3759d2ac,Mosquitoes,LivingAgent,38.289904,8.613516,true,918,ADULT,0.542,false,2555.0000,0.0000,2.85,1.0567,13.76,5,0
7c3bac5a-e979-46de-b821-f27d294c7e3d,Mosquitoes,LivingAgent,38.299417,8.671194,true,814,ADULT,0.641,true,2477.0000,0.0000,3.19,0.7951,14.69,8,0
e16bdd3b-48d3-499d-b5c5-7a51068e95d4,Mosquitoes,LivingAgent,38.341860,8.610805,true,836,ADULT,0.824,false,2592.0000,60.0000,27.55,0.8404,14.03,3,0
d5e63053-0791-46fd-a8a2-b5ca9db74953,Mosquitoes,LivingAgent,38.338212,8.595708,true,701,ADULT,0.697,false,2571.0000,5.0000,3.55,0.8404,14.03,9,0
ff7058fc-7bcb-47e8-a9fa-35e774415c2c,Mosquitoes,LivingAgent,38.316647,8.641904,true,995,ADULT,0.921,true,2528.0000,0.0000,2.38,0.8429,15.55,7,0
6bec275e-2cf7-424e-8a41-e546d0083c06,Mosquitoes,LivingAgent,38.373810,8.636950,true,558,ADULT,0.896,false,2610.0000,0.0000,2.05,0.8377,16.47,8,0
eb6bd376-8931-4285-905a-df37e6b059f5,Mosquitoes,LivingAgent,38.285759,8.614880,true,751,ADULT,0.563,false,2574.0000,0.0000,3.16,1.2391,16.25,9,0
05be7d48-2ab3-47d8-be59-6156125a8c67,Mosquitoes,LivingAgent,38.363711,8.653466,true,920,ADULT,0.746,false,2488.0000,0.0000,1.32,0.9021,17.50,4,0
8920f17d-aef8-45ae-a728-d86defcbf8fe,Mosquitoes,LivingAgent,38.297661,8.633899,true,908,ADULT,0.510,false,2473.0000,0.0000,2.93,0.9932,17.53,1,0
2571eae4-2a75-406f-901b-f9563644f011,Mosquitoes,LivingAgent,38.360750,8.600604,true,692,ADULT,0.634,false,2250.0000,0.0000,2.48,1.0141,16.65,5,0
527caa10-284d-450d-837f-03ed4b03d425,Mosquitoes,LivingAgent,38.337457,8.616557,true,564,ADULT,0.985,false,2542.0000,0.0000,9.75,1.0410,16.93,7,0
1684d8a5-9585-43d2-b29f-175be56fd1f5,Mosquitoes,LivingAgent,38.315711,8.608569,true,726,ADULT,0.575,false,2585.0000,0.0000,1.82,1.4438,17.81,3,0
90c8ad96-57d9-47f8-9f56-238d1e1872a0,Mosquitoes,LivingAgent,38.368285,8.659362,true,551,ADULT,0.712,false,2504.0000,0.0000,1.17,0.9928,18.54,8,0
8378f398-7cc9-42b7-8288-a3de27dd3911,Mosquitoes,LivingAgent,38.328995,8.597579,true,946,ADULT,0.737,false,2521.0000,1.0000,2.76,1.4849,18.06,4,0
176a76d2-d18d-4a2e-aa50-46b60a0702ce,Mosquitoes,LivingAgent,38.291183,8.663410,true,711,ADULT,0.762,false,2626.0000,0.0000,2.68,1.1001,18.55,6,0
fc62bff2-b40c-4f92-b5d0-6da659f045d9,Mosquitoes,LivingAgent,38.373363,8.671143,true,769,ADULT,0.963,true,2504.0000,2.0000,1.03,1.0529,19.10,8,0
cc1fdc53-8593-4c5a-bec9-759bcdc1aa7d,Mosquitoes,LivingAgent,38.350234,8.613718,true,855,ADULT,0.520,false,2504.0000,0.0000,7.62,1.1741,18.02,2,0
58e7e373-5bf4-416f-921a-75c0a431cc8e,Mosquitoes,LivingAgent,38.353413,8.583691,true,748,ADULT,0.515,true,2365.0000,0.0000,3.99,1.1741,18.02,4,0
69695fc1-3b9f-4027-bda5-35bfc8205a6b,Mosquitoes,LivingAgent,38.309395,8.646922,true,807,ADULT,0.880,true,2463.0000,0.0000,1.76,1.1344,18.81,3,0
b93cef90-e7f1-4124-a561-c4c310dc8d83,Mosquitoes,LivingAgent,38.287091,8.612348,true,615,ADULT,0.669,false,2586.0000,2.0000,3.19,1.5259,18.31,4,0
34920d4f-f623-413b-aa65-2682ea14dee5,Mosquitoes,LivingAgent,38.379168,8.669968,true,752,ADULT,0.777,false,2565.0000,0.0000,1.00,1.0829,19.38,6,0
d15ec2b5-e54c-4228-9fce-0167f161de75,Mosquitoes,LivingAgent,38.374051,8.639684,true,659,ADULT,0.644,false,2637.0000,7.0000,2.10,1.1129,19.66,4,0
0f03a6c9-a7b4-42fb-80be-edbdaeebdf6a,Mosquitoes,LivingAgent,38.377741,8.654016,true,775,ADULT,0.943,true,2712.0000,0.0000,1.28,1.1490,19.89,2,0
a646b235-2c75-4969-95eb-a63602a14c28,Mosquitoes,LivingAgent,38.371471,8.617914,true,633,ADULT,0.511,false,2227.0000,0.0000,1.77,1.3181,18.77,5,0
e9a606e0-577f-47f3-81f5-d822020bf179,Mosquitoes,LivingAgent,38.375267,8.646315,true,590,ADULT,0.819,false,2668.0000,0.0000,2.10,1.1490,19.89,3,0
f83b905d-d433-4e03-b1dd-ada15707654f,Mosquitoes,LivingAgent,38.363867,8.614192,true,848,ADULT,0.684,false,2167.0000,0.0000,2.03,1.3829,18.99,7,0
63009c49-d915-405d-9cb6-47cbf38dc610,Mosquitoes,LivingAgent,38.310117,8.609657,true,995,ADULT,0.763,false,2665.0000,0.0000,1.73,1.7117,19.25,7,0
f6a72697-30ba-412d-ba1d-8093f280bcc6,Mosquitoes,LivingAgent,38.379686,8.638859,true,1003,ADULT,0.974,false,2662.0000,0.0000,2.32,1.1851,20.12,5,0
abaf53d7-0c8c-45ef-a605-40fa13ee1656,Mosquitoes,LivingAgent,38.301968,8.610924,true,818,ADULT,0.793,false,2601.0000,4.0000,2.33,1.7117,19.25,6,0
017b65f1-c6b5-48be-909a-1cd6b715299a,Mosquitoes,LivingAgent,38.287268,8.667859,true,927,ADULT,0.794,false,2578.0000,1.0000,2.30,1.2917,19.78,3,0
9cbafb5f-72a9-4583-b926-d730c8a907bb,Mosquitoes,LivingAgent,38.318353,8.620089,true,958,ADULT,0.829,true,2675.0000,0.0000,2.64,1.7117,19.25,5,0
02ab324a-bd08-4971-bdf5-ac968fc956a9,Mosquitoes,LivingAgent,38.318488,8.577342,true,831,ADULT,0.621,false,2493.0000,0.0000,1.11,1.7635,19.48,3,0
b0c8c61e-e4b8-45dc-9b0a-f7fb91d4eef9,Mosquitoes,LivingAgent,38.301801,8.584257,true,699,ADULT,0.532,false,2538.0000,0.0000,1.34,1.7635,19.48,4,0
e139b661-2e38-424a-bacc-0b70ab7eadac,Mosquitoes,LivingAgent,38.283935,8.600036,true,635,ADULT,0.570,true,2563.0000,0.0000,2.21,1.7635,19.48,8,0
7eefe7d5-72b1-49eb-8f0a-a0ac7abcfbfb,Mosquitoes,LivingAgent,38.304430,8.652526,true,535,ADULT,0.658,false,2454.0000,0.0000,2.72,1.3361,20.00,4,0
7d4da8dd-df35-4a9c-8bba-6622215555f1,Mosquitoes,LivingAgent,38.319172,8.625033,true,823,ADULT,0.502,false,2691.0000,0.0000,3.04,1.7635,19.48,6,0
f0a12e55-f09f-4885-bfcb-372fd63cf2d9,Mosquitoes,LivingAgent,38.325960,8.656089,true,867,ADULT,0.995,false,2565.0000,1.0000,4.09,1.3361,20.00,8,0
05f4b4ac-dcd6-4129-810f-c8899c6e40f1,Mosquitoes,LivingAgent,38.357598,8.580718,true,920,ADULT,0.599,true,2301.0000,0.0000,4.02,1.5124,19.43,2,0
842f56f1-f8cc-49ea-bd7c-cdc707b36d68,Mosquitoes,LivingAgent,38.283982,8.636727,true,846,ADULT,0.920,true,2448.0000,0.0000,5.99,1.3805,20.23,8,0
b4e7ae3b-0ab8-434b-9af6-9fade3516567,Mosquitoes,LivingAgent,38.378190,8.668995,true,755,ADULT,0.590,false,2564.0000,0.0000,1.03,1.3328,20.77,3,0
27bf7b28-af37-4bc0-9e07-fdc6da7551ae,Mosquitoes,LivingAgent,38.338928,8.617245,true,627,ADULT,0.716,false,2557.0000,12.0000,12.56,1.6841,19.59,8,0
d064f645-49b2-479f-b4dc-1d62439fa51f,Mosquitoes,LivingAgent,38.373517,8.663027,true,1011,ADULT,0.878,true,2537.0000,3.0000,1.04,1.4081,20.96,3,0
dca4be5b-a0cc-4638-8f07-e432bdda8d0e,Mosquitoes,LivingAgent,38.357632,8.582164,true,609,ADULT,0.875,false,2286.0000,0.0000,3.79,1.8558,19.74,7,0
0c46e16d-213a-46ca-8bb8-732e009a1d4e,Mosquitoes,LivingAgent,38.346647,8.633057,true,941,ADULT,0.636,false,2532.0000,0.0000,12.26,1.4081,20.96,3,0
999964cc-bb1e-4793-a0cb-ce5fe08a331b,Mosquitoes,LivingAgent,38.375611,8.623679,true,533,ADULT,0.541,false,2429.0000,0.0000,1.36,1.8558,19.74,5,0
e7d476a7-f7e8-4f59-9171-abb3288ec913,Mosquitoes,LivingAgent,38.284109,8.616078,true,954,ADULT,0.610,false,2580.0000,0.0000,2.94,2.5143,19.69,7,0
c93710e9-0587-401e-a1c0-f3bc9f62c228,Mosquitoes,LivingAgent,38.324395,8.593730,true,817,ADULT,0.993,false,2499.0000,0.0000,1.74,3.5094,19.10,8,0
1c453f96-4b73-4d24-95c8-6c235af9fa1e,Mosquitoes,LivingAgent,38.285963,8.584529,true,895,ADULT,0.827,false,2519.0000,0.0000,2.55,4.0070,18.80,8,0
1d0e07eb-9d60-46a0-ab2a-8441dd6173e5,Mosquitoes,LivingAgent,38.299752,8.593432,true,1025,ADULT,0.671,true,2569.0000,0.0000,1.30,4.0070,18.80,2,0
00dbce1e-f7d6-472f-8654-f72abb3e66b2,Mosquitoes,LivingAgent,38.313708,8.601966,true,872,ADULT,0.989,false,2590.0000,5.0000,1.51,4.0070,18.80,6,0
dfe78ad7-6055-4e56-a1c1-cabdcc4b74f7,Mosquitoes,LivingAgent,38.298098,8.621699,true,923,ADULT,0.706,true,2581.0000,0.0000,3.39,4.3123,18.68,5,0
4a29d7a3-a8bb-4b6b-8871-7bf8e046dcfe,Mosquitoes,LivingAgent,38.284382,8.639361,true,892,ADULT,0.862,true,2449.0000,0.0000,6.00,3.1949,19.33,4,0
064edf55-9331-4b10-8686-ded5a6d31d98,Mosquitoes,LivingAgent,38.344855,8.606344,true,873,ADULT,0.996,false,2587.0000,57.0000,21.04,5.5521,18.33,4,0
e7fda233-2670-495f-a41c-b030e51d08f8,Mosquitoes,LivingAgent,38.379641,8.653812,true,567,ADULT,0.862,false,2736.0000,4.0000,1.24,4.1679,19.21,5,0
f79a02f4-0902-45ba-809a-548bc267a613,Mosquitoes,LivingAgent,38.325667,8.618386,true,842,ADULT,0.518,true,2557.0000,0.0000,2.37,4.6176,18.57,4,0
0ec62bc9-b973-49fd-b552-d2b3d76a2557,Mosquitoes,LivingAgent,38.316267,8.645691,true,616,ADULT,0.957,true,2515.0000,0.0000,2.31,3.3669,19.21,7,0
36373922-cc93-492b-86cf-25461b0ca646,Mosquitoes,LivingAgent,38.351987,8.582469,true,1023,ADULT,0.567,false,2487.0000,0.0000,5.13,7.7342,17.79,4,0
4a28247d-b318-42cb-b8c5-2e8f55d2228f,Mosquitoes,LivingAgent,38.336310,8.643821,true,530,ADULT,0.907,false,2579.0000,0.0000,7.98,4.7294,18.98,3,0
623c368a-07c2-4947-910f-e6c48e123b94,Mosquitoes,LivingAgent,38.290983,8.626444,true,917,ADULT,0.831,false,2511.0000,0.0000,3.40,4.9229,18.46,6,0
696690d1-56f6-4684-992c-f250ff1a6ddb,Mosquitoes,LivingAgent,38.331484,8.592133,true,1021,ADULT,0.535,false,2503.0000,0.0000,2.50,8.8253,17.52,8,0
b20831e1-db92-4c16-980d-0f6cfd701c21,Mosquitoes,LivingAgent,38.349335,8.615622,true,944,ADULT,0.889,true,2498.0000,0.0000,9.73,8.9488,17.44,4,0
fdfe28db-6408-4d5c-8951-94a6386a9318,Mosquitoes,LivingAgent,38.293380,8.595413,true,586,ADULT,0.636,true,2522.0000,0.0000,1.52,5.3153,18.19,4,0
db61200d-01b0-4921-80fa-180a52d69967,Mosquitoes,LivingAgent,38.283607,8.580107,true,920,ADULT,0.664,false,2516.0000,0.0000,2.40,5.3588,18.12,4,0
6165b5e6-6b96-483e-817a-b6b5a0511c3f,Mosquitoes,LivingAgent,38.294599,8.618334,true,951,ADULT,0.793,false,2570.0000,0.0000,2.93,5.4023,18.05,3,0
f805fdf0-44c8-44cd-baf6-06f609c9c5c9,Mosquitoes,LivingAgent,38.300774,8.633418,true,570,ADULT,0.707,false,2510.0000,0.0000,2.99,3.9803,18.40,4,0
7a924990-8ec8-4fb6-a643-ad1e09c1caf7,Mosquitoes,LivingAgent,38.313155,8.601999,true,584,ADULT,0.646,false,2610.0000,0.0000,1.51,5.4501,17.69,4,0
06d4cf8a-0831-48e8-8030-f22c3212a0b8,Mosquitoes,LivingAgent,38.374588,8.629041,true,740,ADULT,0.717,false,2498.0000,0.0000,1.45,5.7181,17.96,4,0
7513c2f3-492d-4741-bc0b-a85ef5adb110,Mosquitoes,LivingAgent,38.303927,8.615364,true,712,ADULT,0.593,false,2613.0000,0.0000,2.51,5.4739,17.51,8,0
171309dd-b39a-4c01-bfd2-2b973fc9eae3,Mosquitoes,LivingAgent,38.341774,8.661266,true,1032,ADULT,0.620,true,2594.0000,0.0000,7.80,5.7665,17.47,7,0
146bb709-c51d-4ded-9c34-9a7b52996159,Mosquitoes,LivingAgent,38.282473,8.579583,true,757,ADULT,0.776,false,2519.0000,0.0000,2.23,5.5409,16.79,7,0
e74cae80-ea48-410b-ad3a-4ab960ee1df3,Mosquitoes,LivingAgent,38.303658,8.670410,true,878,ADULT,0.884,false,2459.0000,0.0000,2.96,4.1650,16.90,4,0
174d25d9-0544-4545-a6a1-cca9cded9113,Mosquitoes,LivingAgent,38.325332,8.632456,true,950,ADULT,0.958,false,2604.0000,0.0000,3.78,4.1747,16.65,5,0
cefb11c9-0ff3-4cfe-bda6-c0daf9ef943c,Mosquitoes,LivingAgent,38.312492,8.664370,true,749,ADULT,0.889,false,2457.0000,0.0000,1.40,4.1942,16.16,5,0
0ff2bb97-4a7a-4935-bb98-896c7b634908,Mosquitoes,LivingAgent,38.287603,8.650452,true,682,ADULT,0.749,true,2512.0000,0.0000,5.81,4.2049,15.99,4,0
00f8e860-f7ad-49b4-bc9b-9fd4bfaecc66,Mosquitoes,LivingAgent,38.340400,8.625895,true,556,ADULT,0.886,true,2592.0000,9.0000,22.63,9.4936,14.66,5,0
d0f3502b-8cc1-49df-ab39-0679d0b5c995,Mosquitoes,LivingAgent,38.347729,8.646245,true,659,ADULT,0.808,true,2548.0000,0.0000,2.91,5.8713,16.02,6,0
ea6b8612-f817-4387-979f-d5352f978e19,Mosquitoes,LivingAgent,38.302036,8.654670,true,764,ADULT,0.865,true,2463.0000,0.0000,2.88,4.2262,15.66,8,0
7206bf01-44c0-4199-aaf7-a3fd75b9a5f8,Mosquitoes,LivingAgent,38.373296,8.613106,true,837,ADULT,0.600,false,2177.0000,0.0000,1.55,9.5808,14.13,7,0
2b318e0f-22fe-4114-adb6-5bce07a3c703,Mosquitoes,LivingAgent,38.356279,8.612101,true,913,ADULT,0.766,false,2315.0000,0.0000,3.94,9.5808,14.13,5,0
59c9d0b3-e197-46cd-9db1-725ad406fe74,Mosquitoes,LivingAgent,38.368552,8.648104,true,955,ADULT,0.653,false,2538.0000,0.0000,1.33,5.9411,15.51,5,0
bc2c933a-d702-474d-8fae-28a1416563cc,Mosquitoes,LivingAgent,38.358311,8.639740,true,913,ADULT,0.755,false,2463.0000,0.0000,2.30,5.9831,15.26,5,0
ede45a93-5969-44a6-adbb-492b2b2d162d,Mosquitoes,LivingAgent,38.311831,8.640732,true,597,ADULT,0.615,false,2506.0000,0.0000,2.05,4.3345,15.02,3,0
70a45353-0443-476e-b660-9219c78ec337,Mosquitoes,LivingAgent,38.334309,8.609519,true,825,ADULT,0.984,false,2603.0000,16.0000,6.92,9.6686,13.78,4,0
770761dd-10c9-439e-ad8e-b0a2f0eadfc0,Mosquitoes,LivingAgent,38.363600,8.621199,true,656,ADULT,0.699,false,2211.0000,0.0000,2.05,9.7124,13.61,2,0
f674f036-3434-4e53-9881-8df6e8951b66,Mosquitoes,LivingAgent,38.314741,8.629504,true,723,ADULT,0.551,false,2612.0000,0.0000,3.53,4.4575,14.36,5,0
5a648ea2-b914-48e8-a42f-289f38594de4,Mosquitoes,LivingAgent,38.326425,8.606333,true,985,ADULT,0.927,false,2511.0000,0.0000,2.43,6.0582,13.73,3,0
337a7fc7-643b-4ffc-872b-6276b0f20c0d,Mosquitoes,LivingAgent,38.378064,8.661157,true,674,ADULT,0.648,true,2604.0000,0.0000,1.07,6.1680,14.12,7,0
8a64caec-d92f-4fb6-9dc3-f689881a6e55,Mosquitoes,LivingAgent,38.330658,8.617070,true,696,ADULT,0.525,true,2526.0000,1.0000,3.85,9.8899,13.03,2,0
7fa13135-99a0-42ec-b242-236e77b653b8,Mosquitoes,LivingAgent,38.371243,8.592613,true,604,ADULT,0.533,false,2057.0000,0.0000,1.82,9.8899,13.03,10,0
5815fe1f-e561-46c3-ba12-f2d2e6fbdeaf,Mosquitoes,LivingAgent,38.285620,8.605158,true,920,ADULT,0.874,true,2588.0000,6.0000,3.32,6.2232,13.07,4,0
ba953793-af45-44b5-a52b-0d15c214a7d5,Mosquitoes,LivingAgent,38.327629,8.635971,true,701,ADULT,0.718,true,2594.0000,0.0000,5.62,4.5976,13.75,5,0
dbe959a0-a397-4175-998d-bc70715c62c8,Mosquitoes,LivingAgent,38.358959,8.644432,true,688,ADULT,0.953,true,2468.0000,0.0000,1.61,6.3384,13.43,2,0
91c2ceb6-3c77-4e75-9119-9230ed254cc9,Mosquitoes,LivingAgent,38.364058,8.659756,true,729,ADULT,0.614,true,2478.0000,0.0000,1.24,6.3384,13.43,5,0
388ab701-5a96-4cda-8792-02d5df15d9ef,Mosquitoes,LivingAgent,38.305764,8.620751,true,934,ADULT,0.708,false,2607.0000,0.0000,3.05,6.3729,12.70,4,0
50d4d7fa-a7a9-44d6-94ca-5b3f0b60ca24,Mosquitoes,LivingAgent,38.303597,8.619494,true,614,ADULT,0.931,false,2600.0000,0.0000,2.94,6.4447,12.62,6,0
60e92564-7530-45ad-9df0-44d25c8e0785,Mosquitoes,LivingAgent,38.368232,8.643336,true,962,ADULT,0.629,false,2620.0000,0.0000,1.44,6.6199,13.19,4,0
626118fa-c4e4-4569-b383-2f8e27f05304,Mosquitoes,LivingAgent,38.334330,8.612833,true,889,ADULT,0.638,false,2559.0000,11.0000,6.17,10.3822,12.00,8,0
0786a425-0c91-4493-bae9-08a6a15e5639,Mosquitoes,LivingAgent,38.313375,8.654524,true,738,ADULT,0.606,true,2463.0000,0.0000,1.52,5.0166,13.13,8,0
c616a61b-32f8-4dfc-9a26-51d4878423a2,Mosquitoes,LivingAgent,38.354097,8.635473,true,834,ADULT,0.607,false,2468.0000,0.0000,5.78,6.8809,13.12,4,0
948e7c39-86eb-428b-9af2-7aee0bd6c5bf,Mosquitoes,LivingAgent,38.281963,8.674113,true,882,ADULT,0.817,false,2489.0000,0.0000,1.84,5.0868,13.13,2,0
c8efa553-6170-45be-89ff-e873b72fce3b,Mosquitoes,LivingAgent,38.322656,8.616605,true,705,ADULT,0.904,false,2574.0000,0.0000,2.14,6.8050,12.39,3,0
eb4f124d-c507-4a20-b859-97d4e4c88431,Mosquitoes,LivingAgent,38.337849,8.643049,true,854,ADULT,0.695,false,2578.0000,0.0000,7.84,6.9559,12.95,6,0
630b4cc4-1fa0-4c25-a9fe-596a02c8a7d2,Mosquitoes,LivingAgent,38.307485,8.584710,true,676,ADULT,0.856,true,2526.0000,0.0000,0.88,6.8471,12.28,3,0
74d9cc48-2999-4163-bcb2-98a4623343c7,Mosquitoes,LivingAgent,38.283311,8.623935,true,733,ADULT,0.833,false,2524.0000,0.0000,3.64,6.8893,12.17,3,0
857e5eae-5132-4db4-8437-6793726f15c5,Mosquitoes,LivingAgent,38.324745,8.606597,true,966,ADULT,0.500,false,2515.0000,0.0000,2.22,6.9315,12.06,4,0
b4f12ea2-e5c5-43de-a10f-68b1dfb1b8bb,Mosquitoes,LivingAgent,38.310454,8.626208,true,781,ADULT,0.572,true,2632.0000,0.0000,2.68,6.9315,12.06,7,0
26705219-ed6b-43ad-bd7b-59992a4fb530,Mosquitoes,LivingAgent,38.355411,8.608853,true,770,ADULT,0.518,false,2346.0000,0.0000,4.05,5.4052,11.58,13,0
20cd9bc5-7c41-4690-aac0-5b4117b38950,Mosquitoes,LivingAgent,38.374326,8.645552,true,593,ADULT,0.799,false,2637.0000,0.0000,2.07,1.7938,12.88,6,0
43e2becb-d992-49c0-b826-752ae1cb6d95,Mosquitoes,LivingAgent,38.303836,8.674993,true,1052,ADULT,0.892,false,2460.0000,0.0000,3.00,1.3292,13.01,6,0
56710770-310c-4cfe-9121-89fc7a53fe8c,Mosquitoes,LivingAgent,38.373468,8.624408,true,873,ADULT,0.958,false,2432.0000,0.0000,1.64,0.0680,11.67,5,0
e26ebcc9-227e-4da9-9f2c-461269631d8f,Mosquitoes,LivingAgent,38.332510,8.657472,true,997,ADULT,0.846,false,2577.0000,0.0000,5.92,0.0481,12.91,8,0
61f2f632-19f9-4381-a389-eff0911c38c0,Mosquitoes,LivingAgent,38.315261,8.626484,true,901,ADULT,0.896,false,2682.0000,0.0000,3.02,0.0683,12.21,5,0
c657b829-c115-450a-9fea-0663be503285,Mosquitoes,LivingAgent,38.301531,8.586468,true,921,ADULT,0.577,false,2550.0000,2.0000,1.35,0.0683,12.21,4,0
2a2d6e4d-9912-4ebc-b3de-3af3c7910c6e,Mosquitoes,LivingAgent,38.299039,8.649468,true,697,ADULT,0.617,false,2461.0000,0.0000,2.95,0.0551,12.99,5,0
70940b75-90fa-4dea-8d02-830871625933,Mosquitoes,LivingAgent,38.305925,8.590073,true,676,ADULT,0.534,false,2583.0000,0.0000,1.28,0.0732,12.20,6,0
33693b74-83e1-4a62-b900-174d5549e166,Mosquitoes,LivingAgent,38.368814,8.633860,true,861,ADULT,0.783,false,2499.0000,0.0000,1.80,0.0723,12.81,2,0
c4fb0afe-46eb-4425-b29b-6f14dd478fee,Mosquitoes,LivingAgent,38.302774,8.627630,true,667,ADULT,0.600,false,2545.0000,0.0000,3.29,0.0650,12.93,7,0
0509d49a-ed99-4fcd-a3d8-3545a9eff434,Mosquitoes,LivingAgent,38.306323,8.617110,true,614,ADULT,0.612,true,2653.0000,0.0000,2.03,0.0974,12.22,8,0
8e61870d-fae8-40b1-8fc9-f49f14e65c1e,Mosquitoes,LivingAgent,38.302818,8.656725,true,601,ADULT,0.995,false,2461.0000,0.0000,2.82,0.1007,12.92,4,0
e9dc922e-b925-45bd-b630-8c0a7cdcf7ac,Mosquitoes,LivingAgent,38.308755,8.641457,true,617,ADULT,0.799,true,2477.0000,0.0000,1.80,0.1657,12.87,3,0
2cb21f76-ba62-4c50-8233-282c038367e3,Mosquitoes,LivingAgent,38.331744,8.640426,true,853,ADULT,0.533,false,2600.0000,0.0000,11.73,0.2306,12.73,6,0
7bac045e-3868-4ca1-bda3-7c3dff85313c,Mosquitoes,LivingAgent,38.332774,8.655073,true,696,ADULT,0.536,false,2617.0000,12.0000,7.94,0.2948,12.70,5,0
2b8108ff-3950-460a-af13-b8e6041c7425,Mosquitoes,LivingAgent,38.282274,8.618250,true,895,ADULT,0.580,true,2577.0000,0.0000,2.80,0.3392,11.94,6,0
31fc3383-8cfc-4989-af56-70713e0e34de,Mosquitoes,LivingAgent,38.327835,8.598961,true,882,ADULT,0.813,true,2525.0000,0.0000,2.87,0.3392,11.94,3,0
1cd83d28-848e-45e4-8064-976457fd3224,Mosquitoes,LivingAgent,38.370446,8.654186,true,596,ADULT,0.967,false,2579.0000,6.0000,1.27,0.3590,12.67,5,0
89642f36-0b32-48c7-b098-9f7671226778,Mosquitoes,LivingAgent,38.346164,8.650915,true,1015,ADULT,0.777,true,2517.0000,0.0000,2.22,0.3590,12.67,5,0
31119b4f-279b-47be-b8f1-97556071c934,Mosquitoes,LivingAgent,38.296798,8.595463,true,633,ADULT,0.853,false,2535.0000,0.0000,1.34,0.4177,11.85,3,0
ea97f685-c9e6-4e8a-9388-ae4aec9f7d57,Mosquitoes,LivingAgent,38.346060,8.628780,true,862,ADULT,0.706,true,2535.0000,0.0000,15.06,0.4232,12.65,2,0
b7898abf-fdf7-4a16-a40b-0888e0e28edd,Mosquitoes,LivingAgent,38.352604,8.647332,true,998,ADULT,0.901,false,2515.0000,0.0000,1.76,0.4232,12.65,5,0
a2c375b7-f29c-4566-b661-8e9dfb234141,Mosquitoes,LivingAgent,38.332803,8.586238,true,666,ADULT,0.636,true,2508.0000,0.0000,2.40,0.3887,11.33,7,0
8d91e3b9-6973-487a-bacd-340425296e09,Mosquitoes,LivingAgent,38.321577,8.666136,true,687,ADULT,0.800,false,2472.0000,0.0000,1.52,0.3954,13.15,4,0
ccd14886-9ed6-444b-8c96-83f22b90784c,Mosquitoes,LivingAgent,38.304193,8.627438,true,815,ADULT,0.749,false,2564.0000,3.0000,3.31,0.3954,13.15,3,0
4ee8baed-4d7b-414b-bd94-9c7a4e436126,Mosquitoes,LivingAgent,38.281909,8.603686,true,627,ADULT,0.780,false,2617.0000,0.0000,3.62,0.4559,12.43,7,0
5494079a-dbf1-4a87-b976-89f51d095ded,Mosquitoes,LivingAgent,38.282703,8.595684,true,700,ADULT,0.818,false,2560.0000,2.0000,1.83,0.4559,12.43,7,0
c4fc42bb-09d3-4676-b070-3845c0861ee1,Mosquitoes,LivingAgent,38.321958,8.590177,true,652,ADULT,0.884,true,2497.0000,0.0000,1.40,0.4942,13.01,4,0
f5f43702-3b45-4ad3-aa33-2ec2bb6164de,Mosquitoes,LivingAgent,38.370584,8.599869,true,845,ADULT,0.853,false,2044.0000,0.0000,2.01,0.4489,12.33,7,0
16d30c28-caa2-437b-8837-2b048f529ddb,Mosquitoes,LivingAgent,38.286890,8.609249,true,842,ADULT,0.709,false,2624.0000,6.0000,3.40,0.4942,13.01,3,0
0d95a073-b495-4834-a51b-c5dfc159de87,Mosquitoes,LivingAgent,38.373260,8.621133,true,615,ADULT,0.650,false,2314.0000,0.0000,1.74,0.4489,12.33,4,0
205c9702-a92e-4c92-b3fe-59c1615cbb49,Mosquitoes,LivingAgent,38.375483,8.646782,true,695,ADULT,0.770,false,2656.0000,0.0000,2.05,0.5081,13.52,5,0
6e2d9f15-9fc3-4227-a802-fba2c99f5472,Mosquitoes,LivingAgent,38.365492,8.623454,true,1083,ADULT,0.581,false,2255.0000,0.0000,2.06,0.4790,12.83,2,0
f2fb6c21-97ed-4a26-a4ad-16ac19a739f2,Mosquitoes,LivingAgent,38.332503,8.641321,true,859,ADULT,0.504,false,2605.0000,4.0000,12.34,0.5506,13.95,7,0
fa496cf5-bf33-4bc4-9a22-f9a63b7c1339,Mosquitoes,LivingAgent,38.287713,8.666918,true,607,ADULT,0.748,false,2601.0000,0.0000,2.26,0.4652,14.05,3,0
891b4965-9386-47f0-b604-13b4a57eac5c,Mosquitoes,LivingAgent,38.376569,8.608325,true,906,ADULT,0.506,true,2161.0000,2.0000,1.09,0.5091,13.33,5,0
86700525-8840-470c-9e6d-681aeb59b822,Mosquitoes,LivingAgent,38.282857,8.646137,true,1089,ADULT,0.593,false,2497.0000,0.0000,7.10,0.5001,14.51,5,0
97df07d0-0672-4d2d-a835-4a8bd964b75f,Mosquitoes,LivingAgent,38.293343,8.613870,true,967,ADULT,0.852,true,2549.0000,0.0000,2.68,0.5765,14.59,4,0
ea97fa74-85d0-469d-ab47-75f17143dc47,Mosquitoes,LivingAgent,38.303415,8.592237,true,912,ADULT,0.889,false,2617.0000,4.0000,1.27,0.5765,14.59,4,0
a6120469-4a52-47eb-a627-ed93f4a7cc43,Mosquitoes,LivingAgent,38.357367,8.615937,true,948,ADULT,0.978,false,2271.0000,0.0000,2.77,0.5221,14.16,5,0
3dec7f48-18bf-4510-b827-5afd55ab4552,Mosquitoes,LivingAgent,38.363648,8.675444,true,697,ADULT,0.653,false,2583.0000,1.0000,1.64,0.6213,15.62,3,0
cd7098fc-62e0-4ea8-96f6-9613ae349643,Mosquitoes,LivingAgent,38.321536,8.616598,true,851,ADULT,0.934,false,2592.0000,0.0000,2.15,0.5882,15.41,5,0
5e1c2d51-4d65-4e6b-84d2-4dbfe568d4d1,Mosquitoes,LivingAgent,38.308755,8.633715,true,1089,ADULT,0.993,false,2548.0000,0.0000,2.29,0.5859,16.45,4,0
76702713-93ff-4e46-8bc3-12b63ebf2541,Mosquitoes,LivingAgent,38.284201,8.623289,true,637,ADULT,0.954,false,2533.0000,0.0000,3.22,0.7341,16.39,5,0
dc1a56dd-b45a-48f9-963a-5ef9d4834fa7,Mosquitoes,LivingAgent,38.369046,8.592436,true,840,ADULT,0.504,true,2106.0000,0.0000,1.52,0.7013,15.99,5,0
eb8b15ec-24dc-4d0f-9986-6a53ff980237,Mosquitoes,LivingAgent,38.318181,8.604173,true,662,ADULT,0.828,false,2546.0000,8.0000,1.81,0.8743,16.97,5,0
360128ed-5959-49cc-850a-fc937a6ea762,Mosquitoes,LivingAgent,38.316859,8.619231,true,836,ADULT,0.562,true,2692.0000,0.0000,2.54,0.9122,17.82,3,0
b71bcdd7-0bee-4047-b5c1-9cfd9f654aeb,Mosquitoes,LivingAgent,38.353676,8.622713,true,655,ADULT,0.684,false,2489.0000,0.0000,7.31,0.7933,17.17,4,0
c4b34d70-8c61-46ff-b325-42637c7741b8,Mosquitoes,LivingAgent,38.320639,8.670997,true,621,ADULT,0.917,false,2465.0000,0.0000,1.36,0.8029,18.67,5,0
866742f3-ef03-4d09-8b7e-4db17a347356,Mosquitoes,LivingAgent,38.326422,8.595539,true,662,ADULT,0.921,false,2516.0000,14.0000,1.82,0.9501,18.67,10,0
45b5ce72-80d0-4aba-a2a7-a543892e7202,Mosquitoes,LivingAgent,38.342735,8.579514,true,669,ADULT,0.761,false,2511.0000,0.0000,13.93,0.8769,18.65,8,0
f45e8195-6231-4d5c-ac8b-5418f8a10f00,Mosquitoes,LivingAgent,38.347213,8.586424,true,822,ADULT,0.661,false,2512.0000,7.0000,9.83,0.9005,18.96,6,0
c5f0ff3e-44ac-41d6-b304-44f9e3821119,Mosquitoes,LivingAgent,38.288421,8.608217,true,975,ADULT,0.744,true,2589.0000,0.0000,2.88,1.0315,19.70,2,0
8ce5f920-c238-46a0-9f66-6bddb2dfd5f3,Mosquitoes,LivingAgent,38.300497,8.576068,true,895,ADULT,0.882,true,2536.0000,0.0000,1.29,1.0586,20.05,3,0
6ed92e2d-ef02-495d-8f94-80061b97d7be,Mosquitoes,LivingAgent,38.364084,8.632890,true,738,ADULT,0.599,false,2458.0000,0.0000,2.45,1.0266,20.43,5,0
1c86298c-ccf1-4ee6-9f9f-84573ffc8c55,Mosquitoes,LivingAgent,38.354678,8.578171,true,830,ADULT,0.529,false,2447.0000,0.0000,11.14,0.9241,19.27,5,0
0d9ab505-33f8-4a3f-94af-d30d63626207,Mosquitoes,LivingAgent,38.346641,8.611407,true,954,ADULT,0.983,false,2558.0000,0.0000,14.51,0.9241,19.27,8,0
f61848a4-ddc1-490e-bc95-b8765a6248a0,Mosquitoes,LivingAgent,38.327266,8.618963,true,933,ADULT,0.931,false,2547.0000,0.0000,2.96,1.1308,20.20,6,0
29cdf4dd-a806-41b6-9add-475807793281,Mosquitoes,LivingAgent,38.358547,8.578951,true,659,ADULT,0.971,true,2307.0000,0.0000,7.61,0.9698,19.63,5,0
d70fa954-8497-4b97-bd2c-c08dbfb1a36e,Mosquitoes,LivingAgent,38.353006,8.592505,true,969,ADULT,0.888,false,2327.0000,1.0000,2.70,0.9927,19.80,6,0
51ccf87e-6247-4111-aca4-86aa3e50a965,Mosquitoes,LivingAgent,38.305791,8.665469,true,865,ADULT,0.579,false,2456.0000,0.0000,2.70,0.9875,21.21,5,0
f2ce9d63-beb0-404c-b928-235b8fbfefc6,Mosquitoes,LivingAgent,38.354158,8.650041,true,895,ADULT,0.833,false,2499.0000,0.0000,1.45,1.1069,21.10,4,0
9a9496cf-55de-4ecf-ab45-a7c5dcfe2c6c,Mosquitoes,LivingAgent,38.372657,8.609533,true,1004,ADULT,0.700,false,2144.0000,0.0000,1.52,1.0313,20.05,7,0
942f9667-fc0f-47d3-8c0a-00c9ca4b6192,Mosquitoes,LivingAgent,38.368660,8.587715,true,806,ADULT,0.784,true,2160.0000,0.0000,2.47,1.0313,20.05,8,0
e4b7f57c-9a10-4497-bfaf-7fc04d3b07b2,Mosquitoes,LivingAgent,38.284855,8.644346,true,1078,ADULT,0.900,false,2476.0000,0.0000,5.91,1.0089,21.28,9,0
f8ba064d-71aa-4b28-b0ee-921eeb557e19,Mosquitoes,LivingAgent,38.336447,8.666446,true,621,ADULT,0.761,false,2586.0000,18.0000,6.90,1.1182,21.19,6,0
30b5b8ac-a5e4-4c7a-bcd9-51db47fb29e4,Mosquitoes,LivingAgent,38.284964,8.650883,true,632,ADULT,0.924,false,2520.0000,0.0000,5.33,1.0089,21.28,7,0
ce3eb30a-67cd-483a-b1d7-632f3e4b2286,Mosquitoes,LivingAgent,38.296944,8.632237,true,1087,ADULT,0.659,true,2480.0000,0.0000,3.05,1.0517,21.44,3,0
768c32df-c956-4179-aa3f-35514c6e1da3,Mosquitoes,LivingAgent,38.305380,8.581468,true,845,ADULT,0.896,true,2530.0000,0.0000,1.33,1.5765,20.90,8,0
b06b6062-9728-4178-8b97-f22df11653d3,Mosquitoes,LivingAgent,38.312071,8.648724,true,974,ADULT,0.949,true,2473.0000,0.0000,1.84,1.2304,21.46,6,0
05396f1a-8a92-49a0-b905-8e69c11f43cf,Mosquitoes,LivingAgent,38.345916,8.663379,true,956,ADULT,0.642,true,2612.0000,0.0000,8.17,1.1878,21.57,5,0
32f35f36-d226-4e11-ab84-e796dc7bee58,Mosquitoes,LivingAgent,38.314565,8.642893,true,759,ADULT,0.551,true,2510.0000,0.0000,2.15,1.3091,21.43,2,0
44323479-2a4a-429d-940f-2bf09602c567,Mosquitoes,LivingAgent,38.339250,8.662100,true,724,ADULT,0.504,true,2629.0000,2.0000,9.08,1.1878,21.57,8,0
f282203f-de06-4eca-9758-fc9e74f6f6da,Mosquitoes,LivingAgent,38.351403,8.654733,true,755,ADULT,0.616,false,2491.0000,0.0000,2.14,1.1878,21.57,5,0
d5c2af4b-1e68-44d2-8431-117ee937d723,Mosquitoes,LivingAgent,38.302888,8.613604,true,665,ADULT,0.516,false,2632.0000,10.0000,2.42,1.7744,20.74,4,0
b10bfda4-cae5-470c-ae10-daeb33c0ccef,Mosquitoes,LivingAgent,38.325869,8.593352,true,919,ADULT,0.555,false,2517.0000,0.0000,1.81,1.7744,20.74,5,0
691d641a-5d25-42cc-8091-11aed5036a35,Mosquitoes,LivingAgent,38.371985,8.593182,true,887,ADULT,0.528,true,1991.0000,0.0000,1.89,1.1487,20.30,7,0
2874f7a1-3ea0-4d36-8cc1-1143291c571a,Mosquitoes,LivingAgent,38.319242,8.660469,true,756,ADULT,0.790,false,2471.0000,0.0000,1.97,1.3878,21.41,5,0
2a91cf24-0fb8-435c-955d-347f16f70492,Mosquitoes,LivingAgent,38.284423,8.612183,true,1000,ADULT,0.619,true,2624.0000,0.0000,3.89,1.8404,20.68,5,0
f84b0579-8107-4d43-8609-619fcd046aec,Mosquitoes,LivingAgent,38.362788,8.599968,true,959,ADULT,0.909,false,2227.0000,0.0000,2.06,1.1958,20.19,2,0
297ba8d9-5fa3-47f2-ab83-4f7dde3a61b3,Mosquitoes,LivingAgent,38.346617,8.658143,true,1036,ADULT,0.922,false,2539.0000,0.0000,4.39,1.2251,21.33,6,0
53222ad5-406e-416e-8d34-af2ea6f377c7,Mosquitoes,LivingAgent,38.378620,8.577773,true,851,ADULT,0.535,true,2159.0000,0.0000,2.68,1.2429,20.08,4,0
0c95ffbb-0523-458e-95d8-2d7e9b516ea7,Mosquitoes,LivingAgent,38.367173,8.602024,true,999,ADULT,0.767,false,2154.0000,0.0000,2.17,1.2429,20.08,7,0
d2d54adb-5eb3-4d88-839e-411977e3e40a,Mosquitoes,LivingAgent,38.374609,8.580200,true,1062,ADULT,0.829,false,2134.0000,0.0000,3.23,1.2900,19.96,3,0
bb0bad81-dee6-4037-999d-75aacc4815fb,Mosquitoes,LivingAgent,38.335880,8.652418,true,1072,ADULT,0.561,false,2591.0000,0.0000,4.97,1.2378,21.19,8,0
a24351c0-489c-4517-848f-e2e65b5859d1,Mosquitoes,LivingAgent,38.373656,8.586158,true,659,ADULT,0.551,true,2029.0000,0.0000,4.06,1.7784,19.48,2,0
503d2a7f-0d97-44dc-8cda-3a03bfdfafff,Mosquitoes,LivingAgent,38.295056,8.605774,true,1108,ADULT,0.637,true,2532.0000,0.0000,2.22,2.5357,19.79,6,0
0599e786-46c0-4384-bf92-bcd2c40703a8,Mosquitoes,LivingAgent,38.289490,8.655379,true,679,ADULT,0.849,true,2569.0000,3.0000,2.95,2.4096,20.06,3,0
d28d6ca3-4a59-41a5-bb23-56df9f5b77a0,Mosquitoes,LivingAgent,38.345758,8.591276,true,1101,ADULT,0.983,false,2516.0000,19.0000,11.80,2.6610,18.73,6,0
b353bb81-0e94-4dcb-8fc2-9254f26b5a76,Mosquitoes,LivingAgent,38.370071,8.617111,true,1038,ADULT,0.976,false,2218.0000,0.0000,1.81,3.1022,18.36,6,0
b611f5a5-95de-42f6-95c1-63ecd10c09cd,Mosquitoes,LivingAgent,38.305513,8.591201,true,807,ADULT,0.703,true,2588.0000,3.0000,1.30,4.1686,18.50,4,0
c776e147-d49d-4984-9320-dd13a5a07f33,Mosquitoes,LivingAgent,38.327163,8.619094,true,693,ADULT,0.515,false,2547.0000,0.0000,2.96,4.2319,18.35,5,0
81b136f8-b2d8-4506-a50d-e5d05999f4ed,Mosquitoes,LivingAgent,38.347410,8.628176,true,961,ADULT,0.980,true,2518.0000,0.0000,14.22,2.6768,19.34,5,0
e1eab295-c1b3-486e-b6fc-b1bb0d890e00,Mosquitoes,LivingAgent,38.335893,8.641271,true,1070,ADULT,0.661,false,2588.0000,0.0000,13.70,2.6768,19.34,5,0
5431f5d3-ceeb-4238-846b-246f15017dbb,Mosquitoes,LivingAgent,38.345904,8.651902,true,1004,ADULT,0.948,false,2524.0000,0.0000,2.23,2.7134,19.16,7,0
d6cbb4c8-6ec6-46c9-a987-4d4e022f9f0e,Mosquitoes,LivingAgent,38.329912,8.629665,true,954,ADULT,0.590,false,2554.0000,0.0000,4.46,3.3953,18.69,5,0
ab16c3fe-589b-4a72-9800-571118e252d0,Mosquitoes,LivingAgent,38.284528,8.625975,true,906,ADULT,0.647,true,2496.0000,0.0000,4.05,4.4027,17.74,5,0
c7cc559a-16af-410f-b590-02fd9b8a2dac,Mosquitoes,LivingAgent,38.307504,8.652132,true,997,ADULT,0.842,false,2453.0000,0.0000,2.65,3.4830,18.04,3,0
150c92cb-7c5d-4fca-9281-009e8f9eacb2,Mosquitoes,LivingAgent,38.311304,8.612866,true,1104,ADULT,0.507,true,2713.0000,0.0000,1.88,4.4467,17.43,3,0
bf46639b-2962-4927-9e84-493589377de0,Mosquitoes,LivingAgent,38.360975,8.654044,true,1026,ADULT,0.947,true,2472.0000,0.0000,1.34,2.9880,17.87,8,0
107ccf4f-9562-4a12-823b-2b88ee53453c,Mosquitoes,LivingAgent,38.359038,8.656440,true,1051,ADULT,0.787,false,2486.0000,0.0000,1.48,2.9880,17.87,5,0
b8e8f388-8b9a-41c5-a4eb-c81e4e450394,Mosquitoes,LivingAgent,38.372107,8.664183,true,743,ADULT,0.986,true,2537.0000,0.0000,1.07,2.9880,17.87,2,0
5bee3593-52c9-45ac-9ebf-4a9b172666da,Mosquitoes,LivingAgent,38.363302,8.672769,true,816,ADULT,0.894,false,2591.0000,0.0000,1.50,2.9880,17.87,8,0
5d0df025-8e2f-458d-b9e6-ce71ee09f912,Mosquitoes,LivingAgent,38.322694,8.584830,true,1029,ADULT,0.680,false,2493.0000,0.0000,1.40,4.5348,16.81,2,0
7b4d0c77-193e-44b4-82a2-5db492c7ba1d,Mosquitoes,LivingAgent,38.313688,8.586575,true,1090,ADULT,0.857,false,2516.0000,0.0000,0.98,4.5348,16.81,6,0
9361e923-d73e-4df1-b743-583d42473818,Mosquitoes,LivingAgent,38.356442,8.608153,true,973,ADULT,0.790,false,2263.0000,0.0000,3.64,3.6747,15.93,5,0
900b70fe-a409-4a0a-b73e-ae9137f8cadd,Mosquitoes,LivingAgent,38.358174,8.668741,true,749,ADULT,0.850,false,2608.0000,0.0000,1.81,3.4829,16.76,4,0
18b520c4-a6da-483e-ade7-37b0687c341e,Mosquitoes,LivingAgent,38.378250,8.670815,true,979,ADULT,0.762,false,2542.0000,0.0000,1.04,3.6907,16.39,5,0
43cfd0b9-d553-4793-8a8b-7d4aca17d4fd,Mosquitoes,LivingAgent,38.348574,8.664994,true,806,ADULT,0.848,false,2639.0000,4.0000,4.79,3.8984,16.01,5,0
0e72e55d-a16f-47f3-8dd6-4bdcd7d01666,Mosquitoes,LivingAgent,38.299156,8.627121,true,1032,ADULT,0.877,true,2540.0000,0.0000,3.39,4.1754,15.77,6,0
7bb4d7d1-d114-4e52-a1ad-3a149bf5184d,Mosquitoes,LivingAgent,38.351603,8.597676,true,737,ADULT,0.994,false,2389.0000,0.0000,3.22,4.0958,14.32,7,0
3feab3c2-044d-4992-b59a-b9a29dcb76a5,Mosquitoes,LivingAgent,38.324076,8.629528,true,848,ADULT,0.701,false,2601.0000,0.0000,3.10,4.2558,15.51,3,0
6a343923-5ea5-48a0-aee3-48a881605b36,Mosquitoes,LivingAgent,38.349497,8.602053,true,945,ADULT,0.926,true,2524.0000,0.0000,6.79,4.1748,13.99,2,0
7a923495-06d5-49a2-887e-c418ec4757c2,Mosquitoes,LivingAgent,38.307788,8.611598,true,910,ADULT,0.968,false,2693.0000,0.0000,1.80,5.1240,14.64,3,0
7cdb7ddd-d7ad-4987-a60b-5638125e1cb2,Mosquitoes,LivingAgent,38.324291,8.587190,true,1003,ADULT,0.619,false,2488.0000,0.0000,1.48,5.1794,14.46,3,0
0f37c566-0684-47a7-9284-0d119981f82e,Mosquitoes,LivingAgent,38.345248,8.665316,true,1028,ADULT,0.645,true,2610.0000,0.0000,8.94,4.3560,14.94,4,0
a05d6b87-7a33-40ee-a459-9129f7b06ca3,Mosquitoes,LivingAgent,38.368744,8.594297,true,866,ADULT,0.590,false,2106.0000,0.0000,2.00,4.2359,13.84,10,0
a4af0ef4-f10c-4d2b-8f4c-a6d0d5c85fa4,Mosquitoes,LivingAgent,38.292497,8.611711,true,670,ADULT,0.685,false,2556.0000,0.0000,2.71,5.1794,14.46,6,0
7008c063-d1f7-4d28-b0f4-c7393721be9c,Mosquitoes,LivingAgent,38.285405,8.593639,true,992,ADULT,0.620,true,2541.0000,0.0000,1.70,5.2349,14.27,6,0
abb7458b-a3a6-4e48-8c74-54a675db741b,Mosquitoes,LivingAgent,38.333718,8.600937,true,858,ADULT,0.877,false,2551.0000,0.0000,4.53,4.3582,13.53,7,0
e57ee7b9-f43f-4db2-889c-5882d297c980,Mosquitoes,LivingAgent,38.291435,8.585206,true,1099,ADULT,0.774,true,2516.0000,0.0000,2.46,5.3684,14.00,5,0
4ddce4b4-630d-4f49-8796-9c9f29dbedf3,Mosquitoes,LivingAgent,38.313851,8.611213,true,752,ADULT,0.867,false,2657.0000,0.0000,1.85,5.4075,13.96,4,0
4b0cfcd4-c535-45d7-9609-179bd81314a6,Mosquitoes,LivingAgent,38.313891,8.607249,true,1021,ADULT,0.828,false,2601.0000,2.0000,1.72,5.4465,13.92,4,0
e341a7fd-e74f-44df-b4e8-97eb562169fe,Mosquitoes,LivingAgent,38.354008,8.642356,true,1064,ADULT,0.787,true,2519.0000,3.0000,2.87,5.3403,14.26,4,0
10e9e4d8-6b5b-4943-9759-2f3d7a899af3,Mosquitoes,LivingAgent,38.365860,8.599942,true,810,ADULT,0.713,false,2174.0000,0.0000,2.14,4.5836,13.03,10,0
6748e518-68b0-4733-831f-c3b479f65b26,Mosquitoes,LivingAgent,38.322610,8.637366,true,815,ADULT,0.704,true,2662.0000,0.0000,3.66,5.3402,14.08,6,0
88a49499-2cc6-4708-bda3-0a2633d4dcb2,Mosquitoes,LivingAgent,38.379082,8.598508,true,842,ADULT,0.691,false,2055.0000,0.0000,1.04,4.6313,12.78,4,0
a53be0d2-e574-4fb8-b2b6-383ee60a360d,Mosquitoes,LivingAgent,38.339592,8.629321,true,1154,ADULT,0.691,false,2596.0000,9.0000,21.99,5.5113,13.88,5,0
82981308-4e7e-4e0c-85f4-dab61216fd2f,Mosquitoes,LivingAgent,38.378420,8.626123,true,1053,ADULT,0.876,false,2541.0000,0.0000,1.15,4.6706,12.54,1,0
1b249a24-02f2-4d3f-98b7-6f89eb26a24a,Mosquitoes,LivingAgent,38.319543,8.656766,true,721,ADULT,0.693,true,2488.0000,0.0000,2.18,5.3919,13.94,7,0
5160636e-d798-45b8-b357-8f2a88542889,Mosquitoes,LivingAgent,38.379233,8.660228,true,1056,ADULT,0.606,false,2649.0000,0.0000,1.03,5.5511,13.61,4,0
949f9847-b320-40c4-b1a5-1746cd814f14,Mosquitoes,LivingAgent,38.310579,8.585707,true,866,ADULT,0.730,false,2523.0000,0.0000,0.89,5.5535,12.49,5,0
2096fd63-1f58-4aa1-9b43-402e1792e133,Mosquitoes,LivingAgent,38.293783,8.647928,true,1153,ADULT,0.510,false,2474.0000,0.0000,3.04,5.4443,13.14,3,0
57f2733b-c4cb-482a-9b0d-7f4c91e81fb5,Mosquitoes,LivingAgent,38.333467,8.674683,true,914,ADULT,0.631,true,2498.0000,0.0000,3.43,5.5701,12.85,3,0
667ae1ca-c7ba-4118-8bc1-1832631ab49a,Mosquitoes,LivingAgent,38.288686,8.612157,true,1077,ADULT,0.723,false,2582.0000,3.0000,2.95,5.5595,11.68,5,0
8d5e8199-2204-46f4-a9cf-50e3dd6e499b,Mosquitoes,LivingAgent,38.349710,8.640895,true,1026,ADULT,0.664,false,2497.0000,0.0000,6.41,5.5722,12.40,4,0
99b0e5d0-1e77-4d92-bf8a-157a056fc4e2,Mosquitoes,LivingAgent,38.342026,8.585007,true,912,ADULT,0.710,false,2504.0000,12.0000,13.74,4.7239,11.10,5,0
c69cd5fb-a504-4d2c-a437-b5b8b0eb5b8d,Mosquitoes,LivingAgent,38.291840,8.606872,true,1078,ADULT,0.980,true,2562.0000,0.0000,2.55,5.5601,11.17,5,0
4a51ac31-214e-4ec6-9659-febc3412f646,Mosquitoes,LivingAgent,38.304642,8.594496,true,829,ADULT,0.550,false,2639.0000,0.0000,1.39,5.5604,11.00,7,0
de92ba9e-72fa-4f31-a852-d80ed262f982,Mosquitoes,LivingAgent,38.321754,8.584504,true,968,ADULT,0.835,false,2499.0000,0.0000,1.28,4.1703,11.00,6,0
9e7333c3-c2da-4855-aba9-d8af3194ea10,Mosquitoes,LivingAgent,38.308794,8.643553,true,860,ADULT,0.559,false,2470.0000,0.0000,1.83,1.3627,11.54,2,0
01b1b578-77fc-49fd-b670-1bda6de6dcd7,Mosquitoes,LivingAgent,38.363777,8.672880,true,887,ADULT,0.775,true,2589.0000,0.0000,1.48,0.0000,11.58,8,0
a2851c0d-9f46-4177-b362-80e9997ca740,Mosquitoes,LivingAgent,38.373672,8.616733,true,1017,ADULT,0.872,false,2216.0000,0.0000,1.50,0.0002,9.99,2,0
5c1c064c-85d5-4ed7-9060-40be4a3a2915,Mosquitoes,LivingAgent,38.362473,8.627506,true,691,ADULT,0.681,false,2260.0000,0.0000,2.41,0.0002,11.34,7,0
5462983e-ba1b-4b70-b9dd-85c8c54ff476,Mosquitoes,LivingAgent,38.369655,8.618520,true,1144,ADULT,0.613,false,2221.0000,0.0000,1.86,0.0004,9.88,1,0
962472d2-8674-46d8-83b0-c385fd4281fc,Mosquitoes,LivingAgent,38.327943,8.660705,true,768,ADULT,0.878,false,2529.0000,0.0000,3.42,0.0007,11.16,3,0
a95b5231-81fb-424a-83af-503ee14c7f01,Mosquitoes,LivingAgent,38.293753,8.639578,true,1045,ADULT,0.849,false,2456.0000,0.0000,2.88,0.0007,11.16,8,0
eb7bdfe1-f3b3-4fef-86d4-0458f5f38303,Mosquitoes,LivingAgent,38.325069,8.672098,true,979,ADULT,0.664,false,2474.0000,0.0000,1.82,0.0015,10.97,7,0
e1dfa849-a347-42b6-a93c-22cb4040d364,Mosquitoes,LivingAgent,38.286349,8.598656,true,815,ADULT,0.512,false,2536.0000,0.0000,2.04,0.0008,10.39,3,0
f362f5fc-3927-4d93-81c5-c0eeaef639b5,Mosquitoes,LivingAgent,38.303907,8.636231,true,1142,ADULT,0.916,false,2507.0000,2.0000,2.83,0.0021,10.90,7,0
7d37231e-cfcb-43e9-a599-c3593d049d3c,Mosquitoes,LivingAgent,38.290797,8.612267,true,682,ADULT,0.823,true,2555.0000,0.0000,2.81,0.0009,10.29,6,0
f878c31c-2868-4d65-8ebc-7363d4446a8b,Mosquitoes,LivingAgent,38.292369,8.578236,true,922,ADULT,0.958,true,2512.0000,0.0000,2.23,0.0010,10.20,7,0
30d1e27e-6cd9-4e2f-bc4e-733c99077507,Mosquitoes,LivingAgent,38.343927,8.668200,true,1059,ADULT,0.750,false,2635.0000,0.0000,10.87,0.0009,10.83,4,0
fccf3af3-7559-4faa-ad55-5edf58a350a1,Mosquitoes,LivingAgent,38.368508,8.623683,true,924,ADULT,0.607,false,2262.0000,0.0000,1.96,0.0007,9.43,9,0
3474dd90-070f-42c0-bbcb-49c529fb0d28,Mosquitoes,LivingAgent,38.292839,8.642533,true,852,ADULT,0.630,false,2448.0000,0.0000,3.07,0.0083,10.93,4,0
de1ec531-549a-49ec-abf1-f6dc86a751e9,Mosquitoes,LivingAgent,38.315797,8.602745,true,1027,ADULT,0.855,false,2555.0000,0.0000,1.75,0.0018,10.39,2,0
8cd338ea-17ac-41d7-b48d-001de276b00f,Mosquitoes,LivingAgent,38.291438,8.614674,true,967,ADULT,0.968,true,2551.0000,0.0000,2.85,0.0021,10.94,4,0
e8515749-fdd6-4507-95e7-ff34a1bb04f7,Mosquitoes,LivingAgent,38.280707,8.657850,true,705,ADULT,0.543,false,2645.0000,0.0000,2.52,0.0087,11.96,2,0
b2be472b-3c31-4a31-a1ac-5fc15816eaa9,Mosquitoes,LivingAgent,38.319361,8.657680,true,889,ADULT,0.979,false,2474.0000,0.0000,2.11,0.0087,11.96,3,0
776dd87b-ab0b-49f3-9134-7db158bdc422,Mosquitoes,LivingAgent,38.346258,8.636650,true,1020,ADULT,0.920,false,2521.0000,7.0000,8.83,0.0016,12.51,3,0
ad9369d7-733b-4799-8ec0-b91826fb3d68,Mosquitoes,LivingAgent,38.372852,8.609487,true,953,ADULT,0.936,true,2123.0000,0.0000,1.52,0.0011,11.27,6,0
f18f6a87-4aca-424f-8d12-120f2d8858e3,Mosquitoes,LivingAgent,38.373064,8.585530,true,850,ADULT,0.701,false,2043.0000,0.0000,3.63,0.0012,11.85,5,0
9919d836-a2ec-4b18-99b2-8b2a2bac54d5,Mosquitoes,LivingAgent,38.337253,8.620068,true,1141,ADULT,0.915,false,2544.0000,0.0000,12.20,0.0012,12.45,3,0
91472657-81bf-4b71-a079-449aa726a07f,Mosquitoes,LivingAgent,38.326163,8.577179,true,978,ADULT,0.585,false,2470.0000,0.0000,2.06,0.0027,13.86,4,0
5ef9863e-e3d8-4b0d-8ff2-eac76b5d9695,Mosquitoes,LivingAgent,38.293272,8.633346,true,1077,ADULT,0.694,true,2473.0000,0.0000,3.32,0.0094,14.84,7,0
f39f07c5-7393-4417-acd1-5274b0628257,Mosquitoes,LivingAgent,38.363470,8.645918,true,1168,ADULT,0.723,false,2498.0000,6.0000,1.36,0.0019,14.82,3,0
f08f1619-5ab8-4825-9f58-6fd56c5a6549,Mosquitoes,LivingAgent,38.373300,8.641884,true,863,ADULT,0.540,false,2639.0000,0.0000,2.04,0.0019,15.41,6,0
40660df0-e643-4bed-bb12-793606ccc9c8,Mosquitoes,LivingAgent,38.358877,8.588063,true,972,ADULT,0.869,false,2265.0000,0.0000,2.06,0.0012,14.24,4,0
b0dfc576-7963-4d64-8f84-338f570a772e,Mosquitoes,LivingAgent,38.343163,8.618476,true,785,ADULT,0.690,true,2557.0000,4.0000,18.73,0.0012,14.24,4,0
7faf2ee4-422d-42c8-9057-1d04b7ff1a45,Mosquitoes,LivingAgent,38.348992,8.599897,true,939,ADULT,0.963,false,2563.0000,0.0000,5.61,0.0225,14.97,3,0
44631d07-8c3e-46a7-beb2-ad1303c08396,Mosquitoes,LivingAgent,38.339209,8.590266,true,852,ADULT,0.841,true,2535.0000,1.0000,4.49,0.0439,15.70,4,0
12d855c2-0689-44b7-8876-cbfe3c07b90c,Mosquitoes,LivingAgent,38.304684,8.642130,true,1049,ADULT,0.790,false,2467.0000,0.0000,2.38,0.0656,17.66,4,0
78229cd5-364b-4e17-a578-eccdcdce86f1,Mosquitoes,LivingAgent,38.364269,8.644140,true,968,ADULT,0.741,false,2503.0000,0.0000,1.30,0.0528,17.72,8,0
19a55688-3c6c-42bd-a539-3a5a387c9a23,Mosquitoes,LivingAgent,38.352413,8.617237,true,915,ADULT,0.672,true,2440.0000,0.0000,4.92,0.0865,17.15,10,0
b3171aad-8a63-4256-af81-613e1ac735ab,Mosquitoes,LivingAgent,38.307040,8.628629,true,949,ADULT,0.784,false,2556.0000,2.0000,2.46,0.0844,18.40,4,0
6a09fcb4-ec3c-43ca-a66d-a987aacfa487,Mosquitoes,LivingAgent,38.376761,8.594206,true,995,ADULT,0.679,true,1873.0000,0.0000,2.64,0.1151,17.51,2,0
ee2f5b88-4b62-468d-ae52-b65358fb735b,Mosquitoes,LivingAgent,38.323134,8.664586,true,1150,ADULT,0.564,false,2480.0000,0.0000,1.94,0.1200,18.78,8,0
1ba596f9-73f4-4a99-8f51-b02741e71a17,Mosquitoes,LivingAgent,38.342080,8.593004,true,741,ADULT,0.974,true,2537.0000,13.0000,10.31,0.2006,18.60,6,0
37b8fe10-723e-4e62-91b8-d47f67894c50,Mosquitoes,LivingAgent,38.307820,8.654417,true,807,ADULT,0.985,false,2453.0000,0.0000,2.55,0.2902,20.48,3,0
5078fe18-e4f9-4661-b77b-922cd48f011b,Mosquitoes,LivingAgent,38.371350,8.657941,true,1053,ADULT,0.855,true,2563.0000,0.0000,1.23,0.2557,20.80,3,0
452883d0-805f-409d-8300-1b87a5e84937,Mosquitoes,LivingAgent,38.306854,8.644236,true,803,ADULT,0.915,false,2463.0000,0.0000,2.40,0.3219,20.75,4,0
9be98d04-fdca-472f-abfe-055d5566a76b,Mosquitoes,LivingAgent,38.295403,8.614640,true,1016,ADULT,0.649,false,2553.0000,0.0000,2.76,0.3163,20.51,7,0
c1d36550-875c-4f84-957f-574a9617cc16,Mosquitoes,LivingAgent,38.339175,8.605971,true,915,ADULT,0.595,false,2610.0000,52.0000,14.07,0.3313,19.73,6,0
ed18681f-4df8-4c8e-9d8d-7026d9ca7acf,Mosquitoes,LivingAgent,38.339867,8.667860,true,778,ADULT,0.995,true,2592.0000,0.0000,9.60,0.3205,21.26,3,0
08657963-ceca-4a09-a907-741252922510,Mosquitoes,LivingAgent,38.280280,8.582848,true,1185,ADULT,0.986,false,2522.0000,0.0000,1.63,0.3753,20.64,6,0
ad5ca1ca-97f7-4576-8266-f6ec79f3c81c,Mosquitoes,LivingAgent,38.345779,8.671346,true,919,ADULT,0.999,false,2636.0000,0.0000,8.03,0.3205,21.26,4,0
50c9905e-de94-44e7-b0de-a874c198c563,Mosquitoes,LivingAgent,38.328298,8.650612,true,791,ADULT,0.940,false,2600.0000,26.0000,8.27,0.4150,21.15,5,0
2a4ddde6-68f1-4b13-8f51-1b0051757013,Mosquitoes,LivingAgent,38.284081,8.643791,true,753,ADULT,0.973,false,2478.0000,7.0000,6.34,0.4150,21.15,4,0
286bbc1e-cd64-4190-bb19-7bb4f176b4c7,Mosquitoes,LivingAgent,38.358832,8.588732,true,1107,ADULT,0.520,false,2265.0000,0.0000,2.06,0.3758,19.90,2,0
4ac7bfaf-4a0c-45f3-a87b-ff7fc431adf5,Mosquitoes,LivingAgent,38.352177,8.581672,true,999,ADULT,0.549,false,2487.0000,0.0000,5.13,0.3758,19.90,2,0
0cdb291e-2e7e-454b-b1cb-79233465c3ed,Mosquitoes,LivingAgent,38.351539,8.614750,true,819,ADULT,0.925,true,2494.0000,0.0000,6.56,0.3758,19.90,6,0
6bd1498a-796a-481c-adc4-202b573e32d3,Mosquitoes,LivingAgent,38.300438,8.621498,true,787,ADULT,0.547,true,2574.0000,0.0000,3.28,0.4342,20.77,5,0
c3dcc9da-6cda-492c-9e6e-de8a64bde3c2,Mosquitoes,LivingAgent,38.345919,8.644338,true,890,ADULT,0.641,true,2546.0000,0.0000,4.17,0.3583,21.43,3,0
903f668c-7d9d-4bca-b025-6600f54c32a0,Mosquitoes,LivingAgent,38.280322,8.656365,true,798,ADULT,0.592,false,2628.0000,0.0000,2.56,0.5151,21.35,3,0
f448d1df-c321-4843-bc35-f1bb8abdc33f,Mosquitoes,LivingAgent,38.375858,8.628739,true,1041,ADULT,0.543,false,2519.0000,0.0000,1.44,0.3860,21.49,4,0
2d2500e4-416b-4941-b66d-0db5d9a1c735,Mosquitoes,LivingAgent,38.313783,8.591697,true,1060,ADULT,0.931,false,2512.0000,0.0000,1.21,0.5171,20.86,3,0
2eaa1df5-213c-42bd-825a-91c1c4b1d28f,Mosquitoes,LivingAgent,38.300359,8.598574,true,907,ADULT,0.845,false,2589.0000,6.0000,1.43,0.5171,20.86,4,0
c9a5334b-cd69-4bf4-b5dc-ebc46369f749,Mosquitoes,LivingAgent,38.340844,8.634914,true,918,ADULT,0.653,true,2580.0000,8.0000,17.51,0.4138,21.54,6,0
f269153a-59e4-4ab5-939c-62b8d248d3f8,Mosquitoes,LivingAgent,38.308962,8.625675,true,1144,ADULT,0.982,false,2625.0000,0.0000,2.73,0.6000,20.94,7,0
09157415-33f5-437b-915d-e17d2f7fd134,Mosquitoes,LivingAgent,38.323264,8.611443,true,1001,ADULT,0.987,false,2546.0000,0.0000,2.18,0.6386,21.19,5,0
5ff064f2-1b99-4d52-803b-d95822ec6d6b,Mosquitoes,LivingAgent,38.282995,8.612094,true,735,ADULT,0.649,false,2618.0000,0.0000,4.25,0.6386,21.19,3,0
ebbe9956-cfca-47c7-be58-7e7fa7a43971,Mosquitoes,LivingAgent,38.301088,8.606611,true,1109,ADULT,0.568,false,2577.0000,0.0000,1.67,0.6579,21.32,8,0
6b5d76c9-ff55-41e5-bba8-252939e7e007,Mosquitoes,LivingAgent,38.319247,8.591929,true,1038,ADULT,0.972,true,2508.0000,0.0000,1.46,0.7070,21.40,8,0
bd5b15d2-8ee3-4ce5-8420-ca24c17f49de,Mosquitoes,LivingAgent,38.301594,8.652273,true,1203,ADULT,0.870,false,2458.0000,0.0000,2.94,0.7089,21.96,3,0
d1f9fd20-6ee5-4f72-92e9-8affae4f6515,Mosquitoes,LivingAgent,38.354313,8.613807,true,1054,ADULT,0.824,false,2372.0000,0.0000,4.33,0.6153,20.56,7,0
d06805f4-6805-4904-bfe0-ef644354f3e2,Mosquitoes,LivingAgent,38.360115,8.585487,true,1088,ADULT,0.918,false,2238.0000,0.0000,2.18,0.6219,20.52,9,0
4df6e42d-09a3-4db0-804d-c8f40376f68d,Mosquitoes,LivingAgent,38.292814,8.624446,true,1141,ADULT,0.720,false,2531.0000,0.0000,3.22,0.8045,21.15,6,0
52af1563-1299-4fd0-a579-72c5961afe77,Mosquitoes,LivingAgent,38.289846,8.647272,true,732,ADULT,0.582,true,2477.0000,0.0000,5.08,0.7927,21.62,7,0
77a091e2-5527-447b-b4c5-44d38c4b1541,Mosquitoes,LivingAgent,38.350948,8.664930,true,727,ADULT,0.655,true,2634.0000,0.0000,3.27,0.6192,21.70,4,0
06e781fe-4cf4-4eb1-bf04-1b5a28c2f641,Mosquitoes,LivingAgent,38.361099,8.596384,true,903,ADULT,0.897,false,2246.0000,0.0000,2.28,0.6844,19.92,7,0
5f120227-aa8c-486d-b5ed-b25a5e109130,Mosquitoes,LivingAgent,38.322758,8.591558,true,896,ADULT,0.814,true,2496.0000,0.0000,1.62,0.8738,20.61,3,0
75644e4f-805b-4d2f-8935-9bc6a037ea6a,Mosquitoes,LivingAgent,38.368936,8.635376,true,1032,ADULT,0.647,false,2524.0000,0.0000,1.66,1.1612,20.59,3,0
eaf83bc9-895d-4720-8217-6ba4ad91bd0c,Mosquitoes,LivingAgent,38.340707,8.593512,true,1107,ADULT,0.773,false,2558.0000,15.0000,6.05,0.7692,19.37,4,0
cb5cef49-b85e-450c-bc8a-b6ce825bc430,Mosquitoes,LivingAgent,38.367156,8.593197,true,1209,ADULT,0.700,true,2157.0000,0.0000,1.46,0.8117,19.10,6,0
998dffc3-fe2d-40e6-bdc9-6a831d9c38cf,Mosquitoes,LivingAgent,38.291896,8.594209,true,772,ADULT,0.657,false,2523.0000,0.0000,1.49,0.9403,19.34,4,0
b999992c-aaf9-4441-9e8a-a3af3732dc89,Mosquitoes,LivingAgent,38.346768,8.675481,true,1044,ADULT,0.887,false,2634.0000,0.0000,3.32,1.3633,19.50,6,0
f33f4926-3081-4f28-a882-09316642fc0e,Mosquitoes,LivingAgent,38.282560,8.673578,true,1092,ADULT,0.813,false,2489.0000,0.0000,1.84,1.2483,19.66,2,0
de18a8ab-0d55-46ba-bd2c-7b4de8cab024,Mosquitoes,LivingAgent,38.347804,8.616455,true,812,ADULT,0.567,false,2509.0000,0.0000,12.98,0.8193,18.00,4,0
331955bc-2799-4b16-9ac1-b7aaadef3e17,Mosquitoes,LivingAgent,38.293388,8.587377,true,796,ADULT,0.741,true,2518.0000,0.0000,2.18,0.9430,18.92,7,0
ae8dfafd-a8a8-4846-9dcb-9a42231f44ce,Mosquitoes,LivingAgent,38.298677,8.668549,true,1094,ADULT,0.562,true,2499.0000,0.0000,3.18,1.2771,18.83,3,0
b7bbe179-9833-4fc8-aae0-7c1e894f5d7c,Mosquitoes,LivingAgent,38.353330,8.577877,true,1087,ADULT,0.884,false,2518.0000,11.0000,12.81,0.8308,17.22,3,0
faf90076-bf57-4440-a8c9-b82d2d3b3f53,Mosquitoes,LivingAgent,38.352540,8.594189,true,826,ADULT,0.979,true,2360.0000,0.0000,3.15,0.8308,17.22,7,0
012f2398-f1e8-49b8-8d2b-4b32437390de,Mosquitoes,LivingAgent,38.330452,8.623859,true,767,ADULT,0.805,true,2542.0000,0.0000,4.95,0.8398,16.82,6,0
2020508a-ced3-436e-947a-531be4f30f4d,Mosquitoes,LivingAgent,38.336392,8.607689,true,828,ADULT,0.659,true,2613.0000,54.0000,9.75,0.8577,16.00,6,0
c0506138-2457-4364-9db0-68e554727d04,Mosquitoes,LivingAgent,38.329496,8.656647,true,1158,ADULT,0.649,false,2585.0000,0.0000,6.33,1.3506,16.74,4,0
192e64b4-de53-4cd1-b5ca-1bfbd0016c17,Mosquitoes,LivingAgent,38.297142,8.652856,true,1083,ADULT,0.917,false,2497.0000,0.0000,3.20,1.3906,16.44,2,0
92a4d1e1-2482-40b7-8eb3-3490b802bb61,Mosquitoes,LivingAgent,38.287315,8.596300,true,1235,ADULT,0.522,true,2526.0000,0.0000,1.92,1.0891,16.36,7,0
25c7f004-e988-432b-93db-b768b104ace9,Mosquitoes,LivingAgent,38.373020,8.669027,true,809,ADULT,0.870,false,2536.0000,9.0000,1.01,1.6219,16.19,2,0
0fb2c14a-735f-4050-9464-14c4b57ed839,Mosquitoes,LivingAgent,38.331787,8.594610,true,812,ADULT,0.655,true,2504.0000,0.0000,2.67,0.9158,15.36,7,0
eed35a33-f423-4ca7-8882-7110e0fc6a56,Mosquitoes,LivingAgent,38.344231,8.619583,true,822,ADULT,0.688,false,2546.0000,0.0000,13.83,0.9449,15.04,5,0
89eda983-d33f-4f9d-b8b3-fdc2dd34e6ac,Mosquitoes,LivingAgent,38.366985,8.611665,true,815,ADULT,0.924,true,2092.0000,0.0000,1.74,0.9739,14.72,5,0
3ccd9b6a-0942-4c9f-9615-ebcdbe213009,Mosquitoes,LivingAgent,38.295280,8.662410,true,959,ADULT,0.788,true,2528.0000,6.0000,2.95,1.5105,15.78,6,0
e724b931-d0f1-4d54-9ca5-e41e96c8ee61,Mosquitoes,LivingAgent,38.349814,8.585214,true,1239,ADULT,0.739,false,2455.0000,0.0000,9.77,0.9739,14.61,10,0
5aa9b285-b47b-4e84-ba34-e7932690e443,Mosquitoes,LivingAgent,38.316773,8.596390,true,877,ADULT,0.933,true,2536.0000,0.0000,1.54,1.2406,15.71,3,0
2bf394c4-39c3-4476-a0af-7b6485cc9a0a,Mosquitoes,LivingAgent,38.369411,8.576405,true,847,ADULT,0.896,false,2214.0000,0.0000,3.78,0.9739,14.49,4,0
79dfbf59-4e73-48d8-a6bf-79e109160129,Mosquitoes,LivingAgent,38.357118,8.668546,true,1031,ADULT,0.880,true,2606.0000,0.0000,1.88,1.7161,16.54,6,0
9af23118-2340-4db4-95be-0eb7844cabe5,Mosquitoes,LivingAgent,38.319777,8.583848,true,926,ADULT,0.790,false,2548.0000,0.0000,1.05,1.2406,14.79,3,0
47d3ed17-8b14-4828-9c20-6e5cbf6457a3,Mosquitoes,LivingAgent,38.359191,8.646761,true,1216,ADULT,0.543,true,2464.0000,0.0000,1.41,1.7161,15.82,4,0
c5cfdd74-64dd-4ae8-b04d-cb57d02a2e4a,Mosquitoes,LivingAgent,38.293650,8.632547,true,1004,ADULT,0.631,false,2477.0000,0.0000,3.30,1.5105,15.59,6,0
610dce4c-4293-4464-aedc-c0254b1abce3,Mosquitoes,LivingAgent,38.331403,8.592021,true,776,ADULT,0.951,false,2503.0000,0.0000,2.50,0.9739,12.90,7,0
8331c24e-be95-40c1-b61f-7818667c34b5,Mosquitoes,LivingAgent,38.351843,8.654376,true,1200,ADULT,0.628,false,2493.0000,0.0000,1.89,1.7161,15.29,4,0
185758b3-1cca-4220-9118-efffafb2681b,Mosquitoes,LivingAgent,38.310200,8.583044,true,1042,ADULT,0.782,true,2511.0000,0.0000,0.87,1.2406,13.30,9,0
14eae2a1-638d-44ed-bec9-4e642f2a0c7e,Mosquitoes,LivingAgent,38.362250,8.637096,true,1043,ADULT,0.612,false,2462.0000,0.0000,2.19,1.7161,14.96,6,0
663a2208-90c1-4f98-84a7-32286e904135,Mosquitoes,LivingAgent,38.348815,8.581903,true,860,ADULT,0.933,false,2565.0000,0.0000,10.88,0.9739,12.16,5,0
4425221d-51db-4d96-82f5-1a7d4a413961,Mosquitoes,LivingAgent,38.378282,8.674408,true,776,ADULT,0.943,false,2548.0000,0.0000,1.06,1.7161,14.67,7,0
0bfc8f71-2f7f-4ab7-95fa-8817b0428ad8,Mosquitoes,LivingAgent,38.336123,8.658717,true,1244,ADULT,0.544,false,2606.0000,0.0000,4.86,1.7161,14.67,6,0
4ee08847-42bc-4b64-a604-ce6ebea01056,Mosquitoes,LivingAgent,38.339421,8.664593,true,791,ADULT,0.563,false,2636.0000,4.0000,12.12,1.7161,14.53,4,0
50211c99-0cb7-4a3b-8961-637ad659e85a,Mosquitoes,LivingAgent,38.324024,8.578241,true,791,ADULT,0.948,false,2481.0000,0.0000,1.63,1.2418,12.35,4,0
a72a4a3e-92d4-44df-87c7-c68271e88a30,Mosquitoes,LivingAgent,38.362183,8.591313,true,1210,ADULT,0.603,true,2245.0000,0.0000,1.62,0.9739,11.70,5,0
d24aa6f3-becf-40cd-8ce9-7a9b844ef864,Mosquitoes,LivingAgent,38.298228,8.617724,true,1231,ADULT,0.760,false,2560.0000,0.0000,2.88,1.2430,12.17,7,0
d176bab2-b8a1-4a6f-a993-710813550f35,Mosquitoes,LivingAgent,38.344396,8.610139,true,1114,ADULT,0.685,false,2578.0000,19.0000,26.47,0.9739,11.41,5,0
b632670f-04b0-49fd-8dc2-9371c1c19bb7,Mosquitoes,LivingAgent,38.305321,8.632833,true,774,ADULT,0.741,true,2533.0000,1.0000,3.31,1.5105,13.50,4,0
d45782ef-5ade-4258-9de3-62d13b708037,Mosquitoes,LivingAgent,38.316538,8.609124,true,1097,ADULT,0.922,false,2582.0000,0.0000,1.87,1.2458,11.69,6,0
310910b5-9ba3-4e54-aeac-25c1210f92e7,Mosquitoes,LivingAgent,38.356521,8.666093,true,1084,ADULT,0.913,false,2580.0000,0.0000,1.85,1.7161,13.31,3,0
3711ab3d-be78-4eb4-988a-31f3293f6dc4,Mosquitoes,LivingAgent,38.328974,8.590151,true,1101,ADULT,0.736,true,2490.0000,0.0000,2.24,1.2466,11.43,4,0
b4caf00a-2149-4fd7-8142-2130373892f4,Mosquitoes,LivingAgent,38.307072,8.597049,true,886,ADULT,0.870,false,2582.0000,0.0000,1.10,1.2471,11.30,8,0
a0e5fecd-3109-43ce-be82-0081e3e568f3,Mosquitoes,LivingAgent,38.336026,8.633910,true,906,ADULT,0.797,false,2611.0000,0.0000,16.79,1.2871,12.66,2,0
d7c1dad8-5ec1-4b10-9b3e-a27e4964a23b,Mosquitoes,LivingAgent,38.307466,8.595806,true,1002,ADULT,0.527,false,2570.0000,0.0000,1.06,0.9353,11.19,1,0
557f7ac9-5580-4139-a709-17f8f3eb6acd,Mosquitoes,LivingAgent,38.312449,8.665639,true,988,ADULT,0.663,false,2458.0000,0.0000,1.39,1.1329,12.14,3,0
d033fbc6-4eb0-4341-ad7e-812727c4b0b1,Mosquitoes,LivingAgent,38.281159,8.655722,true,813,ADULT,0.788,false,2612.0000,0.0000,2.86,0.7553,11.92,4,0
b7190157-c24c-416b-b6ff-5fbea796c876,Mosquitoes,LivingAgent,38.297741,8.614122,true,1068,ADULT,0.718,true,2556.0000,0.0000,2.68,0.6235,11.08,2,0
4ab4e49b-bed0-4c8f-a8c5-b24cd6f0b759,Mosquitoes,LivingAgent,38.352924,8.581956,true,798,ADULT,0.574,false,2438.0000,0.0000,4.50,0.2435,10.48,7,0
76a71aeb-2be1-4a2c-821d-f6d3f0a2c6d9,Mosquitoes,LivingAgent,38.289409,8.595407,true,1181,ADULT,0.852,true,2524.0000,0.0000,1.82,0.0000,10.80,8,0
e46488de-52ff-4d6e-a6e4-00803c03b51f,Mosquitoes,LivingAgent,38.330426,8.585608,true,1249,ADULT,0.848,false,2501.0000,0.0000,2.29,0.0000,10.22,6,0
3e93db8c-79e9-48a7-8724-c57ce422b31e,Mosquitoes,LivingAgent,38.317277,8.576866,true,1004,ADULT,0.922,true,2488.0000,0.0000,1.02,0.0000,10.76,6,0
38f97d8f-56ef-41d4-9d2b-75b742565d60,Mosquitoes,LivingAgent,38.288192,8.587215,true,915,ADULT,0.508,false,2518.0000,0.0000,2.10,0.0000,10.76,4,0
7b6a789b-c5d4-4028-8c4c-ff370b6671be,Mosquitoes,LivingAgent,38.322250,8.628117,true,986,ADULT,0.602,false,2632.0000,0.0000,3.01,0.0000,11.36,4,0
d7248c7d-ec58-407c-b738-7112ebccff67,Mosquitoes,LivingAgent,38.304907,8.611644,true,998,ADULT,0.790,true,2652.0000,3.0000,2.41,0.0000,10.76,4,0
b51a315e-6a77-4df9-904e-e3f4826842a9,Mosquitoes,LivingAgent,38.363667,8.637537,true,1076,ADULT,0.967,true,2500.0000,0.0000,1.94,0.0000,12.06,4,0
ba0cf8d8-0fca-48b4-ac9e-49d477b70e9b,Mosquitoes,LivingAgent,38.284670,8.639495,true,1161,ADULT,0.604,false,2444.0000,0.0000,5.25,0.0000,11.29,5,0
a2204523-8429-4ef1-8377-e2e32c0e5c6d,Mosquitoes,LivingAgent,38.329202,8.675452,true,954,ADULT,0.958,false,2483.0000,0.0000,2.81,0.0000,11.29,4,0
ac2c7c9e-5eac-4808-93c2-d1d037d79101,Mosquitoes,LivingAgent,38.295039,8.643216,true,1004,ADULT,0.991,true,2449.0000,0.0000,2.93,0.0000,11.23,6,0
086de1d3-6207-4db0-8c1a-1c93986baac8,Mosquitoes,LivingAgent,38.361751,8.614338,true,1089,ADULT,0.511,false,2206.0000,0.0000,2.07,0.0000,10.00,4,0
7bb76016-c667-488b-963b-ae083b94b6b0,Mosquitoes,LivingAgent,38.367463,8.576882,true,826,ADULT,0.748,true,2266.0000,0.0000,3.36,0.0000,9.94,3,0
fb65ab47-a7eb-45ce-8df7-478add883201,Mosquitoes,LivingAgent,38.302546,8.598627,true,932,ADULT,0.899,false,2622.0000,0.0000,1.47,0.0008,10.54,4,0
8ec4673c-d9eb-4e80-aa80-9206229d02e9,Mosquitoes,LivingAgent,38.335837,8.621781,true,794,ADULT,0.697,false,2547.0000,0.0000,10.69,0.0000,9.80,6,0
6c9bc9b6-ceb8-4337-ad89-b87c048eedc9,Mosquitoes,LivingAgent,38.334135,8.582771,true,909,ADULT,0.622,true,2506.0000,0.0000,3.43,0.0000,9.94,5,0
37842342-7286-4842-912a-3e3361da7d9c,Mosquitoes,LivingAgent,38.280987,8.591066,true,970,ADULT,0.953,false,2544.0000,0.0000,1.51,0.0012,10.65,8,0
1978678d-1a9f-4334-98bd-829d4e59505f,Mosquitoes,LivingAgent,38.327428,8.594855,true,855,ADULT,0.937,false,2522.0000,2.0000,1.86,0.0016,10.96,7,0
e6ba9d2a-fdcf-4fe4-8f33-773408cc07f5,Mosquitoes,LivingAgent,38.283320,8.634745,true,1221,ADULT,0.942,false,2451.0000,0.0000,7.20,0.0000,11.56,5,0
10740a1e-6bbb-4d4d-80a6-845e8d0e822f,Mosquitoes,LivingAgent,38.322290,8.619027,true,1252,ADULT,0.950,false,2598.0000,0.0000,2.59,0.0016,10.96,9,0
6582f3ca-146b-447d-b5a5-c48676720098,Mosquitoes,LivingAgent,38.345600,8.618581,true,922,ADULT,0.579,false,2536.0000,0.0000,12.95,0.0000,12.21,4,0
82773e2b-b8fb-4123-847b-27a0e1cd998c,Mosquitoes,LivingAgent,38.292401,8.641953,true,988,ADULT,0.911,true,2450.0000,0.0000,3.30,0.0000,14.38,6,0
664ca125-3f3a-4e01-b42a-2c98c478b8e9,Mosquitoes,LivingAgent,38.352201,8.621376,true,1185,ADULT,0.556,false,2503.0000,0.0000,7.49,0.0000,14.04,6,0
a2ee1e63-e74b-4eee-a6ed-71aeb37f0c56,Mosquitoes,LivingAgent,38.356427,8.675441,true,877,ADULT,0.732,true,2602.0000,0.0000,2.03,0.0000,16.38,4,0
0e922d30-eba2-4db5-a79f-8ff617f6edd3,Mosquitoes,LivingAgent,38.377980,8.644553,true,1225,ADULT,0.965,false,2695.0000,0.0000,2.15,0.0000,16.93,6,0
40e945b5-4634-4766-8da9-35dd16372528,Mosquitoes,LivingAgent,38.330712,8.604347,true,1157,ADULT,0.765,false,2550.0000,0.0000,3.88,0.0000,16.07,4,0
c01fa3a3-0f5a-40c6-8d26-2a6e7d8817dd,Mosquitoes,LivingAgent,38.324937,8.616199,true,928,ADULT,0.591,false,2542.0000,0.0000,2.27,0.0453,17.37,1,0
414ba319-253d-4e26-afd9-859818100bd9,Mosquitoes,LivingAgent,38.339582,8.615291,true,865,ADULT,0.733,true,2568.0000,1.0000,23.07,0.0375,16.53,5,0
a27a2975-5540-4ded-8346-36ee971bc709,Mosquitoes,LivingAgent,38.377292,8.669448,true,1195,ADULT,0.771,false,2563.0000,0.0000,1.04,0.0678,18.41,5,0
12670502-d1f7-4044-b82d-f4b5fb9d96be,Mosquitoes,LivingAgent,38.325569,8.662245,true,1261,ADULT,0.895,false,2514.0000,0.0000,2.27,0.1014,18.89,3,0
41ad8fc3-1d5c-44cd-ab5c-215fce6b60db,Mosquitoes,LivingAgent,38.375771,8.579060,true,917,ADULT,0.979,false,2158.0000,0.0000,3.06,0.1126,17.45,7,0
931bcdd7-97e3-4407-affe-088ebf936a76,Mosquitoes,LivingAgent,38.343934,8.656153,true,1086,ADULT,0.562,false,2531.0000,0.0000,3.93,0.1356,19.33,2,0
c15e2cdc-9786-4db9-852c-d41e239a4444,Mosquitoes,LivingAgent,38.312704,8.636339,true,829,ADULT,0.592,false,2538.0000,0.0000,2.31,0.1573,19.62,5,0
a30bf4ee-1932-43a3-8696-01a6df413d84,Mosquitoes,LivingAgent,38.341020,8.653267,true,1296,ADULT,0.921,false,2548.0000,0.0000,2.66,0.1756,19.85,6,0
385498f4-62ae-45d7-9153-2e9b0b365b9a,Mosquitoes,LivingAgent,38.365770,8.614094,true,1209,ADULT,0.863,true,2108.0000,0.0000,1.95,0.2345,18.95,10,0
8123bd08-5b3e-49c1-b51d-2e80907c3dad,Mosquitoes,LivingAgent,38.372873,8.640331,true,1251,ADULT,0.944,true,2635.0000,0.0000,2.02,0.2779,20.84,4,0
e67e20dc-0672-4a0d-be9d-ec4dbf26b342,Mosquitoes,LivingAgent,38.317331,8.647960,true,1300,ADULT,0.664,false,2503.0000,0.0000,2.34,0.2955,21.11,5,0
443ccd30-7ecd-423c-a808-8859c24e5954,Mosquitoes,LivingAgent,38.358336,8.599108,true,1045,ADULT,0.610,false,2266.0000,0.0000,2.62,0.3443,19.84,7,0
0927ef74-2b91-4bcf-9b09-5bdf13b73bad,Mosquitoes,LivingAgent,38.341302,8.582515,true,1184,ADULT,0.505,false,2503.0000,10.0000,16.29,0.3741,19.91,5,0
23f588b4-bfd6-4fa1-bd9e-9e2bac8a8f32,Mosquitoes,LivingAgent,38.351818,8.639013,true,1001,ADULT,0.632,true,2488.0000,2.0000,6.73,0.4109,21.46,6,0
80bd4573-46af-43e7-96ea-33581503f76e,Mosquitoes,LivingAgent,38.280845,8.652536,true,1088,ADULT,0.844,false,2557.0000,0.0000,4.66,0.4265,21.68,6,0
5ded4393-fd06-4e12-a2d2-c880441a49a4,Mosquitoes,LivingAgent,38.357681,8.670074,true,834,ADULT,0.996,false,2622.0000,0.0000,1.92,0.5176,21.72,5,0
3d40f5cd-4532-48d9-9655-89dbde8f70ad,Mosquitoes,LivingAgent,38.325060,8.605112,true,863,ADULT,0.690,false,2508.0000,0.0000,2.26,0.5790,21.21,6,0
83d59198-aa2f-43a9-a28d-634fbc70aaf1,Mosquitoes,LivingAgent,38.357219,8.586675,true,974,ADULT,0.747,false,2276.0000,0.0000,2.32,0.5491,20.39,3,0
a01f613f-bf7f-41ff-9b3a-a6a5279c6fed,Mosquitoes,LivingAgent,38.341938,8.613097,true,1054,ADULT,0.639,false,2584.0000,37.0000,25.01,0.5491,20.39,3,0
41b647a5-7d5a-4349-8ece-aeb1f1e8deab,Mosquitoes,LivingAgent,38.321894,8.626018,true,1055,ADULT,0.659,true,2642.0000,0.0000,2.92,0.6749,21.42,9,0
846dd2d1-90ce-46cc-8ba4-5e194ead5b85,Mosquitoes,LivingAgent,38.299213,8.640528,true,1303,ADULT,0.788,false,2459.0000,0.0000,2.69,0.5507,22.15,4,0
5c3af946-0110-4b4f-a1f7-74fedb8cf765,Mosquitoes,LivingAgent,38.340698,8.632443,true,986,ADULT,0.753,true,2604.0000,3.0000,19.21,0.6464,22.10,4,0
5d79afab-d825-4748-b2e4-0a78eb646184,Mosquitoes,LivingAgent,38.319466,8.627456,true,1230,ADULT,0.742,false,2699.0000,0.0000,3.11,0.5862,22.29,7,0
2b598b78-dc22-4590-9258-fec4edf1b6a7,Mosquitoes,LivingAgent,38.286422,8.665338,true,828,ADULT,0.543,false,2601.0000,0.0000,2.19,0.6039,22.35,3,0
bf314aab-6ed9-4c31-82bd-9ddaaca602c5,Mosquitoes,LivingAgent,38.331633,8.597572,true,849,ADULT,0.765,false,2508.0000,0.0000,3.05,0.6291,20.71,1,0
0abfd6f8-47e2-4d88-8bc0-ae82b9219515,Mosquitoes,LivingAgent,38.299377,8.624255,true,1092,ADULT,0.676,true,2578.0000,2.0000,3.46,0.9156,21.61,9,0
28a55aab-9ebf-40a8-8241-2ef001f639dc,Mosquitoes,LivingAgent,38.321610,8.642346,true,906,ADULT,0.616,true,2614.0000,0.0000,2.99,0.6039,22.35,10,0
2cc91fda-11e3-4415-85fe-ad0c64747849,Mosquitoes,LivingAgent,38.362622,8.639257,true,979,ADULT,0.816,false,2476.0000,0.0000,1.74,0.7625,22.02,6,0
d0a996d9-2517-4917-8a29-8f0e2ec41887,Mosquitoes,LivingAgent,38.297488,8.591847,true,1053,ADULT,0.990,false,2534.0000,0.0000,1.39,0.9396,21.48,1,0
7097641f-d27b-4604-84bb-f1ad17c648a2,Mosquitoes,LivingAgent,38.353201,8.590255,true,1186,ADULT,0.922,false,2314.0000,0.0000,3.05,0.6540,20.58,8,0
8fdf5a65-6344-4823-a9bd-79f1597eff5c,Mosquitoes,LivingAgent,38.338735,8.639869,true,954,ADULT,0.771,false,2562.0000,1.0000,12.36,0.8577,21.82,3,0
f40898e2-081f-4b83-8391-6d42d470559a,Mosquitoes,LivingAgent,38.300980,8.589373,true,1088,ADULT,0.761,true,2572.0000,0.0000,1.34,0.9876,21.22,3,0
81a499cb-0b05-4346-9240-4bc55a5c7999,Mosquitoes,LivingAgent,38.285391,8.637668,true,1067,ADULT,0.677,true,2451.0000,0.0000,4.66,0.7494,21.64,5,0
266878b3-b1fd-4d6b-a10c-6bf592e1cc01,Mosquitoes,LivingAgent,38.328310,8.636673,true,935,ADULT,0.551,true,2592.0000,0.0000,5.61,0.7494,21.64,4,0
fb693ed7-197b-4922-9847-a4224d37f462,Mosquitoes,LivingAgent,38.322007,8.634298,true,929,ADULT,0.812,false,2647.0000,0.0000,3.74,0.7529,21.48,6,0
a1cc940b-6899-49c5-bf33-b49e9a8932ea,Mosquitoes,LivingAgent,38.358464,8.610596,true,927,ADULT,0.884,false,2251.0000,4.0000,2.93,0.7497,19.89,4,0
39784f0e-eb3e-4ca4-be6e-c6971c3be915,Mosquitoes,LivingAgent,38.338691,8.598798,true,916,ADULT,0.994,false,2604.0000,17.0000,5.70,0.7603,19.75,4,0
836b4077-6acc-402e-9d4f-fee46816a8c2,Mosquitoes,LivingAgent,38.360835,8.591329,true,1205,ADULT,0.645,false,2242.0000,0.0000,1.68,0.7709,19.61,5,0
7f3832a7-755b-41db-895a-143e987b55c8,Mosquitoes,LivingAgent,38.312514,8.603079,true,826,ADULT,0.639,false,2611.0000,0.0000,1.56,1.0255,20.38,4,0
5a38196c-7d1d-4385-937c-2aaf9a5cedf9,Mosquitoes,LivingAgent,38.353826,8.667102,true,900,ADULT,0.654,false,2630.0000,0.0000,2.36,1.0579,20.90,5,0
031f3438-b483-4ed1-a556-9e4f38ac7223,Mosquitoes,LivingAgent,38.353971,8.649406,true,990,ADULT,0.688,true,2502.0000,6.0000,1.48,1.0728,20.55,7,0
4af20308-e8c7-4369-8ded-46040235b290,Mosquitoes,LivingAgent,38.325910,8.617459,true,1206,ADULT,0.522,true,2540.0000,0.0000,2.79,1.0292,19.88,8,0
533cb1eb-fc95-43a7-a332-613c157f1f65,Mosquitoes,LivingAgent,38.330922,8.635886,true,931,ADULT,0.613,false,2570.0000,0.0000,6.99,1.1198,19.14,3,0
99d00b15-1141-47df-82bf-659e1533a57f,Mosquitoes,LivingAgent,38.365811,8.674362,true,1059,ADULT,0.892,false,2576.0000,0.0000,1.28,1.1198,19.14,2,0
ae476687-e9f5-483a-bb8a-f379483dfe95,Mosquitoes,LivingAgent,38.312559,8.663595,true,1264,ADULT,0.970,true,2459.0000,0.0000,1.37,0.8084,19.00,8,0
584aa875-2415-45d6-8bce-2f0c185fe7d9,Mosquitoes,LivingAgent,38.340061,8.621914,true,1038,ADULT,0.864,false,2556.0000,43.0000,20.94,0.7901,17.45,2,0
9b60a49d-68c7-4677-a6aa-d7510a889ce7,Mosquitoes,LivingAgent,38.347047,8.595638,true,1047,ADULT,0.604,false,2554.0000,0.0000,4.92,0.7901,17.45,4,0
876ac4f5-4119-4583-8edd-80bf5cbb21b7,Mosquitoes,LivingAgent,38.334210,8.584349,true,1095,ADULT,0.679,true,2503.0000,0.0000,3.22,0.7901,17.45,9,0
cded41d0-c785-4191-99c6-4eb37d649b6a,Mosquitoes,LivingAgent,38.357662,8.601494,true,1199,ADULT,0.544,false,2269.0000,0.0000,2.97,0.7901,17.45,6,0
bee7218a-2603-4ea6-ad9c-2fdf3b82ff9f,Mosquitoes,LivingAgent,38.363884,8.605960,true,1068,ADULT,0.892,true,2154.0000,0.0000,2.30,0.7901,17.45,1,0
f6bec5d1-7768-4dbc-b625-3c5f08167f95,Mosquitoes,LivingAgent,38.346062,8.610531,true,1149,ADULT,0.633,false,2556.0000,0.0000,16.42,0.7901,17.45,6,0
a5669e6d-ba9a-43f3-bde1-48b9869ed69a,Mosquitoes,LivingAgent,38.338579,8.607825,true,841,ADULT,0.541,true,2618.0000,61.0000,12.45,0.7901,17.45,5,0
8ac888ec-73e3-4956-8afb-0f904bf81dca,Mosquitoes,LivingAgent,38.307837,8.632856,true,1194,ADULT,0.511,false,2548.0000,2.0000,2.28,0.8179,18.56,4,0
cedd1ce0-c758-454e-afc4-b1ff28d35dc5,Mosquitoes,LivingAgent,38.361493,8.654802,true,1252,ADULT,0.580,false,2474.0000,0.0000,1.33,1.1333,18.45,3,0
5a09f156-1b53-4d1e-98a1-c9d60c503582,Mosquitoes,LivingAgent,38.288360,8.579744,true,1322,ADULT,0.982,false,2509.0000,0.0000,2.44,1.0393,17.83,3,0
aebc0cd3-71f1-48ee-b214-446d5274d38c,Mosquitoes,LivingAgent,38.327292,8.595307,true,876,ADULT,0.774,false,2520.0000,6.0000,1.88,1.0393,17.83,6,0
7029e9b8-2759-4748-99c9-b88c918fe7d4,Mosquitoes,LivingAgent,38.289485,8.671137,true,1202,ADULT,0.906,false,2507.0000,1.0000,2.40,0.8232,18.27,4,0
4ab0877b-406b-4a69-8adc-650135954703,Mosquitoes,LivingAgent,38.354100,8.668811,true,1016,ADULT,0.985,false,2641.0000,0.0000,2.38,1.1333,18.45,6,0
14f36755-8286-48ff-8ff4-92d38459ab58,Mosquitoes,LivingAgent,38.312281,8.592084,true,1137,ADULT,0.581,false,2517.0000,0.0000,1.08,1.0393,17.83,4,0
369b9ea9-a948-4db4-8dd6-4fb1603bec61,Mosquitoes,LivingAgent,38.284102,8.655624,true,1254,ADULT,0.830,true,2574.0000,0.0000,2.90,0.8232,18.27,7,0
bd9b5a4d-bfc7-4685-93da-c73d3912ac8d,Mosquitoes,LivingAgent,38.350222,8.605216,true,1293,ADULT,0.772,false,2580.0000,0.0000,5.79,0.7905,16.89,7,0
e185450b-a0fb-4593-a005-14bd45adfe02,Mosquitoes,LivingAgent,38.355694,8.651460,true,1208,ADULT,0.636,false,2489.0000,4.0000,1.40,1.1335,18.17,2,0
a15ac435-1d07-4088-9a87-aaff9dc55155,Mosquitoes,LivingAgent,38.371314,8.657819,true,1225,ADULT,0.804,false,2563.0000,0.0000,1.23,1.1335,18.17,4,0
a5469411-2553-4a37-85a7-98f16106d0ff,Mosquitoes,LivingAgent,38.318604,8.585623,true,1325,ADULT,0.681,false,2524.0000,1.0000,1.17,1.0435,16.95,1,0
ed401b65-f56b-422e-829e-5c4717c8b7fb,Mosquitoes,LivingAgent,38.365900,8.668966,true,1181,ADULT,0.927,false,2530.0000,0.0000,1.16,1.1340,17.62,6,0
dac4da4a-4f8d-4efc-88e9-412ba5d4f92b,Mosquitoes,LivingAgent,38.332264,8.665139,true,962,ADULT,0.640,false,2535.0000,2.0000,4.46,1.1340,17.11,4,0
876db4d3-fe60-45bd-93cb-4ec71e8d1287,Mosquitoes,LivingAgent,38.379528,8.616701,true,1268,ADULT,0.654,false,2311.0000,0.0000,1.09,0.7910,15.84,3,0
d341e5a2-462d-48a8-b61d-ec6332c9502f,Mosquitoes,LivingAgent,38.336329,8.576190,true,905,ADULT,0.574,true,2482.0000,0.0000,5.78,0.7910,15.59,5,0
40e96255-cf64-4d0e-b467-2a199a99a547,Mosquitoes,LivingAgent,38.295340,8.579577,true,1181,ADULT,0.609,false,2521.0000,2.0000,1.91,1.0517,16.31,6,0
e51af9af-a9d4-4411-8769-2a7ee1d2606f,Mosquitoes,LivingAgent,38.376645,8.604988,true,961,ADULT,0.925,false,2104.0000,0.0000,1.24,0.7910,15.34,8,0
4b36e0b9-9816-46ab-befa-4b8667d5ba59,Mosquitoes,LivingAgent,38.337083,8.675449,true,1224,ADULT,0.817,true,2508.0000,0.0000,2.98,1.1340,16.60,2,0
c1124585-5796-4786-81b2-94f117f25f74,Mosquitoes,LivingAgent,38.292512,8.653483,true,1121,ADULT,0.543,false,2520.0000,8.0000,3.28,0.8442,16.38,4,0
d4d70733-b8ce-444a-96a0-3441be699751,Mosquitoes,LivingAgent,38.306870,8.579624,true,912,ADULT,0.526,false,2525.0000,0.0000,0.88,1.0545,16.10,3,0
cc7efc98-0299-487a-ac4d-7bee1902dd77,Mosquitoes,LivingAgent,38.314884,8.638028,true,1051,ADULT,0.845,false,2542.0000,12.0000,2.38,0.8446,16.05,4,0
3341b74e-0a67-411c-8917-1b7fae43a3d6,Mosquitoes,LivingAgent,38.350706,8.663649,true,1018,ADULT,0.672,true,2618.0000,0.0000,3.69,1.1343,16.39,5,0
ea1d652b-fc55-4fa2-acd7-503a110ea065,Mosquitoes,LivingAgent,38.334793,8.619401,true,946,ADULT,0.872,false,2536.0000,0.0000,8.27,0.7917,14.53,6,0
d08ebe2d-3067-46ee-96e9-27b088ff806a,Mosquitoes,LivingAgent,38.370497,8.661578,true,1080,ADULT,0.618,false,2515.0000,0.0000,1.12,1.1347,15.95,7,0
696c0ce3-f314-4480-b8d1-7c196152ef48,Mosquitoes,LivingAgent,38.295289,8.594582,true,973,ADULT,0.805,true,2529.0000,0.0000,1.40,1.0610,14.13,6,0
a8554271-296c-49cc-9200-b651551a4d2d,Mosquitoes,LivingAgent,38.322943,8.626945,true,1064,ADULT,0.675,false,2633.0000,0.0000,2.94,0.8462,14.91,6,0
3b7834f6-cc5c-416f-b813-c47adb50f318,Mosquitoes,LivingAgent,38.306710,8.576740,true,1138,ADULT,0.536,true,2516.0000,0.0000,0.87,1.0675,13.85,6,0
0c580e6d-eb7c-4788-83b6-687e52d2ac11,Mosquitoes,LivingAgent,38.314569,8.631509,true,1081,ADULT,0.575,false,2591.0000,1.0000,3.30,0.8466,14.49,6,0
af67a6de-a86c-46e8-94a5-b67b1e97350c,Mosquitoes,LivingAgent,38.338319,8.660290,true,1289,ADULT,0.707,false,2611.0000,0.0000,8.06,1.1350,15.01,8,0
775f61c0-845c-4cbf-b1df-a96d4568b27f,Mosquitoes,LivingAgent,38.299149,8.581948,true,1032,ADULT,0.843,false,2533.0000,5.0000,1.43,1.0794,13.36,6,0
7f86623d-0425-4114-b47d-eccea812afd9,Mosquitoes,LivingAgent,38.374789,8.658495,true,1349,ADULT,0.772,false,2594.0000,0.0000,1.04,1.1350,14.77,5,0
4d14a86c-f24f-4108-a456-66fbf690ffea,Mosquitoes,LivingAgent,38.308150,8.590731,true,1198,ADULT,0.842,false,2571.0000,4.0000,0.90,1.0902,12.96,6,0
2a8884b2-300e-4303-9e52-6531fde765b0,Mosquitoes,LivingAgent,38.328812,8.640195,true,1341,ADULT,0.648,true,2584.0000,0.0000,6.29,0.8466,13.44,3,0
f0827f1e-d43e-41d2-aad4-b968d58c5eb1,Mosquitoes,LivingAgent,38.353812,8.583897,true,958,ADULT,0.610,false,2336.0000,0.0000,3.91,0.7928,12.23,5,0
c41734f4-c4f9-4d3f-bd44-1adda7f03586,Mosquitoes,LivingAgent,38.314581,8.600988,true,1192,ADULT,0.775,false,2566.0000,1.0000,1.58,1.0998,12.62,3,0
61774fce-09f1-4e9d-a102-c72b036cc80a,Mosquitoes,LivingAgent,38.344841,8.605495,true,1051,ADULT,0.585,false,2593.0000,66.0000,13.04,0.7928,12.23,2,0
74ba8d29-ca8a-4279-a22a-807babf6c873,Mosquitoes,LivingAgent,38.370184,8.611326,true,907,ADULT,0.943,true,2100.0000,0.0000,1.70,0.7928,12.23,5,0
8b714abc-825b-4025-a6d4-d07228322bbc,Mosquitoes,LivingAgent,38.374997,8.599383,true,900,ADULT,0.723,true,1894.0000,1.0000,1.68,0.7928,12.23,2,0
2cc8cf14-fe39-47e7-8d64-f10f4c92c154,Mosquitoes,LivingAgent,38.356388,8.594460,true,890,ADULT,0.962,true,2267.0000,0.0000,2.22,0.7928,12.23,3,0
c7e55f91-d5f2-4ff0-929e-6a224c98b407,Mosquitoes,LivingAgent,38.366342,8.647172,true,854,ADULT,0.917,false,2528.0000,0.0000,1.35,1.1350,14.09,3,0
cddc5f54-60d0-4a8c-87f3-01da283854f6,Mosquitoes,LivingAgent,38.345650,8.643727,true,1157,ADULT,0.726,false,2546.0000,0.0000,4.17,1.1350,13.88,3,0
8ae52764-d3f7-4432-8f38-a83d01c73188,Mosquitoes,LivingAgent,38.362681,8.623846,true,871,ADULT,0.957,false,2195.0000,0.0000,2.14,0.7928,11.93,4,0
37b6c865-5d5b-4313-92a7-cb18d8ea9ce2,Mosquitoes,LivingAgent,38.372094,8.638302,true,1231,ADULT,0.570,false,2600.0000,0.0000,2.04,1.1350,13.47,4,0
32aa73c5-ff5f-45ee-bc87-e0f9f7d4a6c9,Mosquitoes,LivingAgent,38.301400,8.577157,true,933,ADULT,0.732,false,2530.0000,0.0000,1.30,1.1187,12.17,2,0
7fcef090-5542-4ad2-96cf-760538ec72ed,Mosquitoes,LivingAgent,38.341777,8.589202,true,1191,ADULT,0.938,false,2527.0000,24.0000,11.30,0.7929,11.71,3,0
f81b2df5-bd41-43e6-acfd-8583b0a43c49,Mosquitoes,LivingAgent,38.338219,8.631040,true,1283,ADULT,0.578,false,2584.0000,2.0000,18.95,1.1351,13.31,8,0
8d75be2c-6354-47c9-9435-05708e318c06,Mosquitoes,LivingAgent,38.281444,8.661586,true,906,ADULT,0.761,false,2666.0000,0.0000,2.30,0.8491,12.21,6,0
b59498c9-e39c-43b2-b3d0-4aa3f0bbd2a1,Mosquitoes,LivingAgent,38.334249,8.616015,true,891,ADULT,0.838,false,2533.0000,0.0000,6.49,0.7933,11.51,3,0
a04bc524-2177-48bd-9fb4-6a7d70219164,Mosquitoes,LivingAgent,38.373565,8.629158,true,1192,ADULT,0.502,true,2489.0000,0.0000,1.53,1.1356,12.70,6,0
7c856399-5bca-4b54-b305-8dee2b22941c,Mosquitoes,LivingAgent,38.353646,8.618193,true,1012,ADULT,0.885,false,2399.0000,0.0000,5.31,0.7937,11.46,3,0
5a14358a-1ec6-4e6c-8f74-4e90c04e55d6,Mosquitoes,LivingAgent,38.355913,8.597585,true,959,ADULT,0.538,false,2288.0000,0.0000,2.49,0.7939,11.43,7,0
8c9d22bf-5217-46c9-98bd-ef729ac7f700,Mosquitoes,LivingAgent,38.367990,8.636117,true,1125,ADULT,0.879,false,2531.0000,0.0000,1.70,0.8521,12.19,6,0
c52adab5-e0af-4833-89e8-45a63088c257,Mosquitoes,LivingAgent,38.368912,8.632800,true,1315,ADULT,0.940,true,2499.0000,0.0000,1.89,0.5681,12.13,4,0
c76063da-7687-428c-9298-eb5ec52ae65a,Mosquitoes,LivingAgent,38.301660,8.629385,true,1303,ADULT,0.924,true,2520.0000,0.0000,3.13,0.2128,12.16,4,0
004543be-4f1f-4efe-8802-f514d6d0f045,Mosquitoes,LivingAgent,38.354851,8.657144,true,1003,ADULT,0.705,true,2498.0000,0.0000,1.72,0.0000,12.00,7,0
f288d21c-6fc5-4f0d-a981-86a4013af8af,Mosquitoes,LivingAgent,38.354014,8.604500,true,1293,ADULT,0.802,false,2335.0000,11.0000,4.04,0.0000,11.58,7,0
a20f7aec-dd6f-4198-ba86-b119cd015568,Mosquitoes,LivingAgent,38.293273,8.605008,true,1238,ADULT,0.969,false,2545.0000,0.0000,2.23,0.0096,12.23,3,0
1b710417-1ea2-4103-b31e-f0926af98223,Mosquitoes,LivingAgent,38.299618,8.592346,true,1290,ADULT,0.942,false,2556.0000,1.0000,1.35,0.0096,12.23,5,0
f9d8395c-cdec-476c-a5e7-42ad11c95862,Mosquitoes,LivingAgent,38.331144,8.661545,true,1272,ADULT,0.968,false,2533.0000,0.0000,3.12,0.0000,12.10,9,0
9d08165c-86b7-41e6-9fc6-dc43b36e7736,Mosquitoes,LivingAgent,38.339185,8.674491,true,1261,ADULT,0.971,false,2550.0000,0.0000,3.21,0.0000,12.14,6,0
3851ba45-d40c-4b70-b691-f0a6df6d7d12,Mosquitoes,LivingAgent,38.376033,8.585515,true,1083,ADULT,0.650,true,1945.0000,3.0000,4.29,0.0000,11.63,4,0
e21f94b6-fbed-451e-9e85-167a1678abcd,Mosquitoes,LivingAgent,38.280286,8.672139,true,930,ADULT,0.615,false,2497.0000,0.0000,1.55,0.0003,12.65,3,0
33a5c900-70f5-490e-9401-ffb29f815739,Mosquitoes,LivingAgent,38.316840,8.609625,true,927,ADULT,0.694,false,2587.0000,0.0000,1.88,0.0190,12.43,3,0
dbac8f8f-8a78-4279-b71d-17fd9015303c,Mosquitoes,LivingAgent,38.281760,8.642972,true,1003,ADULT,0.897,true,2471.0000,26.0000,7.53,0.0005,12.69,4,0
cf046141-78bc-421f-a753-7965fc01f7a5,Mosquitoes,LivingAgent,38.300086,8.602556,true,951,ADULT,0.525,false,2560.0000,0.0000,1.60,0.0225,12.53,6,0
44399cc2-1aae-46f9-9a67-33e6bb4fb4c8,Mosquitoes,LivingAgent,38.353228,8.597222,true,1291,ADULT,0.809,false,2333.0000,0.0000,2.80,0.0032,11.81,3,0
93f3994b-5b39-4683-91c1-c0f62f1483a4,Mosquitoes,LivingAgent,38.327277,8.624216,true,883,ADULT,0.706,false,2563.0000,0.0000,2.91,0.0295,12.73,4,0
53e3c04b-a532-4b96-9bab-82c088f6e6f6,Mosquitoes,LivingAgent,38.326394,8.588249,true,1312,ADULT,0.997,false,2490.0000,0.0000,1.64,0.0331,12.83,7,0
440a9e34-38f8-401a-a167-f99667411f9a,Mosquitoes,LivingAgent,38.290168,8.631919,true,929,ADULT,0.526,false,2480.0000,0.0000,3.96,0.0082,13.18,3,0
2097be22-ebb1-4221-b160-3e0445b59cbb,Mosquitoes,LivingAgent,38.344353,8.673422,true,891,ADULT,0.642,true,2571.0000,0.0000,3.95,0.0071,13.19,5,0
6d93ce25-54c0-4d65-aac1-5026efcbeedb,Mosquitoes,LivingAgent,38.357881,8.665213,true,1053,ADULT,0.784,false,2579.0000,2.0000,1.85,0.0071,13.19,5,0
17e45da5-47c2-4f5e-a6ac-dbf5399a1d10,Mosquitoes,LivingAgent,38.290080,8.593327,true,1201,ADULT,0.654,true,2519.0000,0.0000,1.56,0.0363,13.17,5,0
71532dbf-f88e-4717-b8cb-cb23d2ba2760,Mosquitoes,LivingAgent,38.370976,8.617419,true,907,ADULT,0.595,false,2225.0000,0.0000,1.67,0.0073,12.40,5,0
0c3bf16e-6ebd-420c-b42a-833bcb7dd4f8,Mosquitoes,LivingAgent,38.312016,8.615094,true,1092,ADULT,0.605,false,2735.0000,0.0000,2.35,0.0363,13.17,4,0
77bc2eb6-f8bb-473c-9f12-0b74fdff4462,Mosquitoes,LivingAgent,38.297501,8.637115,true,1225,ADULT,0.524,false,2470.0000,0.0000,2.72,0.0108,13.95,5,0
3bffbae2-0415-4ee3-98fc-957a33769cde,Mosquitoes,LivingAgent,38.368573,8.654962,true,934,ADULT,0.791,true,2545.0000,0.0000,1.25,0.0080,13.72,5,0
3446a92a-d9d4-4a57-bbbc-16c480f021f6,Mosquitoes,LivingAgent,38.328079,8.599494,true,1308,ADULT,0.943,false,2525.0000,0.0000,2.87,0.0394,13.50,6,0
5d1899df-6951-4e33-a790-b852b98b5114,Mosquitoes,LivingAgent,38.339093,8.594404,true,1218,ADULT,0.749,false,2586.0000,5.0000,3.93,0.0083,12.81,11,0
33e692e5-4766-4cd7-8796-ab989af6796f,Mosquitoes,LivingAgent,38.340087,8.658672,true,1357,ADULT,0.747,true,2583.0000,0.0000,4.73,0.0090,14.24,6,0
023ca9fc-3c47-410b-8d2f-1cc8720fd0fb,Mosquitoes,LivingAgent,38.376435,8.641794,true,1021,ADULT,0.849,true,2669.0000,0.0000,2.35,0.0090,14.24,5,0
84d2a826-8380-4c5b-ac61-777fe91099d7,Mosquitoes,LivingAgent,38.368553,8.630204,true,951,ADULT,0.852,false,2494.0000,0.0000,1.96,0.0099,14.77,3,0
47c37b22-b983-4997-86d6-67c7256a29c1,Mosquitoes,LivingAgent,38.315068,8.576647,true,1123,ADULT,0.699,false,2494.0000,0.0000,0.92,0.0458,14.18,4,0
19dd1814-c6fb-4e39-bc7b-17747fd7ddd1,Mosquitoes,LivingAgent,38.322318,8.634504,true,920,ADULT,0.843,true,2640.0000,0.0000,3.74,0.0134,14.72,6,0
3d0c4819-c381-4093-b8c2-fbdc9754820a,Mosquitoes,LivingAgent,38.358933,8.650003,true,1136,ADULT,0.572,true,2475.0000,0.0000,1.33,0.0099,14.77,2,0
6d7925dc-d5c3-4f61-a583-4650074cda03,Mosquitoes,LivingAgent,38.285965,8.617417,true,1107,ADULT,0.831,false,2582.0000,0.0000,3.05,0.0458,14.18,7,0
3a114e0f-b117-4d53-b019-0aa34f05413b,Mosquitoes,LivingAgent,38.331458,8.623658,true,1071,ADULT,0.911,false,2537.0000,0.0000,6.74,0.0102,13.61,4,0
d802c0c0-75aa-4656-88fa-985901ec498b,Mosquitoes,LivingAgent,38.347953,8.660018,true,1191,ADULT,0.700,false,2555.0000,0.0000,8.05,0.0177,15.19,5,0
290b3062-5728-4956-97fa-9d587560b01b,Mosquitoes,LivingAgent,38.368397,8.628117,true,936,ADULT,0.571,false,2367.0000,3.0000,1.84,0.0254,15.61,4,0
0cd300d9-e4b0-41ab-8629-48798c917604,Mosquitoes,LivingAgent,38.287383,8.592986,true,1149,ADULT,0.881,false,2522.0000,0.0000,1.46,0.0677,14.97,5,0
80a675d6-bbf2-4e8c-b06e-9732309e7970,Mosquitoes,LivingAgent,38.371824,8.608442,true,1258,ADULT,0.519,true,2072.0000,0.0000,1.55,0.0293,14.88,5,0
1e46d953-d2de-4f50-85a1-05d4a8c88929,Mosquitoes,LivingAgent,38.370504,8.593553,true,1109,ADULT,0.809,false,2075.0000,0.0000,2.10,0.0357,15.31,2,0
b18b5346-adfc-4a72-99e8-d64d1cb07509,Mosquitoes,LivingAgent,38.363436,8.625015,true,1117,ADULT,0.521,true,2218.0000,0.0000,2.14,0.0357,15.31,6,0
50215491-7c65-43e7-95bc-c3ae31d2b06c,Mosquitoes,LivingAgent,38.379870,8.649660,true,1088,ADULT,0.789,false,2747.0000,0.0000,1.53,0.0449,16.91,2,0
cd8320aa-f6de-42ed-874c-65bcca39100a,Mosquitoes,LivingAgent,38.311842,8.585018,true,1225,ADULT,0.752,true,2518.0000,0.0000,0.89,0.1027,16.71,7,0
68f82270-0844-48c6-9bba-b0a74896b46f,Mosquitoes,LivingAgent,38.366585,8.597885,true,1322,ADULT,0.700,false,2121.0000,0.0000,2.03,0.0666,16.73,3,0
b2d80307-f66b-4ade-af14-a75f4de00a11,Mosquitoes,LivingAgent,38.318104,8.590584,true,1017,ADULT,0.793,false,2504.0000,0.0000,1.30,0.1158,17.66,5,0
0f3e464a-ff71-4229-8c07-fd6fe24ad7f1,Mosquitoes,LivingAgent,38.366149,8.622669,true,1107,ADULT,0.900,false,2241.0000,0.0000,2.03,0.0891,17.48,5,0
1fb78061-fa49-4b17-8194-70787efe5534,Mosquitoes,LivingAgent,38.376910,8.654596,true,1067,ADULT,0.819,true,2690.0000,0.0000,1.19,0.0613,18.58,5,0
6a8c7520-0f0c-415f-b592-e7fbde5eaf0d,Mosquitoes,LivingAgent,38.333586,8.658713,true,1271,ADULT,0.524,false,2570.0000,0.0000,5.06,0.0613,18.58,6,0
a268c127-31ac-4ae3-8e18-df779a7ea323,Mosquitoes,LivingAgent,38.304985,8.630445,true,1240,ADULT,0.665,false,2531.0000,0.0000,3.38,0.1092,18.74,2,0
2bf54200-3af2-49eb-997a-75c3b54bd1d0,Mosquitoes,LivingAgent,38.359776,8.583150,true,1240,ADULT,0.500,false,2293.0000,0.0000,2.91,0.1013,17.74,7,0
cb600c60-ac1f-4751-9a91-4d2adfa7ed19,Mosquitoes,LivingAgent,38.342740,8.582426,true,1085,ADULT,0.829,false,2511.0000,7.0000,14.69,0.1134,18.01,7,0
35b75b6c-0832-4cd7-b946-38eaa4b9cb00,Mosquitoes,LivingAgent,38.346530,8.625697,true,1158,ADULT,0.605,false,2537.0000,1.0000,11.56,0.1394,18.55,4,0
40c2b3a4-71df-4b6f-b551-f2b86c5911c2,Mosquitoes,LivingAgent,38.338601,8.655529,true,934,ADULT,0.957,false,2584.0000,0.0000,4.03,0.0823,19.72,7,0
4e14cfdc-1ff9-48ce-983b-3736b30e0df5,Mosquitoes,LivingAgent,38.370850,8.592515,true,1016,ADULT,0.754,false,2057.0000,0.0000,1.82,0.1671,19.09,6,0
f5233d26-b612-4ca6-a9d9-80231ebdee7d,Mosquitoes,LivingAgent,38.375906,8.597655,true,901,ADULT,0.794,false,1888.0000,0.0000,1.72,0.1809,19.36,5,0
d703f8d7-6d4d-4c8c-a5a6-95cd8193915e,Mosquitoes,LivingAgent,38.287320,8.660013,true,1222,ADULT,0.711,true,2678.0000,0.0000,2.54,0.2472,20.41,5,0
6f6d717a-3c4e-4c32-9cd4-f9ebd1595ed2,Mosquitoes,LivingAgent,38.287861,8.672038,true,1077,ADULT,0.806,false,2501.0000,0.0000,2.44,0.2587,20.55,6,0
856ce84b-8e51-41fb-b7df-5d8604ceae2b,Mosquitoes,LivingAgent,38.337786,8.675084,true,1107,ADULT,0.936,false,2526.0000,0.0000,3.14,0.1456,21.01,4,0
0323c67c-5db1-4b19-89cc-6006415748d7,Mosquitoes,LivingAgent,38.296129,8.622516,true,1163,ADULT,0.846,false,2591.0000,1.0000,3.43,0.3451,20.47,5,0
c6343de3-dd38-4156-949f-fbe282b654e3,Mosquitoes,LivingAgent,38.319891,8.614147,true,1221,ADULT,0.730,false,2641.0000,1.0000,2.05,0.3849,20.57,8,0
e19099e3-d428-45fb-917d-72af4a44021d,Mosquitoes,LivingAgent,38.372713,8.636372,true,1015,ADULT,0.556,false,2583.0000,0.0000,2.03,0.2004,21.27,6,0
9e2674b3-e463-4560-8f3a-026178d91dc2,Mosquitoes,LivingAgent,38.285462,8.640950,true,1235,ADULT,0.863,false,2447.0000,0.0000,4.81,0.3725,21.21,7,0
1545ddbd-8869-463a-9e56-9661f003f720,Mosquitoes,LivingAgent,38.370407,8.616767,true,1236,ADULT,0.905,false,2218.0000,0.0000,1.81,0.9027,19.96,7,0
cfc87dfa-c020-4067-92cc-3b27f4186525,Mosquitoes,LivingAgent,38.355265,8.660006,true,1342,ADULT,0.961,false,2535.0000,0.0000,2.23,0.9022,21.04,6,0
cdeabce2-b9a0-4f10-84b4-786c177aaf08,Mosquitoes,LivingAgent,38.346422,8.578720,true,1129,ADULT,0.805,false,2545.0000,0.0000,14.76,1.6594,19.38,2,0
34484539-caa5-4a40-8782-7bdb970b9ba8,Mosquitoes,LivingAgent,38.285407,8.675059,true,977,ADULT,0.802,true,2488.0000,0.0000,2.42,1.8692,20.16,2,0
12af85f1-e40c-44cf-a0bf-d990670aa417,Mosquitoes,LivingAgent,38.303122,8.636497,true,1185,ADULT,0.667,true,2499.0000,1.0000,2.75,1.8692,20.16,3,0
1fe34cac-354c-42f7-bcbb-e5d010db2f6a,Mosquitoes,LivingAgent,38.337004,8.594126,true,1201,ADULT,0.782,false,2557.0000,0.0000,3.19,2.4867,19.00,5,0
3bd3d6e9-16be-40a1-be51-50c72575519e,Mosquitoes,LivingAgent,38.324930,8.577463,true,953,ADULT,0.679,false,2472.0000,0.0000,1.83,2.9814,19.39,3,0
80617a6d-f72c-42e5-b143-fd4e3c830053,Mosquitoes,LivingAgent,38.315116,8.627777,true,1007,ADULT,0.675,true,2651.0000,0.0000,3.46,2.3321,20.07,4,0
bb932cf3-9726-490c-be83-e78fabfbb151,Mosquitoes,LivingAgent,38.301918,8.654338,true,1402,ADULT,0.787,true,2461.0000,0.0000,2.91,2.5635,20.02,6,0
2ab75c93-ec1a-4184-a1a3-38ad1b337ab3,Mosquitoes,LivingAgent,38.311004,8.644811,true,1133,ADULT,0.864,true,2483.0000,0.0000,1.89,2.7950,19.97,9,0
662a01e0-20ef-4ecf-ab38-47e0797f68c7,Mosquitoes,LivingAgent,38.374018,8.665833,true,1066,ADULT,0.696,false,2566.0000,0.0000,1.03,3.1340,19.98,6,0
e144c893-1f5a-4e55-82d3-a83d2db1d1d6,Mosquitoes,LivingAgent,38.362662,8.655860,true,1160,ADULT,0.611,true,2475.0000,0.0000,1.26,3.4133,19.88,2,0
5ba5bb8a-601b-4978-acaf-6d159486b718,Mosquitoes,LivingAgent,38.362694,8.604004,true,940,ADULT,0.682,false,2218.0000,0.0000,2.23,4.0908,18.83,6,0
fb8193cc-42f8-46dc-89a2-817df1a4bb86,Mosquitoes,LivingAgent,38.344889,8.581127,true,919,ADULT,0.599,false,2539.0000,0.0000,12.78,4.1766,18.87,10,0
e7e035d1-3da1-4509-9e85-4bac00721fe8,Mosquitoes,LivingAgent,38.298052,8.626521,true,1368,ADULT,0.667,false,2543.0000,0.0000,3.46,3.6062,18.87,8,0
cf414009-e7a8-48f1-b5de-095d78b13d69,Mosquitoes,LivingAgent,38.338133,8.635135,true,1036,ADULT,0.944,false,2607.0000,3.0000,14.15,4.5841,18.63,3,0
3760b917-40ba-4a8d-bca3-44a9b024b524,Mosquitoes,LivingAgent,38.353808,8.627875,true,1311,ADULT,0.764,false,2440.0000,0.0000,5.67,4.7882,18.28,3,0
2c1d80d3-2c4a-4c46-99e3-2f36a6cfd3d7,Mosquitoes,LivingAgent,38.331694,8.662344,true,1344,ADULT,0.680,false,2535.0000,0.0000,3.28,4.7882,18.28,6,0
924599f7-83b7-47aa-bb23-7fbcd6170333,Mosquitoes,LivingAgent,38.370290,8.675417,true,951,ADULT,0.958,false,2489.0000,0.0000,1.16,5.2014,17.92,7,0
a9336240-b596-4092-8862-d1037d5e94d3,Mosquitoes,LivingAgent,38.297511,8.627073,true,1265,ADULT,0.750,true,2527.0000,0.0000,3.47,3.9973,18.19,6,0
ed7b985d-12c6-4c39-9947-f462cd2e91bb,Mosquitoes,LivingAgent,38.350949,8.662571,true,1151,ADULT,0.924,false,2596.0000,0.0000,3.48,5.6146,17.56,4,0
c9f73601-9d51-4f75-8b50-13017482ffaf,Mosquitoes,LivingAgent,38.309553,8.648913,true,1326,ADULT,0.677,false,2459.0000,0.0000,1.67,4.2983,17.84,4,0
d56e7468-b100-4677-a03a-089517c2c954,Mosquitoes,LivingAgent,38.364979,8.585458,true,925,ADULT,0.717,false,2195.0000,0.0000,2.20,5.0690,16.62,2,0
153beed5-83cb-4c20-9025-8bfe23796f4b,Mosquitoes,LivingAgent,38.325275,8.579030,true,935,ADULT,0.765,false,2476.0000,0.0000,1.66,5.7204,17.46,4,0
ef234b87-444f-4f7f-a0f2-40193b14a1a0,Mosquitoes,LivingAgent,38.334602,8.622720,true,1196,ADULT,0.520,false,2553.0000,0.0000,8.91,5.0690,16.62,7,0
fe1dea9c-98dc-4d4e-b2b8-bbd710debb12,Mosquitoes,LivingAgent,38.294608,8.642205,true,1102,ADULT,0.582,false,2451.0000,0.0000,2.95,4.9003,17.13,2,0
37c35c11-6842-4695-aaeb-48e34586fa9d,Mosquitoes,LivingAgent,38.283024,8.592909,true,1074,ADULT,0.918,true,2548.0000,0.0000,1.68,6.6665,16.66,6,0
4520f613-e879-415b-90f9-09de1f2ab02d,Mosquitoes,LivingAgent,38.319856,8.590089,true,1376,ADULT,0.903,false,2501.0000,0.0000,1.35,7.8954,16.17,3,0
d4dfe3b5-676c-487a-ad17-6fed8552e894,Mosquitoes,LivingAgent,38.330911,8.672260,true,1069,ADULT,0.642,false,2491.0000,0.0000,3.58,7.4694,16.35,4,0
4eba8f91-d920-4102-a873-ec57971fb8ce,Mosquitoes,LivingAgent,38.312800,8.588165,true,1429,ADULT,0.883,false,2517.0000,0.0000,0.97,8.5099,15.92,5,0
98b43511-1960-4917-87a8-12f10d0dd750,Mosquitoes,LivingAgent,38.281761,8.6189